mot1,mot2,relation
photo,famille r_depict,r_depict
peinture,paysage r_depict,r_depict
gravure,monument r_depict,r_depict
fresque,bataille r_depict,r_depict
mosaique,dieu r_depict,r_depict
affiche,film r_depict,r_depict
aquarelle,fleur r_depict,r_depict
croquis,modele r_depict,r_depict
esquisse,composition r_depict,r_depict
tableau,nature morte r_depict,r_depict
icone,saint r_depict,r_depict
statuette,divinite r_depict,r_depict
bas relief,scene r_depict,r_depict
haut relief,heros r_depict,r_depict
masque,personnage r_depict,r_depict
vitrail,prophete r_depict,r_depict
tapisserie,legende r_depict,r_depict
broderie,symbole r_depict,r_depict
ceramique,motif r_depict,r_depict
poterie,forme r_depict,r_depict
porcelaine,decor r_depict,r_depict
email,couleur r_depict,r_depict
joaillerie,gemme r_depict,r_depict
horlogerie,mecanisme r_depict,r_depict
marqueterie,motif r_depict,r_depict
ebenisterie,meuble r_depict,r_depict
dinanderie,piece r_depict,r_depict
glyptique,pierre r_depict,r_depict
numismatique,monnaie r_depict,r_depict
sigillographie,sceau r_depict,r_depict
philatelie,timbre r_depict,r_depict
cartophilie,carte r_depict,r_depict
automobilisme,voiture r_depict,r_depict
maquette,batiment r_depict,r_depict
modele,machine r_depict,r_depict
schema,circuit r_depict,r_depict
plan,structure r_depict,r_depict
carte,territoire r_depict,r_depict
globe,monde r_depict,r_depict
atlas,continent r_depict,r_depict
mappemonde,terre r_depict,r_depict
cadastre,propriete r_depict,r_depict
blueprint,construction r_depict,r_depict
diagramme,processus r_depict,r_depict
graphique,donnee r_depict,r_depict
camee,profil r_depict,r_depict
intaille,figure r_depict,r_depict
medaillon,portrait r_depict,r_depict
plaque,commemoration r_depict,r_depict
stele,memoire r_depict,r_depict
monument,victoire r_depict,r_depict
memorial,tragedie r_depict,r_depict
cinema,fiction r_depict,r_depict
theatre,drame r_depict,r_depict
opera,passion r_depict,r_depict
ballet,mouvement r_depict,r_depict
cirque,performance r_depict,r_depict
marionnette,personnage r_depict,r_depict
ombres chinoises,silhouette r_depict,r_depict
animation,personnage r_depict,r_depict
comics,super heros r_depict,r_depict
roman graphique,realite r_depict,r_depict
storyboard,scene r_depict,r_depict
partition,musique r_depict,r_depict
orchestration,symphonie r_depict,r_depict
arrangement,melodie r_depict,r_depict
improvisation,theme r_depict,r_depict
choregraphie,danse r_depict,r_depict
mise en scene,piece r_depict,r_depict
regie,spectacle r_depict,r_depict
costume,personnage r_depict,r_depict
maquillage,role r_depict,r_depict
accessoire,scene r_depict,r_depict
video,performance r_depict,r_depict
enregistrement,concert r_depict,r_depict
captation,spectacle r_depict,r_depict
retransmission,match r_depict,r_depict
photographie,nature r_depict,r_depict
portrait,reine r_depict,r_depict
dessin,ville r_depict,r_depict
peinture,mer r_depict,r_depict
sculpture,deesse r_depict,r_depict
gravure,cathedrale r_depict,r_depict
fresque,creation r_depict,r_depict
mosaique,mythologie r_depict,r_depict
affiche,piece r_depict,r_depict
aquarelle,campagne r_depict,r_depict
croquis,mode r_depict,r_depict
tableau,realite r_depict,r_depict
icone,vierge r_depict,r_depict
bas relief,bataille r_depict,r_depict
haut relief,legende r_depict,r_depict
buste,philosophe r_depict,r_depict
masque,comedie r_depict,r_depict
vitrail,passion r_depict,r_depict
tapisserie,l histoire r_depict,r_depict
broderie,tradition r_depict,r_depict
ceramique,culture r_depict,r_depict
poterie,civilisation r_depict,r_depict
porcelaine,dynastie r_depict,r_depict
email,technique r_depict,r_depict
joaillerie,couronne r_depict,r_depict
orfevrerie,richesse r_depict,r_depict
horlogerie,precision r_depict,r_depict
marqueterie,l artisanat r_depict,r_depict
ebenisterie,maitrise r_depict,r_depict
ferronnerie,forge r_depict,r_depict
dinanderie,l atelier r_depict,r_depict
glyptique,matiere r_depict,r_depict
numismatique,l empire r_depict,r_depict
sigillographie,l autorite r_depict,r_depict
philatelie,nation r_depict,r_depict
cartophilie,geographie r_depict,r_depict
aerophilie,l aviation r_depict,r_depict
automobilisme,vitesse r_depict,r_depict
maquette,l architecture r_depict,r_depict
modele,l ingenierie r_depict,r_depict
prototype,l innovation r_depict,r_depict
schema,technologie r_depict,r_depict
plan,construction r_depict,r_depict
carte,region r_depict,r_depict
globe,planete r_depict,r_depict
atlas,connaissance r_depict,r_depict
mappemonde,l exploration r_depict,r_depict
blueprint,conception r_depict,r_depict
diagramme,methode r_depict,r_depict
graphique,l information r_depict,r_depict
camee,beaute r_depict,r_depict
intaille,finesse r_depict,r_depict
medaillon,memoire r_depict,r_depict
plaque,l hommage r_depict,r_depict
stele,l histoire r_depict,r_depict
monument,gloire r_depict,r_depict
memorial,souffrance r_depict,r_depict
cinema,societe r_depict,r_depict
theatre,condition r_depict,r_depict
opera,dramaturgie r_depict,r_depict
ballet,grace r_depict,r_depict
pantomime,l expression r_depict,r_depict
cirque,virtuosite r_depict,r_depict
marionnette,l imaginaire r_depict,r_depict
ombres chinoises,poesie r_depict,r_depict
hologramme,science r_depict,r_depict
animation,fantaisie r_depict,r_depict
bande dessinee,l humour r_depict,r_depict
manga,culture r_depict,r_depict
comics,justice r_depict,r_depict
roman graphique,verite r_depict,r_depict
storyboard,narration r_depict,r_depict
scenario,psychologie r_depict,r_depict
partition,l emotion r_depict,r_depict
orchestration,complexite r_depict,r_depict
arrangement,l harmonie r_depict,r_depict
improvisation,liberte r_depict,r_depict
choregraphie,discipline r_depict,r_depict
mise en scene,l interpretation r_depict,r_depict
regie,coordination r_depict,r_depict
costume,l epoque r_depict,r_depict
maquillage,transformation r_depict,r_depict
decor,l univers r_depict,r_depict
accessoire,l action r_depict,r_depict
eclairage,l atmosphere r_depict,r_depict
sonorisation,l immersion r_depict,r_depict
video,representation r_depict,r_depict
enregistrement,l interpretation r_depict,r_depict
captation,magie r_depict,r_depict
diffusion,l instant r_depict,r_depict
retransmission,l exploit r_depict,r_depict
photo,paysage r_depict,r_depict
portrait,homme r_depict,r_depict
dessin,visage r_depict,r_depict
peinture,coucher de soleil r_depict,r_depict
sculpture,corps r_depict,r_depict
gravure,edifice r_depict,r_depict
fresque,episode r_depict,r_depict
mosaique,mythe r_depict,r_depict
affiche,spectacle r_depict,r_depict
aquarelle,jardin r_depict,r_depict
croquis,mouvement r_depict,r_depict
esquisse,concept r_depict,r_depict
tableau,moment r_depict,r_depict
icone,martyr r_depict,r_depict
statuette,animal r_depict,r_depict
bas relief,evenement r_depict,r_depict
haut relief,exploit r_depict,r_depict
masque,dieu r_depict,r_depict
vitrail,saint r_depict,r_depict
tapisserie,recit r_depict,r_depict
broderie,motif r_depict,r_depict
ceramique,style r_depict,r_depict
poterie,usage r_depict,r_depict
porcelaine,art r_depict,r_depict
email,decor r_depict,r_depict
joaillerie,tresor r_depict,r_depict
orfevrerie,rite r_depict,r_depict
marqueterie,dessin r_depict,r_depict
ebenisterie,savoir faire r_depict,r_depict
ferronnerie,element r_depict,r_depict
dinanderie,objet r_depict,r_depict
glyptique,symbole r_depict,r_depict
numismatique,regne r_depict,r_depict
sigillographie,document r_depict,r_depict
philatelie,pays r_depict,r_depict
cartophilie,territoire r_depict,r_depict
aerophilie,appareil r_depict,r_depict
automobilisme,modele r_depict,r_depict
maquette,projet r_depict,r_depict
modele,systeme r_depict,r_depict
prototype,concept r_depict,r_depict
schema,fonctionnement r_depict,r_depict
plan,agencement r_depict,r_depict
carte,espace r_depict,r_depict
globe,corps celeste r_depict,r_depict
atlas,savoir r_depict,r_depict
mappemonde,vision r_depict,r_depict
cadastre,bien r_depict,r_depict
blueprint,invention r_depict,r_depict
graphique,evolution r_depict,r_depict
camee,visage r_depict,r_depict
intaille,scene r_depict,r_depict
medaillon,etre cher r_depict,r_depict
plaque,hommage r_depict,r_depict
stele,souvenir r_depict,r_depict
monument,heros r_depict,r_depict
cinema,auteur r_depict,r_depict
theatre,dramaturge r_depict,r_depict
opera,compositeur r_depict,r_depict
ballet,choregraphe r_depict,r_depict
pantomime,sentiment r_depict,r_depict
cirque,numero r_depict,r_depict
marionnette,conte r_depict,r_depict
ombres chinoises,fable r_depict,r_depict
hologramme,image r_depict,r_depict
animation,film r_depict,r_depict
bande dessinee,heros r_depict,r_depict
manga,univers r_depict,r_depict
comics,justicier r_depict,r_depict
roman graphique,temoignage r_depict,r_depict
storyboard,sequence r_depict,r_depict
scenario,idee r_depict,r_depict
partition,sentiment r_depict,r_depict
orchestration,œuvre r_depict,r_depict
arrangement,chanson r_depict,r_depict
choregraphie,emotion r_depict,r_depict
mise en scene,vision r_depict,r_depict
decor,lieu r_depict,r_depict
eclairage,espace r_depict,r_depict
sonorisation,evenement r_depict,r_depict
video,concert r_depict,r_depict
enregistrement,album r_depict,r_depict
captation,moment r_depict,r_depict
diffusion,programme r_depict,r_depict
retransmission,combat r_depict,r_depict
photo,femme r_depict,r_depict
portrait,artiste r_depict,r_depict
dessin,main r_depict,r_depict
peinture,foret r_depict,r_depict
gravure,ville r_depict,r_depict
fresque,histoire r_depict,r_depict
mosaique,legende r_depict,r_depict
affiche,exposition r_depict,r_depict
aquarelle,rose r_depict,r_depict
croquis,pose r_depict,r_depict
tableau,scene r_depict,r_depict
icone,sainte r_depict,r_depict
bas relief,procession r_depict,r_depict
haut relief,victoire r_depict,r_depict
buste,imperatrice r_depict,r_depict
masque,tragedie r_depict,r_depict
vitrail,histoire r_depict,r_depict
tapisserie,epopee r_depict,r_depict
broderie,fleur r_depict,r_depict
poterie,tradition r_depict,r_depict
porcelaine,epoque r_depict,r_depict
joaillerie,pierre r_depict,r_depict
orfevrerie,technique r_depict,r_depict
marqueterie,essence r_depict,r_depict
ebenisterie,creation r_depict,r_depict
ferronnerie,ornementation r_depict,r_depict
numismatique,periode r_depict,r_depict
sigillographie,institution r_depict,r_depict
philatelie,commemoration r_depict,r_depict
cartophilie,region r_depict,r_depict
aerophilie,epoque r_depict,r_depict
automobilisme,marque r_depict,r_depict
maquette,construction r_depict,r_depict
modele,invention r_depict,r_depict
prototype,technologie r_depict,r_depict
schema,installation r_depict,r_depict
plan,architecture r_depict,r_depict
carte,exploration r_depict,r_depict
atlas,civilisation r_depict,r_depict
mappemonde,epoque r_depict,r_depict
graphique,analyse r_depict,r_depict
medaillon,personne r_depict,r_depict
plaque,memoire r_depict,r_depict
stele,epoque r_depict,r_depict
monument,bataille r_depict,r_depict
memorial,guerre r_depict,r_depict
cinema,epoque r_depict,r_depict
theatre,societe r_depict,r_depict
ballet,histoire r_depict,r_depict
pantomime,emotion r_depict,r_depict
marionnette,fable r_depict,r_depict
ombres chinoises,legende r_depict,r_depict
hologramme,realite r_depict,r_depict
bande dessinee,aventure r_depict,r_depict
comics,societe r_depict,r_depict
roman graphique,vie r_depict,r_depict
storyboard,action r_depict,r_depict
scenario,relation r_depict,r_depict
partition,melodie r_depict,r_depict
arrangement,composition r_depict,r_depict
improvisation,idee r_depict,r_depict
choregraphie,histoire r_depict,r_depict
regie,production r_depict,r_depict
costume,epoque r_depict,r_depict
decor,atmosphere r_depict,r_depict
accessoire,epoque r_depict,r_depict
eclairage,scene r_depict,r_depict
sonorisation,espace r_depict,r_depict
enregistrement,œuvre r_depict,r_depict
diffusion,evenement r_depict,r_depict
retransmission,ceremonie r_depict,r_depict
photo,president r_depict,r_depict
portrait,roi r_depict,r_depict
peinture,ciel r_depict,r_depict
sculpture,dieu r_depict,r_depict
gravure,chateau r_depict,r_depict
fresque,jugement r_depict,r_depict
mosaique,paradis r_depict,r_depict
affiche,festival r_depict,r_depict
aquarelle,printemps r_depict,r_depict
esquisse,projet r_depict,r_depict
tableau,maitre r_depict,r_depict
icone,christ r_depict,r_depict
statuette,bouddha r_depict,r_depict
bas relief,combat r_depict,r_depict
haut relief,triomphe r_depict,r_depict
masque,theatre r_depict,r_depict
tapisserie,moyen age r_depict,r_depict
ceramique,artisan r_depict,r_depict
poterie,village r_depict,r_depict
porcelaine,palais r_depict,r_depict
email,bijou r_depict,r_depict
orfevrerie,culte r_depict,r_depict
horlogerie,temps r_depict,r_depict
marqueterie,bois r_depict,r_depict
ferronnerie,balcon r_depict,r_depict
dinanderie,metal r_depict,r_depict
glyptique,cristal r_depict,r_depict
numismatique,empire r_depict,r_depict
sigillographie,pouvoir r_depict,r_depict
aerophilie,avion r_depict,r_depict
automobilisme,bolide r_depict,r_depict
modele,moteur r_depict,r_depict
prototype,vehicule r_depict,r_depict
plan,edifice r_depict,r_depict
carte,monde r_depict,r_depict
globe,terre r_depict,r_depict
mappemonde,globe r_depict,r_depict
cadastre,terrain r_depict,r_depict
blueprint,batiment r_depict,r_depict
graphique,resultat r_depict,r_depict
intaille,sujet r_depict,r_depict
plaque,souvenir r_depict,r_depict
stele,heros r_depict,r_depict
memorial,sacrifice r_depict,r_depict
cinema,realisateur r_depict,r_depict
pantomime,mime r_depict,r_depict
cirque,artiste r_depict,r_depict
ombres chinoises,conte r_depict,r_depict
hologramme,objet r_depict,r_depict
animation,dessin r_depict,r_depict
bande dessinee,auteur r_depict,r_depict
manga,createur r_depict,r_depict
comics,heros r_depict,r_depict
roman graphique,temoin r_depict,r_depict
storyboard,film r_depict,r_depict
scenario,histoire r_depict,r_depict
arrangement,morceau r_depict,r_depict
costume,acteur r_depict,r_depict
maquillage,comedien r_depict,r_depict
decor,scene r_depict,r_depict
accessoire,theatre r_depict,r_depict
eclairage,plateau r_depict,r_depict
sonorisation,salle r_depict,r_depict
enregistrement,performance r_depict,r_depict
captation,evenement r_depict,r_depict
lithographie,rue r_depict,r_depict
serigraphie,motif r_depict,r_depict
montage,photo r_depict,r_depict
land art,nature r_depict,r_depict
body art,corps r_depict,r_depict
graffiti,mur r_depict,r_depict
tag,nom r_depict,r_depict
pochoir,message r_depict,r_depict
calligraphie,texte r_depict,r_depict
enluminure,manuscrit r_depict,r_depict
lettrine,paragraphe r_depict,r_depict
typographie,caractere r_depict,r_depict
affichage,message r_depict,r_depict
panneau,signalisation r_depict,r_depict
enseigne,commerce r_depict,r_depict
logo,marque r_depict,r_depict
icone,fonction r_depict,r_depict
sticker,personnage r_depict,r_depict
autocollant,decoration r_depict,r_depict
tatouage,symbole r_depict,r_depict
piercing,bijou r_depict,r_depict
maquillage,carnaval r_depict,r_depict
deguisement,personnage r_depict,r_depict
cosplay,heros r_depict,r_depict
marionnette,spectacle r_depict,r_depict
guignol,theatre r_depict,r_depict
pantin,fiction r_depict,r_depict
poupee,collection r_depict,r_depict
figurine,personnage r_depict,r_depict
playmobil,scene r_depict,r_depict
lego,construction r_depict,r_depict
casse tete,forme r_depict,r_depict
origami,papier r_depict,r_depict
kirigami,decoupe r_depict,r_depict
pop up,livre r_depict,r_depict
diorama,scene r_depict,r_depict
miniature,monde r_depict,r_depict
maquette,vehicule r_depict,r_depict
modele reduit,batiment r_depict,r_depict
circuit,train r_depict,r_depict
piste,course r_depict,r_depict
circuit imprime,composant r_depict,r_depict
carte electronique,systeme r_depict,r_depict
processeur,calcul r_depict,r_depict
memoire,donnee r_depict,r_depict
disque,stockage r_depict,r_depict
projection,film r_depict,r_depict
retroprojection,document r_depict,r_depict
mapping video,facade r_depict,r_depict
photogrammetrie,volume r_depict,r_depict
scan d,forme r_depict,r_depict
impression d,modele r_depict,r_depict
render,scene r_depict,r_depict
texture,surface r_depict,r_depict
materiau,rendu r_depict,r_depict
lumiere,ambiance r_depict,r_depict
ombre,forme r_depict,r_depict
reflet,surface r_depict,r_depict
lentille,vision r_depict,r_depict
prisme,couleur r_depict,r_depict
cristal,lumiere r_depict,r_depict
kaleidoscope,motif r_depict,r_depict
stroboscope,mouvement r_depict,r_depict
laser,point r_depict,r_depict
fibre optique,signal r_depict,r_depict
reconnaissance,geste r_depict,r_depict
capture,mouvement r_depict,r_depict
animation d,personnage r_depict,r_depict
sculpture digitale,forme r_depict,r_depict
peinture numerique,couleur r_depict,r_depict
dessin vectoriel,ligne r_depict,r_depict
image bitmap,pixel r_depict,r_depict
photographie argentique,sujet r_depict,r_depict
photo numerique,moment r_depict,r_depict
selfie,personne r_depict,r_depict
panorama,paysage r_depict,r_depict
macro,detail r_depict,r_depict
time lapse,changement r_depict,r_depict
hyperlapse,deplacement r_depict,r_depict
drone,vue aerienne r_depict,r_depict
satellite,terre r_depict,r_depict
microscopie,cellule r_depict,r_depict
telescope,galaxie r_depict,r_depict
radar,mouvement r_depict,r_depict
sonar,fond marin r_depict,r_depict
infrarouge,chaleur r_depict,r_depict
ultraviolet,fluorescence r_depict,r_depict
rayon x,structure r_depict,r_depict
irm,tissu r_depict,r_depict
echographie,fœtus r_depict,r_depict
thermographie,temperature r_depict,r_depict
spectrometrie,matiere r_depict,r_depict
chromatographie,compose r_depict,r_depict
electrophorese,proteine r_depict,r_depict
cristallographie,molecule r_depict,r_depict
diffraction,rayonnement r_depict,r_depict
polarisation,lumiere r_depict,r_depict
refraction,rayon r_depict,r_depict
reflexion,surface r_depict,r_depict
absorption,couleur r_depict,r_depict
emission,particule r_depict,r_depict
fluorescence,matiere r_depict,r_depict
phosphorescence,substance r_depict,r_depict
cheminee,fee de phenomene r_depict,r_depict
aurore,ciel r_depict,r_depict
arc en ciel,lumiere r_depict,r_depict
mirage,desert r_depict,r_depict
fata morgana,cote r_depict,r_depict
halo,lune r_depict,r_depict
parhelie,soleil r_depict,r_depict
glorie,nuage r_depict,r_depict
spectre,brocken d ombre r_depict,r_depict
rayon vert,coucher r_depict,r_depict
eclair,orage r_depict,r_depict
foudre,ciel r_depict,r_depict
tonnerre,nuage r_depict,r_depict
tornade,vortex r_depict,r_depict
ouragan,spirale r_depict,r_depict
tsunami,vague r_depict,r_depict
seisme,faille r_depict,r_depict
volcan,lave r_depict,r_depict
geyser,eau r_depict,r_depict
cascade,chute r_depict,r_depict
riviere,cours r_depict,r_depict
fleuve,delta r_depict,r_depict
ocean,houle r_depict,r_depict
mer,vague r_depict,r_depict
lac,surface r_depict,r_depict
etang,vie r_depict,r_depict
glacier,glace r_depict,r_depict
iceberg,masse r_depict,r_depict
dune,sable r_depict,r_depict
desert,aridite r_depict,r_depict
foret,arbre r_depict,r_depict
jungle,vegetation r_depict,r_depict
savane,herbe r_depict,r_depict
prairie,fleur r_depict,r_depict
toundra,mousse r_depict,r_depict
taiga,conifere r_depict,r_depict
montagne,pic r_depict,r_depict
colline,pente r_depict,r_depict
vallee,riviere r_depict,r_depict
plateau,altitude r_depict,r_depict
canyon,gorge r_depict,r_depict
grotte,cristal r_depict,r_depict
caverne,stalactite r_depict,r_depict
aven,profondeur r_depict,r_depict
reseau,galerie r_depict,r_depict
cite,civilisation r_depict,r_depict
ville,batiment r_depict,r_depict
village,maison r_depict,r_depict
hameau,ferme r_depict,r_depict
metropole,gratte ciel r_depict,r_depict
megapole,population r_depict,r_depict
banlieue,pavillon r_depict,r_depict
centre ville,commerce r_depict,r_depict
quartier,rue r_depict,r_depict
place,fontaine r_depict,r_depict
rue,magasin r_depict,r_depict
avenue,arbre r_depict,r_depict
boulevard,circulation r_depict,r_depict
rond point,sculpture r_depict,r_depict
pont,riviere r_depict,r_depict
tunnel,montagne r_depict,r_depict
viaduc,vallee r_depict,r_depict
autoroute,vehicule r_depict,r_depict
gare,train r_depict,r_depict
aeroport,avion r_depict,r_depict
port,bateau r_depict,r_depict
gare maritime,ferry r_depict,r_depict
station,metro r_depict,r_depict
arret,bus r_depict,r_depict
parking,voiture r_depict,r_depict
piste cyclable,velo r_depict,r_depict
trottoir,pieton r_depict,r_depict
passage pieton,traversee r_depict,r_depict
feu tricolore,signal r_depict,r_depict
panneau,direction r_depict,r_depict
balise,parcours r_depict,r_depict
bornes,distance r_depict,r_depict
horloge,heure r_depict,r_depict
calendrier,date r_depict,r_depict
montre,temps r_depict,r_depict
minuterie,compte a rebours r_depict,r_depict
chronometre,duree r_depict,r_depict
sablier,ecoulement r_depict,r_depict
cadran,mesure r_depict,r_depict
compteur,vitesse r_depict,r_depict
odometre,distance r_depict,r_depict
tachymetre,rotation r_depict,r_depict
manometre,pression r_depict,r_depict
thermometre,temperature r_depict,r_depict
barometre,pression r_depict,r_depict
anemometre,vent r_depict,r_depict
girouette,direction r_depict,r_depict
pluviometre,precipitation r_depict,r_depict
phenometre,luminosite r_depict,r_depict
sismographe,tremblement r_depict,r_depict
maregraphe,maree r_depict,r_depict
limnimetre,niveau r_depict,r_depict
debitmetre,flux r_depict,r_depict
spectrometre,longueur d onde r_depict,r_depict
interferometre,frange r_depict,r_depict
polarimetre,polarisation r_depict,r_depict
colorimetre,couleur r_depict,r_depict
densimetre,densite r_depict,r_depict
viscosimetre,viscosite r_depict,r_depict
conductimetre,conductivite r_depict,r_depict
potentiometre,tension r_depict,r_depict
galvanometre,courant r_depict,r_depict
oscilloscope,signal r_depict,r_depict
multimetre,mesure r_depict,r_depict
frequencemetre,frequence r_depict,r_depict
generateur,fonction r_depict,r_depict
alimentation,tension r_depict,r_depict
transformateur,voltage r_depict,r_depict
redresseur,courant r_depict,r_depict
onduleur,forme d onde r_depict,r_depict
amplificateur,signal r_depict,r_depict
filtre,frequence r_depict,r_depict
modulateur,modulation r_depict,r_depict
demodulateur,demodulation r_depict,r_depict
codeur,information r_depict,r_depict
decodeur,donnee r_depict,r_depict
compresseur,dynamique r_depict,r_depict
expander,gamme r_depict,r_depict
limiteur,niveau r_depict,r_depict
gate,bruit r_depict,r_depict
egaliseur,reponse r_depict,r_depict
reverbe,espace r_depict,r_depict
delay,echo r_depict,r_depict
chorus,epaisseur r_depict,r_depict
flanger,effet r_depict,r_depict
phaser,phase r_depict,r_depict
wah wah,frequence r_depict,r_depict
distorsion,saturation r_depict,r_depict
overdrive,gain r_depict,r_depict
fuzz,texture r_depict,r_depict
tremolo,amplitude r_depict,r_depict
vibrato,hauteur r_depict,r_depict
pitch shift,tonalite r_depict,r_depict
autotune,justesse r_depict,r_depict
vocoder,voix r_depict,r_depict
synthetiseur,son r_depict,r_depict
sampler,echantillon r_depict,r_depict
sequenceur,pattern r_depict,r_depict
boite a rythmes,rythme r_depict,r_depict
controleur midi,commande r_depict,r_depict
interface audio,conversion r_depict,r_depict
console,mixage de balance r_depict,r_depict
microphone,son r_depict,r_depict
haut parleur,audio r_depict,r_depict
casque,ecoute r_depict,r_depict
enceinte,reproduction r_depict,r_depict
ampli,puissance r_depict,r_depict
preampli,niveau r_depict,r_depict
processeur,effet r_depict,r_depict
station,travail de production r_depict,r_depict
magnetophone,bande r_depict,r_depict
platine vinyle,disque r_depict,r_depict
lecteur cd,piste r_depict,r_depict
tuner,radio r_depict,r_depict
television,programme r_depict,r_depict
projecteur,film r_depict,r_depict
retroprojecteur,transparent r_depict,r_depict
ecran plasma,pixel r_depict,r_depict
ecran lcd,cristal r_depict,r_depict
ecran oled,diode r_depict,r_depict
ecran courbe,immersion r_depict,r_depict
ecran tactile,interaction r_depict,r_depict
tablette graphique,dessin r_depict,r_depict
stylet,pression r_depict,r_depict
souris,pointage r_depict,r_depict
clavier,frappe r_depict,r_depict
manette,jeu r_depict,r_depict
volant,conduite r_depict,r_depict
joystick,direction r_depict,r_depict
pedale,commande r_depict,r_depict
wiimote,mouvement r_depict,r_depict
kinect,geste r_depict,r_depict
casque vr,realite r_depict,r_depict
gant haptique,sensation r_depict,r_depict
combinaison,capture r_depict,r_depict
plateforme,force r_depict,r_depict
tapis,course r_depict,r_depict
rameur,mouvement r_depict,r_depict
stepper,montee r_depict,r_depict
elliptique,cardio r_depict,r_depict
pompe,musculation r_depict,r_depict
haltere,poids r_depict,r_depict
barre,charge r_depict,r_depict
kettlebell,swing r_depict,r_depict
medicine ball,lancer r_depict,r_depict
ballon,gym r_depict,r_depict
corde a sauter,rythme r_depict,r_depict
elastique,resistance r_depict,r_depict
roue abdominale,gainage r_depict,r_depict
step,montee r_depict,r_depict
tapis,yoga r_depict,r_depict
ballon pilate,equilibre r_depict,r_depict
cerceau,hula r_depict,r_depict
frisbee,lancer r_depict,r_depict
ballon,sport r_depict,r_depict
raquette,frappe r_depict,r_depict
crosse,hockey r_depict,r_depict
baton,golf r_depict,r_depict
club,swing r_depict,r_depict
gant,baseball r_depict,r_depict
epee,combat r_depict,r_depict
arc,tir r_depict,r_depict
fleche,cible r_depict,r_depict
carquois,projectile r_depict,r_depict
cible,points r_depict,r_depict
filet,volley r_depict,r_depict
panier,basket r_depict,r_depict
cage,foot r_depict,r_depict
but,hockey r_depict,r_depict
poteau,rugby r_depict,r_depict
poteau,touchdown r_depict,r_depict
plot,course r_depict,r_depict
perche,saut r_depict,r_depict
barre,hauteur r_depict,r_depict
fosse,saut r_depict,r_depict
stade,spectacle r_depict,r_depict
arene,combat r_depict,r_depict
ring,boxe r_depict,r_depict
octogone,mma r_depict,r_depict
tatami,judo r_depict,r_depict
salle,sport r_depict,r_depict
gymnase,exercice r_depict,r_depict
piscine,nage r_depict,r_depict
bassin,longueur r_depict,r_depict
plongeoir,saut r_depict,r_depict
toboggan,glisse r_depict,r_depict
jacuzzi,bulle r_depict,r_depict
sauna,chaleur r_depict,r_depict
hammam,vapeur r_depict,r_depict
puits,profondeur r_depict,r_depict
reservoir,liquide r_depict,r_depict
citernes,stockage r_depict,r_depict
bouteille,contenant r_depict,r_depict
verre,boisson r_depict,r_depict
tasse,cafe r_depict,r_depict
mug,the r_depict,r_depict
bol,soupe r_depict,r_depict
assiette,plat r_depict,r_depict
couverts,manger r_depict,r_depict
fourchette,piquer r_depict,r_depict
couteau,couper r_depict,r_depict
cuillere,servir r_depict,r_depict
baguettes,saisir r_depict,r_depict
plateau,repas r_depict,r_depict
plaque,cuisson r_depict,r_depict
casserole,mijoter r_depict,r_depict
poele,frire r_depict,r_depict
cocotte,braiser r_depict,r_depict
marmite,bouillir r_depict,r_depict
autocuiseur,pression r_depict,r_depict
four,cuire r_depict,r_depict
micro ondes,chauffer r_depict,r_depict
grille pain,griller r_depict,r_depict
bouilloire,chauffer r_depict,r_depict
cafetiere,infuser r_depict,r_depict
theiere,verser r_depict,r_depict
mixeur,melanger r_depict,r_depict
robot,petrir r_depict,r_depict
batteur,fouetter r_depict,r_depict
hachoir,hacher r_depict,r_depict
rape,raper r_depict,r_depict
presse puree,ecraser r_depict,r_depict
ouvre boite,ouvrir r_depict,r_depict
cork screw,deboucher r_depict,r_depict
econome,eplucher r_depict,r_depict
mandoline,trancher r_depict,r_depict
balance,peser r_depict,r_depict
thermometre,cuisson r_depict,r_depict
minuterie,cuisine r_depict,r_depict
torchon,essuyer r_depict,r_depict
lavette,laver r_depict,r_depict
eponge,nettoyer r_depict,r_depict
brosse,frotter r_depict,r_depict
balai,balayer r_depict,r_depict
serpillere,laver r_depict,r_depict
aspirateur,aspirer r_depict,r_depict
seau,eau r_depict,r_depict
arrosoir,arroser r_depict,r_depict
pulverisateur,vaporiser r_depict,r_depict
rateau,ratisser r_depict,r_depict
beche,creuser r_depict,r_depict
pelle,deplacer r_depict,r_depict
pioche,casser r_depict,r_depict
marteau,enfoncer r_depict,r_depict
tournevis,visser r_depict,r_depict
cle,serrer r_depict,r_depict
pince,saisir r_depict,r_depict
tenaille,arracher r_depict,r_depict
ciseaux,couper r_depict,r_depict
cutter,trancher r_depict,r_depict
scie,scier r_depict,r_depict
perceuse,percer r_depict,r_depict
visseuse,visser r_depict,r_depict
ponceuse,poncer r_depict,r_depict
meuleuse,meuler r_depict,r_depict
niveau,verifier r_depict,r_depict
metre,mesurer r_depict,r_depict
equerre,angle r_depict,r_depict
regle,longueur r_depict,r_depict
compas,cercle r_depict,r_depict
rapporteur,degre r_depict,r_depict
pistolet a colle,coller r_depict,r_depict
agrafeuse,agrafer r_depict,r_depict
perforateur,trou r_depict,r_depict
trombone,attacher r_depict,r_depict
agrafe,fixation r_depict,r_depict
punaises,affichage r_depict,r_depict
aimant,attraction r_depict,r_depict
ruban adhesif,sceller r_depict,r_depict
ficelle,lier r_depict,r_depict
corde,attacher r_depict,r_depict
chaine,liaison r_depict,r_depict
cadenas,verrouiller r_depict,r_depict
serrure,securite r_depict,r_depict
cle,ouvrir r_depict,r_depict
verrou,fermer r_depict,r_depict
loquet,maintenir r_depict,r_depict
cremone,fenetre r_depict,r_depict
poignee,porte r_depict,r_depict
sonnette,signal r_depict,r_depict
interphone,communication r_depict,r_depict
digicode,code r_depict,r_depict
camera,surveillance r_depict,r_depict
alarme,intrusion r_depict,r_depict
detecteur,mouvement r_depict,r_depict
capteur,presence r_depict,r_depict
barriere,securite r_depict,r_depict
tourniquet,controle r_depict,r_depict
portique,detection r_depict,r_depict
scanner,bagage r_depict,r_depict
portique,securite r_depict,r_depict
mirador,surveillance r_depict,r_depict
grille,protection r_depict,r_depict
barreaux,fenetre r_depict,r_depict
volet,fermeture r_depict,r_depict
store,occultation r_depict,r_depict
rideau,separation r_depict,r_depict
tapis,bienvenue r_depict,r_depict
paravent,intimite r_depict,r_depict
cloison,separation r_depict,r_depict
mur,soutien r_depict,r_depict
plafond,limite r_depict,r_depict
plancher,surface r_depict,r_depict
sol,support r_depict,r_depict
carrelage,revetement r_depict,r_depict
parquet,bois r_depict,r_depict
moquette,confort r_depict,r_depict
linoleum,praticite r_depict,r_depict
papier peint,decoration r_depict,r_depict
peinture,couleur r_depict,r_depict
enduit,finition r_depict,r_depict
crepis,texture r_depict,r_depict
lambris,habillage r_depict,r_depict
faience,salle de bain r_depict,r_depict
miroir,reflet r_depict,r_depict
glace,surface r_depict,r_depict
vitre,transparence r_depict,r_depict
fenetre,vue r_depict,r_depict
baie vitree,lumiere r_depict,r_depict
veranda,espace r_depict,r_depict
balcon,exterieur r_depict,r_depict
terrasse,detente r_depict,r_depict
jardin,nature r_depict,r_depict
potager,legume r_depict,r_depict
verger,fruit r_depict,r_depict
roseraie,rose r_depict,r_depict
jardin japonais,zen r_depict,r_depict
jardin a la francaise,symetrie r_depict,r_depict
jardin anglais,naturel r_depict,r_depict
rocailles,pierre r_depict,r_depict
massif,fleur r_depict,r_depict
pelouse,herbe r_depict,r_depict
gazon,verdure r_depict,r_depict
haie,separation r_depict,r_depict
treille,vigne r_depict,r_depict
tonnelle,ombrage r_depict,r_depict
pergola,structure r_depict,r_depict
kiosque,repos r_depict,r_depict
pavillon,jardin r_depict,r_depict
cabane,outil r_depict,r_depict
abri,jardin r_depict,r_depict
serre,culture r_depict,r_depict
chassis,protection r_depict,r_depict
cloche,forcage r_depict,r_depict
tuteur,soutien r_depict,r_depict
armature,plante r_depict,r_depict
plantoir,mise en terre r_depict,r_depict
transplantoir,repiquage r_depict,r_depict
griffe,sarclage r_depict,r_depict
binette,desherbage r_depict,r_depict
sarcloir,nettoyage r_depict,r_depict
faux,coupe r_depict,r_depict
faucille,moisson r_depict,r_depict
secateur,taille r_depict,r_depict
ebrancheur,branche r_depict,r_depict
echelle,hauteur r_depict,r_depict
escabeau,accessibilite r_depict,r_depict
echafaudage,travail r_depict,r_depict
nacelle,elevation r_depict,r_depict
grue,levage r_depict,r_depict
chariot,manutention r_depict,r_depict
diable,transport r_depict,r_depict
chariot elevateur,palette r_depict,r_depict
transpalette,deplacement r_depict,r_depict
diables,marchandise r_depict,r_depict
remorque,chargement r_depict,r_depict
camion,livraison r_depict,r_depict
fourgon,transport r_depict,r_depict
utilitaire,profession r_depict,r_depict
pick up,charge r_depict,r_depict
benne,materiau r_depict,r_depict
camion citerne,liquide r_depict,r_depict
camion benne,dechet r_depict,r_depict
camion grue,levage r_depict,r_depict
camion pompier,incendie r_depict,r_depict
ambulance,urgence r_depict,r_depict
vehicule,police r_depict,r_depict
voiture,patrouille r_depict,r_depict
moto,rapidite r_depict,r_depict
scooter,mobilite r_depict,r_depict
velo,deplacement r_depict,r_depict
trottinette,jeu r_depict,r_depict
skateboard,glisse r_depict,r_depict
roller,roulette r_depict,r_depict
patins a glace,glissement r_depict,r_depict
skis,neige r_depict,r_depict
snowboard,poudreuse r_depict,r_depict
luge,descente r_depict,r_depict
traineau,neige r_depict,r_depict
char a voile,vent r_depict,r_depict
kart,piste r_depict,r_depict
go kart,course r_depict,r_depict
quad,tout terrain r_depict,r_depict
buggy,sable r_depict,r_depict
tank,combat r_depict,r_depict
blinde,protection r_depict,r_depict
jeep,militaire r_depict,r_depict
humvee,mission r_depict,r_depict
camion militaire,logistique r_depict,r_depict
avion,chasse de combat r_depict,r_depict
helicoptere,manoeuvre r_depict,r_depict
drones,reconnaissance r_depict,r_depict
sous marin,profondeur r_depict,r_depict
bateau,surface r_depict,r_depict
navire,mer r_depict,r_depict
paquebot,croisiere r_depict,r_depict
ferry,traversee r_depict,r_depict
voilier,vent r_depict,r_depict
catamaran,stabilite r_depict,r_depict
trimaran,vitesse r_depict,r_depict
kayak,riviere r_depict,r_depict
canoe,pagayage r_depict,r_depict
raft,rapide r_depict,r_depict
planche a voile,vague r_depict,r_depict
kitesurf,vent r_depict,r_depict
wakeboard,sillage r_depict,r_depict
jet ski,vitesse r_depict,r_depict
scooter,mers de balade r_depict,r_depict
yacht,luxe r_depict,r_depict
bateau mouche,tourisme r_depict,r_depict
peniche,canal r_depict,r_depict
chaland,fret r_depict,r_depict
remorqueur,poussage r_depict,r_depict
barge,transport r_depict,r_depict
petrolier,petrole r_depict,r_depict
porte conteneurs,marchandise r_depict,r_depict
brise glace,banquise r_depict,r_depict
bateau,peche de poisson r_depict,r_depict
chalutier,filet r_depict,r_depict
caseyeur,casier r_depict,r_depict
palangrier,ligne r_depict,r_depict
senneur,seine r_depict,r_depict
thonnier,thon r_depict,r_depict
morutier,morue r_depict,r_depict
bateau,sauvetage de secours r_depict,r_depict
canot,sauvetage de urgence r_depict,r_depict
vedette,surveillance r_depict,r_depict
patrouilleur,garde r_depict,r_depict
corvette,escort r_depict,r_depict
fregate,protection r_depict,r_depict
destroyer,defense r_depict,r_depict
croiseur,attaque r_depict,r_depict
porte avions,aviation r_depict,r_depict
sous marin nucleaire,dissuasion r_depict,r_depict
bateau,recherche de science r_depict,r_depict
navire oceanographique,etude r_depict,r_depict
brise lames,protection r_depict,r_depict
phare,guidage r_depict,r_depict
amer,navigation r_depict,r_depict
balise,chenal r_depict,r_depict
bouee,marquage r_depict,r_depict
corps mort,mouillage r_depict,r_depict
ancre,stabilite r_depict,r_depict
gouvernail,direction r_depict,r_depict
helice,propulsion r_depict,r_depict
voile,vent r_depict,r_depict
mat,support r_depict,r_depict
greement,cordage r_depict,r_depict
cordage,tension r_depict,r_depict
winch,traction r_depict,r_depict
treuil,levage r_depict,r_depict
poulie,renvoi r_depict,r_depict
manille,connexion r_depict,r_depict
bollard,quai r_depict,r_depict
anneau,attache r_depict,r_depict
chaine,retenue r_depict,r_depict
aussiere,amarrage r_depict,r_depict
film,vie r_depict,r_depict
roman,l amour r_depict,r_depict
chanson,tristesse r_depict,r_depict
poeme,nature r_depict,r_depict
symphonie,l emotion r_depict,r_depict
peinture,lumiere r_depict,r_depict
sculpture,forme r_depict,r_depict
photo,bonheur r_depict,r_depict
dessin,l enfance r_depict,r_depict
gravure,passe r_depict,r_depict
fresque,l histoire r_depict,r_depict
mosaique,culture r_depict,r_depict
tapisserie,tradition r_depict,r_depict
broderie,patience r_depict,r_depict
ceramique,l artisanat r_depict,r_depict
porcelaine,delicatesse r_depict,r_depict
joaillerie,perfection r_depict,r_depict
orfevrerie,savoir faire r_depict,r_depict
marqueterie,patience r_depict,r_depict
ebenisterie,travail r_depict,r_depict
ferronnerie,force r_depict,r_depict
numismatique,l histoire r_depict,r_depict
philatelie,collectionneur r_depict,r_depict
maquette,realite r_depict,r_depict
modele,l ingenieur r_depict,r_depict
plan,l architecte r_depict,r_depict
graphique,l analyse r_depict,r_depict
medaillon,souvenir r_depict,r_depict
cinema,reve r_depict,r_depict
theatre,vie r_depict,r_depict
opera,l ame r_depict,r_depict
ballet,l elegance r_depict,r_depict
pantomime,silence r_depict,r_depict
cirque,magie r_depict,r_depict
degat,tempete r_has_causatif,r_has_causitif
brulure,soleil r_has_causatif,r_has_causitif
cicatrice,coupure r_has_causatif,r_has_causitif
inondation,pluie r_has_causatif,r_has_causitif
panne,surtension r_has_causatif,r_has_causitif
tache,graisse r_has_causatif,r_has_causitif
carie,sucre r_has_causatif,r_has_causitif
rouille,condensation r_has_causatif,r_has_causitif
fumee,combustion r_has_causatif,r_has_causitif
intoxication,champignon r_has_causatif,r_has_causitif
fievre,grippe r_has_causatif,r_has_causitif
ecorchure,chute r_has_causatif,r_has_causitif
fissure,gel r_has_causatif,r_has_causitif
retard,greve r_has_causatif,r_has_causitif
casse,surcharge r_has_causatif,r_has_causitif
usure,frottement r_has_causatif,r_has_causitif
odeur,brule r_has_causatif,r_has_causitif
crampe,deshydratation r_has_causatif,r_has_causitif
allergie,pollen r_has_causatif,r_has_causitif
panne,court circuit r_has_causatif,r_has_causitif
erosion,vent r_has_causatif,r_has_causitif
glissement,pluie r_has_causatif,r_has_causitif
vertige,fatigue r_has_causatif,r_has_causitif
nausee,mal de mer r_has_causatif,r_has_causitif
migraine,stress r_has_causatif,r_has_causitif
insomnie,cafeine r_has_causatif,r_has_causitif
irritation,savon r_has_causatif,r_has_causitif
deformation,chaleur r_has_causatif,r_has_causitif
corrosion,sel r_has_causatif,r_has_causitif
vibration,moteur r_has_causatif,r_has_causitif
blessure,choc r_has_causatif,r_has_causitif
fracture,collision r_has_causatif,r_has_causitif
decoloration,soleil r_has_causatif,r_has_causitif
contamination,bacterie r_has_causatif,r_has_causitif
infection,virus r_has_causatif,r_has_causitif
asphyxie,fumee r_has_causatif,r_has_causitif
empoisonnement,plomb r_has_causatif,r_has_causitif
inflammation,frottement r_has_causatif,r_has_causitif
obstruction,calcaire r_has_causatif,r_has_causitif
rupture,pression r_has_causatif,r_has_causitif
eclatement,gel r_has_causatif,r_has_causitif
dechirure,traction r_has_causatif,r_has_causitif
bosselure,grele r_has_causatif,r_has_causitif
rayure,sable r_has_causatif,r_has_causitif
ternissement,humidite r_has_causatif,r_has_causitif
jaunissement,nicotine r_has_causatif,r_has_causitif
noircissement,fumee r_has_causatif,r_has_causitif
gonflement,chaleur r_has_causatif,r_has_causitif
retrecissement,lavage r_has_causatif,r_has_causitif
durcissement,calcaire r_has_causatif,r_has_causitif
ramollissement,humidite r_has_causatif,r_has_causitif
pourriture,eau r_has_causatif,r_has_causitif
moisissure,condensation r_has_causatif,r_has_causitif
oxydation,air r_has_causatif,r_has_causitif
cristallisation,gel r_has_causatif,r_has_causitif
coagulation,chaleur r_has_causatif,r_has_causitif
fermentation,levure r_has_causatif,r_has_causitif
putrefaction,bacterie r_has_causatif,r_has_causitif
carbonisation,feu r_has_causatif,r_has_causitif
calcination,flamme r_has_causatif,r_has_causitif
vitrification,chaleur r_has_causatif,r_has_causitif
desagregation,gel r_has_causatif,r_has_causitif
effritement,secheresse r_has_causatif,r_has_causitif
delitement,pluie r_has_causatif,r_has_causitif
affaissement,secheresse r_has_causatif,r_has_causitif
eboulement,pluie r_has_causatif,r_has_causitif
effondrement,termite r_has_causatif,r_has_causitif
ecroulement,seisme r_has_causatif,r_has_causitif
engelure,froid r_has_causatif,r_has_causitif
gercure,froid r_has_causatif,r_has_causitif
crevasse,secheresse r_has_causatif,r_has_causitif
cloque,brulure r_has_causatif,r_has_causitif
ampoule,frottement r_has_causatif,r_has_causitif
hematome,coup r_has_causatif,r_has_causitif
contusion,choc r_has_causatif,r_has_causitif
luxation,torsion r_has_causatif,r_has_causitif
entorse,mouvement r_has_causatif,r_has_causitif
dechirement,effort r_has_causatif,r_has_causitif
elongation,etirement r_has_causatif,r_has_causitif
courbature,effort r_has_causatif,r_has_causitif
ankylose,immobilite r_has_causatif,r_has_causitif
atrophie,inactivite r_has_causatif,r_has_causitif
hypertrophie,sollicitation r_has_causatif,r_has_causitif
degenerescence,vieillissement r_has_causatif,r_has_causitif
necrose,gangrene r_has_causatif,r_has_causitif
ulceration,acide r_has_causatif,r_has_causitif
perforation,corrosion r_has_causatif,r_has_causitif
hemorragie,rupture r_has_causatif,r_has_causitif
thrombose,stase r_has_causatif,r_has_causitif
embolie,caillot r_has_causatif,r_has_causitif
œdeme,retention r_has_causatif,r_has_causitif
congestion,inflammation r_has_causatif,r_has_causitif
obstruction,thrombus r_has_causatif,r_has_causitif
stenose,calcification r_has_causatif,r_has_causitif
dilatation,pression r_has_causatif,r_has_causitif
anevrisme,hypertension r_has_causatif,r_has_causitif
prolapsus,relachement r_has_causatif,r_has_causitif
hernie,effort r_has_causatif,r_has_causitif
eventration,dechirure r_has_causatif,r_has_causitif
dehiscence,infection r_has_causatif,r_has_causitif
suppuration,bacterie r_has_causatif,r_has_causitif
colmatage,filtre de poussiere r_has_causatif,r_has_causitif
intoxication,pesticide de verger r_has_causatif,r_has_causitif
irritation,peau de detergent r_has_causatif,r_has_causitif
fissure,metal de fatigue r_has_causatif,r_has_causitif
rupture,canalisation de gel r_has_causatif,r_has_causitif
corrosion,tuyau de acide r_has_causatif,r_has_causitif
obstruction,artere de cholesterol r_has_causatif,r_has_causitif
inflammation,gorge de virus r_has_causatif,r_has_causitif
usure,pneu de freinage r_has_causatif,r_has_causitif
deformation,rail de chaleur r_has_causatif,r_has_causitif
panne,moteur de surchauffe r_has_causatif,r_has_causitif
blocage,serrure de rouille r_has_causatif,r_has_causitif
eclatement,conduite de pression r_has_causatif,r_has_causitif
casse,courroie de tension r_has_causatif,r_has_causitif
fuite,joint de usure r_has_causatif,r_has_causitif
decollement,peinture de humidite r_has_causatif,r_has_causitif
jaunissement,papier de lumiere r_has_causatif,r_has_causitif
noircissement,mur de fumee r_has_causatif,r_has_causitif
effritement,pierre de gel r_has_causatif,r_has_causitif
pourrissement,bois de eau r_has_causatif,r_has_causitif
oxydation,fer de oxygene r_has_causatif,r_has_causitif
contamination,eau de nitrate r_has_causatif,r_has_causitif
infection,plaie de bacterie r_has_causatif,r_has_causitif
necrose,tissu de gangrene r_has_causatif,r_has_causitif
calcification,valve de calcium r_has_causatif,r_has_causitif
thrombose,veine de stase r_has_causatif,r_has_causitif
embolie,poumon de caillot r_has_causatif,r_has_causitif
perforation,estomac de ulcere r_has_causatif,r_has_causitif
hemorragie,cerveau de anevrisme r_has_causatif,r_has_causitif
paralysie,membre de compression r_has_causatif,r_has_causitif
atrophie,muscle de immobilisation r_has_causatif,r_has_causitif
degenerescence,cartilage de arthrose r_has_causatif,r_has_causitif
destruction,foret de incendie r_has_causatif,r_has_causitif
erosion,sol de ruissellement r_has_causatif,r_has_causitif
affaissement,terrain de secheresse r_has_causatif,r_has_causitif
glissement,talus de pluie r_has_causatif,r_has_causitif
eboulement,falaise de tempete r_has_causatif,r_has_causitif
effondrement,toit de neige r_has_causatif,r_has_causitif
explosion,chaudiere de surpression r_has_causatif,r_has_causitif
implosion,reservoir de vide r_has_causatif,r_has_causitif
rupture,barrage de crue r_has_causatif,r_has_causitif
deversement,petrole de rupture r_has_causatif,r_has_causitif
contamination,sol de hydrocarbure r_has_causatif,r_has_causitif
pollution,riviere de pesticide r_has_causatif,r_has_causitif
intoxication,betail de plomb r_has_causatif,r_has_causitif
empoisonnement,chat de antigel r_has_causatif,r_has_causitif
asphyxie,poisson de algue r_has_causatif,r_has_causitif
mort,abeille de insecticide r_has_causatif,r_has_causitif
deperissement,arbre de pollution r_has_causatif,r_has_causitif
brunissement,feuille de secheresse r_has_causatif,r_has_causitif
fletrissement,fleur de chaleur r_has_causatif,r_has_causitif
dessechement,plante de vent r_has_causatif,r_has_causitif
brulure,gazon de engrais r_has_causatif,r_has_causitif
jaunissement,pelouse de chlorose r_has_causatif,r_has_causitif
tache,fruit de champignon r_has_causatif,r_has_causitif
pourriture,tomate de mildiou r_has_causatif,r_has_causitif
fendillement,cerise de pluie r_has_causatif,r_has_causitif
eclatement,raisin de grele r_has_causatif,r_has_causitif
decoloration,textile de soleil r_has_causatif,r_has_causitif
retrecissement,laine de lavage r_has_causatif,r_has_causitif
deformation,plastique de chaleur r_has_causatif,r_has_causitif
craquelure,cuir de secheresse r_has_causatif,r_has_causitif
ternissement,argent de soufre r_has_causatif,r_has_causitif
piqure,bronze de chlorure r_has_causatif,r_has_causitif
alteration,tableau de lumiere r_has_causatif,r_has_causitif
degradation,papyrus de acidite r_has_causatif,r_has_causitif
delitage,schiste de gel r_has_causatif,r_has_causitif
desagregation,granite de erosion r_has_causatif,r_has_causitif
pulverisation,calcaire de acide r_has_causatif,r_has_causitif
dissolution,sel de eau r_has_causatif,r_has_causitif
liquefaction,sol de seisme r_has_causatif,r_has_causitif
vitrification,sable de foudre r_has_causatif,r_has_causitif
fusion,cable de court circuit r_has_causatif,r_has_causitif
carbonisation,pain de chaleur r_has_causatif,r_has_causitif
caramelisation,sucre de temperature r_has_causatif,r_has_causitif
coagulation,lait de acide r_has_causatif,r_has_causitif
caillage,sang de enzyme r_has_causatif,r_has_causitif
durcissement,artere de cholesterol r_has_causatif,r_has_causitif
ramollissement,os de carence r_has_causatif,r_has_causitif
fragilisation,ongle de manque r_has_causatif,r_has_causitif
cassure,cheveu de decoloration r_has_causatif,r_has_causitif
chute,poil de stress r_has_causatif,r_has_causitif
perte,dent de carie r_has_causatif,r_has_causitif
dechaussement,gencive de tartre r_has_causatif,r_has_causitif
saignement,nez de secheresse r_has_causatif,r_has_causitif
irritation,œil de poussiere r_has_causatif,r_has_causitif
rougeur,peau de allergie r_has_causatif,r_has_causitif
gonflement,cheville de entorse r_has_causatif,r_has_causitif
boursouflure,peinture de humidite r_has_causatif,r_has_causitif
cloquage,enduit de infiltration r_has_causatif,r_has_causitif
soulevement,parquet de eau r_has_causatif,r_has_causitif
gondolement,porte de humidite r_has_causatif,r_has_causitif
gauchissement,planche de sechage r_has_causatif,r_has_causitif
vrillage,poutre de tension r_has_causatif,r_has_causitif
flambement,colonne de charge r_has_causatif,r_has_causitif
cisaillement,rivet de vibration r_has_causatif,r_has_causitif
brulure,cigarette r_has_causatif,r_has_causitif
carie,consommation r_has_causatif,r_has_causitif
intoxication,nourriture r_has_causatif,r_has_causitif
fissure,chaleur r_has_causatif,r_has_causitif
retard,panne r_has_causatif,r_has_causitif
usure,friction r_has_causatif,r_has_causitif
odeur,moisissure r_has_causatif,r_has_causitif
allergie,poussiere r_has_causatif,r_has_causitif
panne,batterie r_has_causatif,r_has_causitif
cendre,combustion r_has_causatif,r_has_causitif
erosion,vague r_has_causatif,r_has_causitif
mousse,biere r_has_causatif,r_has_causitif
suie,cheminee r_has_causatif,r_has_causitif
eclat,vitre r_has_causatif,r_has_causitif
tremblement,peur r_has_causatif,r_has_causitif
courbature,marche r_has_causatif,r_has_causitif
evanouissement,chaleur r_has_causatif,r_has_causitif
eclaboussure,boue r_has_causatif,r_has_causitif
erosion,glace r_has_causatif,r_has_causitif
fissure,secheresse r_has_causatif,r_has_causitif
echo,voix r_has_causatif,r_has_causitif
eblouissement,lumiere r_has_causatif,r_has_causitif
eruption,pression r_has_causatif,r_has_causitif
eclat,pierre r_has_causatif,r_has_causitif
epuisement,course r_has_causatif,r_has_causitif
egratignure,branche r_has_causatif,r_has_causitif
eclatement,chaleur r_has_causatif,r_has_causitif
evanouissement,fatigue r_has_causatif,r_has_causitif
eclaboussure,peinture r_has_causatif,r_has_causitif
eclat,l explosion r_has_causatif,r_has_causitif
epuisement,maladie r_has_causatif,r_has_causitif
egratignure,griffe r_has_causatif,r_has_causitif
eboulement,neige r_has_causatif,r_has_causitif
eclatement,pression r_has_causatif,r_has_causitif
erosion,pollution r_has_causatif,r_has_causitif
evanouissement,faim r_has_causatif,r_has_causitif
eclaboussure,vague r_has_causatif,r_has_causitif
eclat,foudre r_has_causatif,r_has_causitif
epuisement,soif r_has_causatif,r_has_causitif
egratignure,pierre r_has_causatif,r_has_causitif
eboulement,roche r_has_causatif,r_has_causitif
eclatement,tension r_has_causatif,r_has_causitif
erosion,riviere r_has_causatif,r_has_causitif
evanouissement,surprise r_has_causatif,r_has_causitif
epuisement,fatigue r_has_causatif,r_has_causitif
evanouissement,peur r_has_causatif,r_has_causitif
colmatage,poussiere de la ventilation r_has_causatif,r_has_causitif
cassure,contrainte de la poutre r_has_causatif,r_has_causitif
arret,panne de la pompe r_has_causatif,r_has_causitif
fumee,combustion de la bougie r_has_causatif,r_has_causitif
rouille,condensation de la canalisation r_has_causatif,r_has_causitif
ecorchure,chute de la bicyclette r_has_causatif,r_has_causitif
tache,graisse de la poele r_has_causatif,r_has_causitif
allergie,poussiere de la maison r_has_causatif,r_has_causitif
fissure,chaleur de la vitre r_has_causatif,r_has_causitif
deformation,chaleur de la piece r _has _causatif,r_has_causitif
oxydation,vapeur de la conduite r _has _causatif,r_has_causitif
craquelure,secheresse de la terre r _has _causatif,r_has_causitif
tache,moisissure de la cloison r _has _causatif,r_has_causitif
cassure,surcharge de la poutre r _has _causatif,r_has_causitif
affaiblissement,rouille de la structure r _has _causatif,r_has_causitif
brulure,flamme de la bougie r _has _causatif,r_has_causitif
fissure,fatigue de la paroi r _has _causatif,r_has_causitif
surchauffe,friction de la machine r _has _causatif,r_has_causitif
arrachement,tempete de la toiture r _has _causatif,r_has_causitif
odeur,fermentation de la cave r _has _causatif,r_has_causitif
intoxication,viande de la cuisson r _has _causatif,r_has_causitif
gel,temperature de la canalisation r _has _causatif,r_has_causitif
decoloration,lumiere de la tapisserie r _has _causatif,r_has_causitif
casse,contrainte de la piece r _has _causatif,r_has_causitif
ecoulement,pluie de la gouttiere r _has _causatif,r_has_causitif
tremblement,secousse de la maison r _has _causatif,r_has_causitif
fumee,combustion de la cheminee r _has _causatif,r_has_causitif
eclatement,pression de la canalisation r _has _causatif,r_has_causitif
coupure,surtension de la ligne r _has _causatif,r_has_causitif
degat,incendie r_has_causatif,r_has_causitif
brulure,fer r_has_causatif,r_has_causitif
cicatrice,couteau r_has_causatif,r_has_causitif
inondation,barrage r_has_causatif,r_has_causitif
panne,cable r_has_causatif,r_has_causitif
tache,stylo r_has_causatif,r_has_causitif
rouille,sel r_has_causatif,r_has_causitif
fumee,moteur r_has_causatif,r_has_causitif
fievre,microbe r_has_causatif,r_has_causitif
ecorchure,gravier r_has_causatif,r_has_causitif
retard,embouteillage r_has_causatif,r_has_causitif
casse,choc r_has_causatif,r_has_causitif
odeur,egout r_has_causatif,r_has_causitif
crampe,exercice r_has_causatif,r_has_causitif
panne,fusible r_has_causatif,r_has_causitif
colmatage,calcaire r_has_causatif,r_has_causitif
intoxication,gaz r_has_causatif,r_has_causitif
fissure,seisme r_has_causatif,r_has_causitif
explosion,reservoir r_has_causatif,r_has_causitif
court circuit,fil r_has_causatif,r_has_causitif
gel,froid r_has_causatif,r_has_causitif
surchauffe,radiateur r_has_causatif,r_has_causitif
corrosion,acide r_has_causatif,r_has_causitif
etouffement,gaz r_has_causatif,r_has_causitif
empoisonnement,poison r_has_causatif,r_has_causitif
secheresse,vent r_has_causatif,r_has_causitif
affaissement,tassement r_has_causatif,r_has_causitif
blocage,obstacle r_has_causatif,r_has_causitif
dechirure,clou r_has_causatif,r_has_causitif
perforation,eclat r_has_causatif,r_has_causitif
erosion,courant r_has_causatif,r_has_causitif
effondrement,poids r_has_causatif,r_has_causitif
noyade,courant r_has_causatif,r_has_causitif
electrocution,contact r_has_causatif,r_has_causitif
congestion,accident r_has_causatif,r_has_causitif
debordement,torrent r_has_causatif,r_has_causitif
eboulement,glissement r_has_causatif,r_has_causitif
givre,froid r_has_causatif,r_has_causitif
moisissure,humidite r_has_causatif,r_has_causitif
gonflement,eau r_has_causatif,r_has_causitif
decollement,humidite r_has_causatif,r_has_causitif
craquelure,secheresse r_has_causatif,r_has_causitif
engourdissement,froid r_has_causatif,r_has_causitif
vertige,mouvement r_has_causatif,r_has_causitif
nausee,odeur r_has_causatif,r_has_causitif
migraine,bruit r_has_causatif,r_has_causitif
cecite,flash r_has_causatif,r_has_causitif
surdite,explosion r_has_causatif,r_has_causitif
paralysie,poison r_has_causatif,r_has_causitif
convulsion,choc r_has_causatif,r_has_causitif
syncope,chaleur r_has_causatif,r_has_causitif
hypothermie,immersion r_has_causatif,r_has_causitif
deshydratation,chaleur r_has_causatif,r_has_causitif
suffocation,fumee r_has_causatif,r_has_causitif
hemorragie,coupure r_has_causatif,r_has_causitif
infection,bacterie r_has_causatif,r_has_causitif
inflammation,piqure r_has_causatif,r_has_causitif
gonflement,piqure r_has_causatif,r_has_causitif
demangeaison,piqure r_has_causatif,r_has_causitif
eruption,allergie r_has_causatif,r_has_causitif
fracture,chute r_has_causatif,r_has_causitif
entorse,torsion r_has_causatif,r_has_causitif
luxation,mouvement r_has_causatif,r_has_causitif
tendinite,surmenage r_has_causatif,r_has_causitif
fatigue,travail r_has_causatif,r_has_causitif
epuisement,marathon r_has_causatif,r_has_causitif
stress,examen r_has_causatif,r_has_causitif
angoisse,attente r_has_causatif,r_has_causitif
insomnie,stress r_has_causatif,r_has_causitif
cauchemar,trauma r_has_causatif,r_has_causitif
amnesie,choc r_has_causatif,r_has_causitif
confusion,coup r_has_causatif,r_has_causitif
etourdissement,rotation r_has_causatif,r_has_causitif
malaise,jeune r_has_causatif,r_has_causitif
faiblesse,privation r_has_causatif,r_has_causitif
tremblement,froid r_has_causatif,r_has_causitif
frisson,fievre r_has_causatif,r_has_causitif
sueur,effort r_has_causatif,r_has_causitif
rougeur,chaleur r_has_causatif,r_has_causitif
paleur,choc r_has_causatif,r_has_causitif
toux,fumee r_has_causatif,r_has_causitif
eternuement,poussiere r_has_causatif,r_has_causitif
larmoiement,vent r_has_causatif,r_has_causitif
ecoulement,rhume r_has_causatif,r_has_causitif
congestion,allergie r_has_causatif,r_has_causitif
obstruction,mucus r_has_causatif,r_has_causitif
sifflement,asthme r_has_causatif,r_has_causitif
essoufflement,course r_has_causatif,r_has_causitif
palpitation,stress r_has_causatif,r_has_causitif
tachycardie,peur r_has_causatif,r_has_causitif
hypertension,stress r_has_causatif,r_has_causitif
crise,anxiete r_has_causatif,r_has_causitif
spasme,crampe r_has_causatif,r_has_causitif
contraction,effort r_has_causatif,r_has_causitif
raideur,froid r_has_causatif,r_has_causitif
douleur,blessure r_has_causatif,r_has_causitif
elancement,plaie r_has_causatif,r_has_causitif
picotement,ortie r_has_causatif,r_has_causitif
brulure,piment r_has_causatif,r_has_causitif
irritation,rasage r_has_causatif,r_has_causitif
desquamation,brulure r_has_causatif,r_has_causitif
boursoufflure,chaleur r_has_causatif,r_has_causitif
durillon,pression r_has_causatif,r_has_causitif
cal,frottement r_has_causatif,r_has_causitif
bleu,choc r_has_causatif,r_has_causitif
ecchymose,coup r_has_causatif,r_has_causitif
plaie,coupure r_has_causatif,r_has_causitif
entaille,lame r_has_causatif,r_has_causitif
laceration,fil r_has_causatif,r_has_causitif
perforation,objet r_has_causatif,r_has_causitif
piqure,aiguille r_has_causatif,r_has_causitif
morsure,chien r_has_causatif,r_has_causitif
griffure,chat r_has_causatif,r_has_causitif
ecorchure,asperite r_has_causatif,r_has_causitif
eraflure,frottement r_has_causatif,r_has_causitif
abrasion,frottement r_has_causatif,r_has_causitif
contusion,impact r_has_causatif,r_has_causitif
traumatisme,accident r_has_causatif,r_has_causitif
commotion,choc r_has_causatif,r_has_causitif
lesion,coup r_has_causatif,r_has_causitif
dommage,choc r_has_causatif,r_has_causitif
deterioration,usage r_has_causatif,r_has_causitif
degradation,temps r_has_causatif,r_has_causitif
alteration,chaleur r_has_causatif,r_has_causitif
corruption,virus r_has_causatif,r_has_causitif
contamination,contact r_has_causatif,r_has_causitif
pollution,usine r_has_causatif,r_has_causitif
salissure,boue r_has_causatif,r_has_causitif
souillure,liquide r_has_causatif,r_has_causitif
encrassement,poussiere r_has_causatif,r_has_causitif
obstruction,depot r_has_causatif,r_has_causitif
engorgement,graisse r_has_causatif,r_has_causitif
bouchage,cheveu r_has_causatif,r_has_causitif
saturation,usage r_has_causatif,r_has_causitif
surcharge,poids r_has_causatif,r_has_causitif
debordement,flux r_has_causatif,r_has_causitif
fuite,fissure r_has_causatif,r_has_causitif
ecoulement,fuite r_has_causatif,r_has_causitif
suintement,humidite r_has_causatif,r_has_causitif
infiltration,eau r_has_causatif,r_has_causitif
penetration,liquide r_has_causatif,r_has_causitif
impregnation,odeur r_has_causatif,r_has_causitif
absorption,liquide r_has_causatif,r_has_causitif
evaporation,chaleur r_has_causatif,r_has_causitif
condensation,froid r_has_causatif,r_has_causitif
cristallisation,froid r_has_causatif,r_has_causitif
solidification,froid r_has_causatif,r_has_causitif
liquefaction,chaleur r_has_causatif,r_has_causitif
fusion,chaleur r_has_causatif,r_has_causitif
dissolution,eau r_has_causatif,r_has_causitif
precipitation,reaction r_has_causatif,r_has_causitif
caillage,acide r_has_causatif,r_has_causitif
decomposition,chaleur r_has_causatif,r_has_causitif
desintegration,temps r_has_causatif,r_has_causitif
emiettement,choc r_has_causatif,r_has_causitif
pulverisation,broyage r_has_causatif,r_has_causitif
fragmentation,explosion r_has_causatif,r_has_causitif
rupture,tension r_has_causatif,r_has_causitif
cassure,choc r_has_causatif,r_has_causitif
brisure,chute r_has_causatif,r_has_causitif
felure,coup r_has_causatif,r_has_causitif
craquelure,gel r_has_causatif,r_has_causitif
fendillement,secheresse r_has_causatif,r_has_causitif
gercure,gel r_has_causatif,r_has_causitif
ecaillement,humidite r_has_causatif,r_has_causitif
decollement,chaleur r_has_causatif,r_has_causitif
decapage,produit r_has_causatif,r_has_causitif
abrasion,sable r_has_causatif,r_has_causitif
usure,usage r_has_causatif,r_has_causitif
rapure,frottement r_has_causatif,r_has_causitif
rayure,objet r_has_causatif,r_has_causitif
eraflure,contact r_has_causatif,r_has_causitif
griffure,ongle r_has_causatif,r_has_causitif
entaille,outil r_has_causatif,r_has_causitif
encoche,coup r_has_causatif,r_has_causitif
breche,choc r_has_causatif,r_has_causitif
ebrechure,coup r_has_causatif,r_has_causitif
eclat,choc r_has_causatif,r_has_causitif
esquille,fracture r_has_causatif,r_has_causitif
debris,explosion r_has_causatif,r_has_causitif
decombre,effondrement r_has_causatif,r_has_causitif
ruine,incendie r_has_causatif,r_has_causitif
destruction,bombardement r_has_causatif,r_has_causitif
ravage,tempete r_has_causatif,r_has_causitif
devastation,ouragan r_has_causatif,r_has_causitif
catastrophe,seisme r_has_causatif,r_has_causitif
sinistre,inondation r_has_causatif,r_has_causitif
desastre,cyclone r_has_causatif,r_has_causitif
calamite,secheresse r_has_causatif,r_has_causitif
fleau,invasion r_has_causatif,r_has_causitif
epidemie,virus r_has_causatif,r_has_causitif
pandemie,contagion r_has_causatif,r_has_causitif
contagion,contact r_has_causatif,r_has_causitif
transmission,contact r_has_causatif,r_has_causitif
propagation,vent r_has_causatif,r_has_causitif
diffusion,courant r_has_causatif,r_has_causitif
dissemination,vent r_has_causatif,r_has_causitif
dispersion,explosion r_has_causatif,r_has_causitif
expansion,chaleur r_has_causatif,r_has_causitif
dilatation,chaleur r_has_causatif,r_has_causitif
boursouflement,fermentation r_has_causatif,r_has_causitif
renflement,pression r_has_causatif,r_has_causitif
bombement,pression r_has_causatif,r_has_causitif
deformation,pression r_has_causatif,r_has_causitif
gauchissement,humidite r_has_causatif,r_has_causitif
voilage,humidite r_has_causatif,r_has_causitif
torsion,contrainte r_has_causatif,r_has_causitif
courbure,poids r_has_causatif,r_has_causitif
flechissement,charge r_has_causatif,r_has_causitif
affaissement,poids r_has_causatif,r_has_causitif
tassement,poids r_has_causatif,r_has_causitif
compactage,pression r_has_causatif,r_has_causitif
compression,force r_has_causatif,r_has_causitif
ecrasement,poids r_has_causatif,r_has_causitif
aplatissement,pression r_has_causatif,r_has_causitif
froissement,pression r_has_causatif,r_has_causitif
plissement,force r_has_causatif,r_has_causitif
ondulation,vent r_has_causatif,r_has_causitif
ride,contraction r_has_causatif,r_has_causitif
pli,pliage r_has_causatif,r_has_causitif
repli,mouvement r_has_causatif,r_has_causitif
enroulement,tension r_has_causatif,r_has_causitif
torsade,rotation r_has_causatif,r_has_causitif
vrille,rotation r_has_causatif,r_has_causitif
spirale,mouvement r_has_causatif,r_has_causitif
tourbillon,vent r_has_causatif,r_has_causitif
vortex,rotation r_has_causatif,r_has_causitif
remous,courant r_has_causatif,r_has_causitif
turbulence,vent r_has_causatif,r_has_causitif
agitation,vent r_has_causatif,r_has_causitif
perturbation,choc r_has_causatif,r_has_causitif
desordre,mouvement r_has_causatif,r_has_causitif
chaos,explosion r_has_causatif,r_has_causitif
confusion,impact r_has_causatif,r_has_causitif
bouleversement,choc r_has_causatif,r_has_causitif
chamboulement,secousse r_has_causatif,r_has_causitif
ebranlement,choc r_has_causatif,r_has_causitif
secousse,tremblement r_has_causatif,r_has_causitif
tremblement,seisme r_has_causatif,r_has_causitif
oscillation,balancier r_has_causatif,r_has_causitif
balancement,vent r_has_causatif,r_has_causitif
tangage,vague r_has_causatif,r_has_causitif
roulis,houle r_has_causatif,r_has_causitif
ballottement,vague r_has_causatif,r_has_causitif
cahot,route r_has_causatif,r_has_causitif
sursaut,choc r_has_causatif,r_has_causitif
soubresaut,secousse r_has_causatif,r_has_causitif
tressaillement,peur r_has_causatif,r_has_causitif
tressautement,surprise r_has_causatif,r_has_causitif
saccade,mouvement r_has_causatif,r_has_causitif
a coup,moteur r_has_causatif,r_has_causitif
ratee,moteur r_has_causatif,r_has_causitif
rate,allumage r_has_causatif,r_has_causitif
accroc,obstacle r_has_causatif,r_has_causitif
blocage,grain r_has_causatif,r_has_causitif
grippage,rouille r_has_causatif,r_has_causitif
coincement,debris r_has_causatif,r_has_causitif
enrayage,poussiere r_has_causatif,r_has_causitif
bourrage,papier r_has_causatif,r_has_causitif
embouteillage,accident r_has_causatif,r_has_causitif
engorgement,affluence r_has_causatif,r_has_causitif
saturation,flux r_has_causatif,r_has_causitif
encombrement,volume r_has_causatif,r_has_causitif
accumulation,depot r_has_causatif,r_has_causitif
entassement,stock r_has_causatif,r_has_causitif
amoncellement,chute r_has_causatif,r_has_causitif
amas,accumulation r_has_causatif,r_has_causitif
tas,entassement r_has_causatif,r_has_causitif
pile,empilement r_has_causatif,r_has_causitif
empilement,rangement r_has_causatif,r_has_causitif
stratification,depot r_has_causatif,r_has_causitif
sedimentation,decantation r_has_causatif,r_has_causitif
depot,precipitation r_has_causatif,r_has_causitif
precipite,reaction r_has_causatif,r_has_causitif
residu,evaporation r_has_causatif,r_has_causitif
reste,combustion r_has_causatif,r_has_causitif
vestige,destruction r_has_causatif,r_has_causitif
trace,passage r_has_causatif,r_has_causitif
marque,contact r_has_causatif,r_has_causitif
empreinte,pression r_has_causatif,r_has_causitif
impression,choc r_has_causatif,r_has_causitif
cachet,tampon r_has_causatif,r_has_causitif
sceau,pression r_has_causatif,r_has_causitif
stigmate,brulure r_has_causatif,r_has_causitif
signe,maladie r_has_causatif,r_has_causitif
symptome,infection r_has_causatif,r_has_causitif
indice,presence r_has_causatif,r_has_causitif
preuve,passage r_has_causatif,r_has_causitif
temoignage,evenement r_has_causatif,r_has_causitif
manifestation,maladie r_has_causatif,r_has_causitif
expression,emotion r_has_causatif,r_has_causitif
revelation,choc r_has_causatif,r_has_causitif
decouverte,fouille r_has_causatif,r_has_causitif
trouvaille,recherche r_has_causatif,r_has_causitif
resultat,calcul r_has_causatif,r_has_causitif
consequence,acte r_has_causatif,r_has_causitif
effet,cause r_has_causatif,r_has_causitif
impact,choc r_has_causatif,r_has_causitif
repercussion,decision r_has_causatif,r_has_causitif
contrecoup,choc r_has_causatif,r_has_causitif
rebond,choc r_has_causatif,r_has_causitif
ricochet,impact r_has_causatif,r_has_causitif
retour,onde r_has_causatif,r_has_causitif
echo,son r_has_causatif,r_has_causitif
reverberation,son r_has_causatif,r_has_causitif
resonance,vibration r_has_causatif,r_has_causitif
amplification,resonance r_has_causatif,r_has_causitif
augmentation,apport r_has_causatif,r_has_causitif
accroissement,ajout r_has_causatif,r_has_causitif
croissance,nutrition r_has_causatif,r_has_causitif
developpement,croissance r_has_causatif,r_has_causitif
expansion,croissance r_has_causatif,r_has_causitif
extension,etirement r_has_causatif,r_has_causitif
prolongement,extension r_has_causatif,r_has_causitif
allongement,traction r_has_causatif,r_has_causitif
etirement,traction r_has_causatif,r_has_causitif
etirage,force r_has_causatif,r_has_causitif
tension,traction r_has_causatif,r_has_causitif
contraction,froid r_has_causatif,r_has_causitif
retrecissement,froid r_has_causatif,r_has_causitif
raccourcissement,coupe r_has_causatif,r_has_causitif
diminution,usure r_has_causatif,r_has_causitif
reduction,compression r_has_causatif,r_has_causitif
baisse,refroidissement r_has_causatif,r_has_causitif
chute,gravite r_has_causatif,r_has_causitif
descente,pente r_has_causatif,r_has_causitif
abaissement,poids r_has_causatif,r_has_causitif
affaissement,vidange r_has_causatif,r_has_causitif
enfoncement,pression r_has_causatif,r_has_causitif
penetration,force r_has_causatif,r_has_causitif
introduction,insertion r_has_causatif,r_has_causitif
insertion,force r_has_causatif,r_has_causitif
incrustation,pression r_has_causatif,r_has_causitif
enchassement,insertion r_has_causatif,r_has_causitif
encastrement,force r_has_causatif,r_has_causitif
emboitement,pression r_has_causatif,r_has_causitif
ajustement,pression r_has_causatif,r_has_causitif
adaptation,contrainte r_has_causatif,r_has_causitif
modification,contrainte r_has_causatif,r_has_causitif
transformation,reaction r_has_causatif,r_has_causitif
mutation,radiation r_has_causatif,r_has_causitif
metamorphose,chaleur r_has_causatif,r_has_causitif
conversion,processus r_has_causatif,r_has_causitif
transmutation,alchimie r_has_causatif,r_has_causitif
changement,influence r_has_causatif,r_has_causitif
variation,fluctuation r_has_causatif,r_has_causitif
fluctuation,instabilite r_has_causatif,r_has_causitif
oscillation,variation r_has_causatif,r_has_causitif
alternance,cycle r_has_causatif,r_has_causitif
succession,rotation r_has_causatif,r_has_causitif
enchainement,logique r_has_causatif,r_has_causitif
serie,repetition r_has_causatif,r_has_causitif
suite,continuation r_has_causatif,r_has_causitif
continuation,elan r_has_causatif,r_has_causitif
prolongation,maintien r_has_causatif,r_has_causitif
persistance,inertie r_has_causatif,r_has_causitif
maintien,force r_has_causatif,r_has_causitif
conservation,protection r_has_causatif,r_has_causitif
preservation,traitement r_has_causatif,r_has_causitif
sauvegarde,copie r_has_causatif,r_has_causitif
protection,barriere r_has_causatif,r_has_causitif
defense,rempart r_has_causatif,r_has_causitif
resistance,materiau r_has_causatif,r_has_causitif
opposition,force r_has_causatif,r_has_causitif
reaction,stimulus r_has_causatif,r_has_causitif
reponse,signal r_has_causatif,r_has_causitif
reflexe,stimulus r_has_causatif,r_has_causitif
mouvement,impulsion r_has_causatif,r_has_causitif
deplacement,force r_has_causatif,r_has_causitif
translation,poussee r_has_causatif,r_has_causitif
glissement,pente r_has_causatif,r_has_causitif
coulissement,rail r_has_causatif,r_has_causitif
roulement,pente r_has_causatif,r_has_causitif
rotation,moteur r_has_causatif,r_has_causitif
pivotement,axe r_has_causatif,r_has_causitif
basculement,desequilibre r_has_causatif,r_has_causitif
renversement,choc r_has_causatif,r_has_causitif
retournement,force r_has_causatif,r_has_causitif
inversion,rotation r_has_causatif,r_has_causitif
volte face,decision r_has_causatif,r_has_causitif
demi tour,obstacle r_has_causatif,r_has_causitif
virage,volant r_has_causatif,r_has_causitif
tournant,route r_has_causatif,r_has_causitif
courbe,trace r_has_causatif,r_has_causitif
sinuosite,erosion r_has_causatif,r_has_causitif
meandre,courant r_has_causatif,r_has_causitif
detour,obstacle r_has_causatif,r_has_causitif
deviation,obstacle r_has_causatif,r_has_causitif
bifurcation,division r_has_causatif,r_has_causitif
embranchement,separation r_has_causatif,r_has_causitif
ramification,division r_has_causatif,r_has_causitif
division,separation r_has_causatif,r_has_causitif
separation,coupure r_has_causatif,r_has_causitif
scission,rupture r_has_causatif,r_has_causitif
partition,division r_has_causatif,r_has_causitif
coupure,lame r_has_causatif,r_has_causitif
section,tranchage r_has_causatif,r_has_causitif
tranche,coupe r_has_causatif,r_has_causitif
morceau,decoupe r_has_causatif,r_has_causitif
fragment,brisure r_has_causatif,r_has_causitif
eclat,fracture r_has_causatif,r_has_causitif
parcelle,division r_has_causatif,r_has_causitif
particule,broyage r_has_causatif,r_has_causitif
grain,mouture r_has_causatif,r_has_causitif
poudre,broyage r_has_causatif,r_has_causitif
farine,mouture r_has_causatif,r_has_causitif
semoule,broyage r_has_causatif,r_has_causitif
miette,emiettement r_has_causatif,r_has_causitif
brioche,cuisson r_has_causatif,r_has_causitif
croute,cuisson r_has_causatif,r_has_causitif
caramelisation,chaleur r_has_causatif,r_has_causitif
carbonisation,chaleur r_has_causatif,r_has_causitif
calcination,feu r_has_causatif,r_has_causitif
combustion,flamme r_has_causatif,r_has_causitif
ignition,etincelle r_has_causatif,r_has_causitif
embrasement,flamme r_has_causatif,r_has_causitif
inflammation,chaleur r_has_causatif,r_has_causitif
incandescence,chaleur r_has_causatif,r_has_causitif
rougeoiement,chaleur r_has_causatif,r_has_causitif
lueur,flamme r_has_causatif,r_has_causitif
clarte,lumiere r_has_causatif,r_has_causitif
luminosite,source r_has_causatif,r_has_causitif
eclat,reflet r_has_causatif,r_has_causitif
brillance,polissage r_has_causatif,r_has_causitif
lustre,cirage r_has_causatif,r_has_causitif
vernis,application r_has_causatif,r_has_causitif
patine,temps r_has_causatif,r_has_causitif
vieillissement,temps r_has_causatif,r_has_causitif
maturation,temps r_has_causatif,r_has_causitif
murissement,temps r_has_causatif,r_has_causitif
affinage,temps r_has_causatif,r_has_causitif
bonification,vieillissement r_has_causatif,r_has_causitif
amelioration,traitement r_has_causatif,r_has_causitif
perfectionnement,pratique r_has_causatif,r_has_causitif
raffinement,traitement r_has_causatif,r_has_causitif
epuration,filtration r_has_causatif,r_has_causitif
purification,distillation r_has_causatif,r_has_causitif
clarification,decantation r_has_causatif,r_has_causitif
filtration,passage r_has_causatif,r_has_causitif
tamisage,criblage r_has_causatif,r_has_causitif
criblage,secouage r_has_causatif,r_has_causitif
tri,selection r_has_causatif,r_has_causitif
selection,choix r_has_causatif,r_has_causitif
extraction,pression r_has_causatif,r_has_causitif
prelevement,extraction r_has_causatif,r_has_causitif
echantillon,prelevement r_has_causatif,r_has_causitif
specimen,collecte r_has_causatif,r_has_causitif
exemplaire,tirage r_has_causatif,r_has_causitif
copie,reproduction r_has_causatif,r_has_causitif
reproduction,impression r_has_causatif,r_has_causitif
duplication,copie r_has_causatif,r_has_causitif
replication,duplication r_has_causatif,r_has_causitif
clonage,reproduction r_has_causatif,r_has_causitif
multiplication,division r_has_causatif,r_has_causitif
proliferation,division r_has_causatif,r_has_causitif
bourgeonnement,croissance r_has_causatif,r_has_causitif
rejaillissement,choc r_has_causatif,r_has_causitif
jaillissement,pression r_has_causatif,r_has_causitif
giclee,pression r_has_causatif,r_has_causitif
jet,pression r_has_causatif,r_has_causitif
projection,force r_has_causatif,r_has_causitif
ejection,pression r_has_causatif,r_has_causitif
expulsion,force r_has_causatif,r_has_causitif
evacuation,pompage r_has_causatif,r_has_causitif
vidange,ouverture r_has_causatif,r_has_causitif
drainage,ecoulement r_has_causatif,r_has_causitif
assechement,drainage r_has_causatif,r_has_causitif
tarissement,secheresse r_has_causatif,r_has_causitif
epuisement,pompage r_has_causatif,r_has_causitif
brulure,flamme r_has_causatif,r_has_causitif
cicatrice,operation r_has_causatif,r_has_causitif
inondation,crue r_has_causatif,r_has_causitif
tache,encre r_has_causatif,r_has_causitif
carie,sucrerie r_has_causatif,r_has_causitif
rouille,humidite r_has_causatif,r_has_causitif
intoxication,bacterie r_has_causatif,r_has_causitif
fievre,infection r_has_causatif,r_has_causitif
ecorchure,branche r_has_causatif,r_has_causitif
fissure,dilatation r_has_causatif,r_has_causitif
casse,chute r_has_causatif,r_has_causitif
odeur,fermentation r_has_causatif,r_has_causitif
allergie,piqure r_has_causatif,r_has_causitif
panne,surchauffe r_has_causatif,r_has_causitif
irritation,substance r_has_causatif,r_has_causitif
pollution,combustion r_has_causatif,r_has_causitif
explosion,fuite r_has_causatif,r_has_causitif
paralysie,lesion r_has_causatif,r_has_causitif
corrosion,acidite r_has_causatif,r_has_causitif
secheresse,canicule r_has_causatif,r_has_causitif
extinction,catastrophe r_has_causatif,r_has_causitif
gelure,exposition r_has_causatif,r_has_causitif
contusion,percussion r_has_causatif,r_has_causitif
empoisonnement,toxine r_has_causatif,r_has_causitif
inflammation,blessure r_has_causatif,r_has_causitif
etouffement,fumee r_has_causatif,r_has_causitif
defaillance,usure r_has_causatif,r_has_causitif
court circuit,surcharge r_has_causatif,r_has_causitif
asphyxie,privation r_has_causatif,r_has_causitif
deshydratation,diarrhee r_has_causatif,r_has_causitif
ampoule,friction r_has_causatif,r_has_causitif
hemorragie,plaie r_has_causatif,r_has_causitif
entorse,glissade r_has_causatif,r_has_causitif
blocage,obstruction r_has_causatif,r_has_causitif
surchauffe,ventilation r_has_causatif,r_has_causitif
givre,congelation r_has_causatif,r_has_causitif
effondrement,surcharge r_has_causatif,r_has_causitif
perforation,pointe r_has_causatif,r_has_causitif
decoloration,javellisation r_has_causatif,r_has_causitif
gonflement,reaction r_has_causatif,r_has_causitif
vertige,rotation r_has_causatif,r_has_causitif
surdite,detonation r_has_causatif,r_has_causitif
cecite,projection r_has_causatif,r_has_causitif
courbature,activite r_has_causatif,r_has_causitif
convulsion,electrocution r_has_causatif,r_has_causitif
syncope,emotion r_has_causatif,r_has_causitif
commotion,deflagration r_has_causatif,r_has_causitif
necrose,privation r_has_causatif,r_has_causitif
gangrene,infection r_has_causatif,r_has_causitif
septicemie,contamination r_has_causatif,r_has_causitif
anemie,carence r_has_causatif,r_has_causitif
rachitisme,malnutrition r_has_causatif,r_has_causitif
scorbut,privation r_has_causatif,r_has_causitif
pneumonie,exposition r_has_causatif,r_has_causitif
bronchite,inhalation r_has_causatif,r_has_causitif
laryngite,irritation r_has_causatif,r_has_causitif
gastrite,intoxication r_has_causatif,r_has_causitif
ulcere,acidite r_has_causatif,r_has_causitif
cirrhose,consommation r_has_causatif,r_has_causitif
calcul,concentration r_has_causatif,r_has_causitif
kyste,obstruction r_has_causatif,r_has_causitif
tumeur,mutation r_has_causatif,r_has_causitif
metastase,proliferation r_has_causatif,r_has_causitif
thrombose,stagnation r_has_causatif,r_has_causitif
embolie,migration r_has_causatif,r_has_causitif
infarctus,occlusion r_has_causatif,r_has_causitif
attaque,hypertension r_has_causatif,r_has_causitif
hepatite,contamination r_has_causatif,r_has_causitif
meningite,propagation r_has_causatif,r_has_causitif
encephalite,piqure r_has_causatif,r_has_causitif
tetanos,blessure r_has_causatif,r_has_causitif
rage,morsure r_has_causatif,r_has_causitif
paludisme,piqure r_has_causatif,r_has_causitif
typhoide,ingestion r_has_causatif,r_has_causitif
cholera,contamination r_has_causatif,r_has_causitif
dysenterie,infection r_has_causatif,r_has_causitif
gale,contagion r_has_causatif,r_has_causitif
teigne,transmission r_has_causatif,r_has_causitif
verrue,infection r_has_causatif,r_has_causitif
herpes,transmission r_has_causatif,r_has_causitif
zona,reactivation r_has_causatif,r_has_causitif
varicelle,contagion r_has_causatif,r_has_causitif
rougeole,transmission r_has_causatif,r_has_causitif
oreillons,contagion r_has_causatif,r_has_causitif
coqueluche,infection r_has_causatif,r_has_causitif
diphterie,contamination r_has_causatif,r_has_causitif
scarlatine,infection r_has_causatif,r_has_causitif
poliomyelite,contamination r_has_causatif,r_has_causitif
grippe,contagion r_has_causatif,r_has_causitif
rhume,exposition r_has_causatif,r_has_causitif
angine,infection r_has_causatif,r_has_causitif
sinusite,inflammation r_has_causatif,r_has_causitif
otite,infection r_has_causatif,r_has_causitif
conjonctivite,irritation r_has_causatif,r_has_causitif
cataracte,degenerescence r_has_causatif,r_has_causitif
glaucome,pression r_has_causatif,r_has_causitif
myopie,deformation r_has_causatif,r_has_causitif
presbytie,degenerescence r_has_causatif,r_has_causitif
daltonisme,anomalie r_has_causatif,r_has_causitif
acouphene,lesion r_has_causatif,r_has_causitif
migraine,tension r_has_causatif,r_has_causitif
cephalee,fatigue r_has_causatif,r_has_causitif
insomnie,anxiete r_has_causatif,r_has_causitif
depression,carence r_has_causatif,r_has_causitif
psychose,intoxication r_has_causatif,r_has_causitif
demence,degenerescence r_has_causatif,r_has_causitif
amnesie,lesion r_has_causatif,r_has_causitif
aphasie,atteinte r_has_causatif,r_has_causitif
dyslexie,anomalie r_has_causatif,r_has_causitif
begaiement,lesion r_has_causatif,r_has_causitif
paralysie,atteinte r_has_causatif,r_has_causitif
hemiplegie,attaque r_has_causatif,r_has_causitif
paraplegie,lesion r_has_causatif,r_has_causitif
tetraplegie,fracture r_has_causatif,r_has_causitif
sclerose,degenerescence r_has_causatif,r_has_causitif
parkinson,degenerescence r_has_causatif,r_has_causitif
alzheimer,degenerescence r_has_causatif,r_has_causitif
epilepsie,lesion r_has_causatif,r_has_causitif
catalepsie,pathologie r_has_causatif,r_has_causitif
narcolepsie,anomalie r_has_causatif,r_has_causitif
somnambulisme,perturbation r_has_causatif,r_has_causitif
apnee,obstruction r_has_causatif,r_has_causitif
ronflement,obstruction r_has_causatif,r_has_causitif
hoquet,irritation r_has_causatif,r_has_causitif
eternuement,irritation r_has_causatif,r_has_causitif
toux,irritation r_has_causatif,r_has_causitif
crachat,infection r_has_causatif,r_has_causitif
expectoration,inflammation r_has_causatif,r_has_causitif
vomissement,intoxication r_has_causatif,r_has_causitif
diarrhee,infection r_has_causatif,r_has_causitif
constipation,deshydratation r_has_causatif,r_has_causitif
ballonnement,fermentation r_has_causatif,r_has_causitif
flatulence,digestion r_has_causatif,r_has_causitif
colique,indigestion r_has_causatif,r_has_causitif
appendicite,obstruction r_has_causatif,r_has_causitif
peritonite,perforation r_has_causatif,r_has_causitif
hernie,pression r_has_causatif,r_has_causitif
occlusion,obstruction r_has_causatif,r_has_causitif
prolapsus,faiblesse r_has_causatif,r_has_causitif
incontinence,lesion r_has_causatif,r_has_causitif
retention,obstruction r_has_causatif,r_has_causitif
calcul,precipitation r_has_causatif,r_has_causitif
cystite,infection r_has_causatif,r_has_causitif
nephrite,inflammation r_has_causatif,r_has_causitif
insuffisance,degenerescence r_has_causatif,r_has_causitif
dialyse,defaillance r_has_causatif,r_has_causitif
hypertrophie,stimulation r_has_causatif,r_has_causitif
hyperplasie,stimulation r_has_causatif,r_has_causitif
metaplasie,irritation r_has_causatif,r_has_causitif
dysplasie,mutation r_has_causatif,r_has_causitif
neoplasie,mutation r_has_causatif,r_has_causitif
carcinome,mutation r_has_causatif,r_has_causitif
sarcome,mutation r_has_causatif,r_has_causitif
lymphome,proliferation r_has_causatif,r_has_causitif
leucemie,mutation r_has_causatif,r_has_causitif
myelome,proliferation r_has_causatif,r_has_causitif
melanome,exposition r_has_causatif,r_has_causitif
basaliome,exposition r_has_causatif,r_has_causitif
naevus,proliferation r_has_causatif,r_has_causitif
keratose,exposition r_has_causatif,r_has_causitif
eczema,allergie r_has_causatif,r_has_causitif
psoriasis,inflammation r_has_causatif,r_has_causitif
urticaire,reaction r_has_causatif,r_has_causitif
dermite,irritation r_has_causatif,r_has_causitif
acne,secretion r_has_causatif,r_has_causitif
furoncle,infection r_has_causatif,r_has_causitif
abces,infection r_has_causatif,r_has_causitif
phlegmon,infection r_has_causatif,r_has_causitif
panaris,infection r_has_causatif,r_has_causitif
anthrax,infection r_has_causatif,r_has_causitif
impetigo,infection r_has_causatif,r_has_causitif
erysipele,infection r_has_causatif,r_has_causitif
cellulite,infection r_has_causatif,r_has_causitif
escarre,pression r_has_causatif,r_has_causitif
ulcere,compression r_has_causatif,r_has_causitif
escarification,incision r_has_causatif,r_has_causitif
tatouage,pigmentation r_has_causatif,r_has_causitif
cicatrice,brulure r_has_causatif,r_has_causitif
cheloide,cicatrisation r_has_causatif,r_has_causitif
keratine,synthese r_has_causatif,r_has_causitif
sebum,secretion r_has_causatif,r_has_causitif
sueur,thermoregulation r_has_causatif,r_has_causitif
transpiration,chaleur r_has_causatif,r_has_causitif
deshydratation,transpiration r_has_causatif,r_has_causitif
hyperthermie,exposition r_has_causatif,r_has_causitif
hypothermie,exposition r_has_causatif,r_has_causitif
fievre,reaction r_has_causatif,r_has_causitif
frisson,hypothermie r_has_causatif,r_has_causitif
tremblement,hypothermie r_has_causatif,r_has_causitif
claquement,contraction r_has_causatif,r_has_causitif
contracture,contraction r_has_causatif,r_has_causitif
spasme,irritation r_has_causatif,r_has_causitif
crampe,carence r_has_causatif,r_has_causitif
tetanie,carence r_has_causatif,r_has_causitif
myalgie,inflammation r_has_causatif,r_has_causitif
arthralgie,inflammation r_has_causatif,r_has_causitif
arthrite,inflammation r_has_causatif,r_has_causitif
arthrose,degenerescence r_has_causatif,r_has_causitif
rhumatisme,inflammation r_has_causatif,r_has_causitif
polyarthrite,inflammation r_has_causatif,r_has_causitif
spondylarthrite,inflammation r_has_causatif,r_has_causitif
osteoporose,demineralisation r_has_causatif,r_has_causitif
osteomalacie,carence r_has_causatif,r_has_causitif
osteomyelite,infection r_has_causatif,r_has_causitif
periostite,inflammation r_has_causatif,r_has_causitif
tendinite,inflammation r_has_causatif,r_has_causitif
bursite,inflammation r_has_causatif,r_has_causitif
synovite,inflammation r_has_causatif,r_has_causitif
capsulite,inflammation r_has_causatif,r_has_causitif
epicondylite,inflammation r_has_causatif,r_has_causitif
periarthrite,inflammation r_has_causatif,r_has_causitif
myosite,inflammation r_has_causatif,r_has_causitif
fibromyalgie,sensibilisation r_has_causatif,r_has_causitif
lumbago,contraction r_has_causatif,r_has_causitif
sciatique,compression r_has_causatif,r_has_causitif
hernie,protrusion r_has_causatif,r_has_causitif
scoliose,deformation r_has_causatif,r_has_causitif
cyphose,deformation r_has_causatif,r_has_causitif
lordose,deformation r_has_causatif,r_has_causitif
torticolis,contraction r_has_causatif,r_has_causitif
cervicalgie,tension r_has_causatif,r_has_causitif
dorsalgie,tension r_has_causatif,r_has_causitif
lombalgie,tension r_has_causatif,r_has_causitif
cruralgie,compression r_has_causatif,r_has_causitif
nevralgie,irritation r_has_causatif,r_has_causitif
neuropathie,lesion r_has_causatif,r_has_causitif
polynevrite,intoxication r_has_causatif,r_has_causitif
nevrite,inflammation r_has_causatif,r_has_causitif
nevrose,anxiete r_has_causatif,r_has_causitif
angoisse,apprehension r_has_causatif,r_has_causitif
phobie,peur r_has_causatif,r_has_causitif
panique,peur r_has_causatif,r_has_causitif
stress,pression r_has_causatif,r_has_causitif
anxiete,incertitude r_has_causatif,r_has_causitif
depression,perte r_has_causatif,r_has_causitif
melancolie,perte r_has_causatif,r_has_causitif
tristesse,deception r_has_causatif,r_has_causitif
chagrin,perte r_has_causatif,r_has_causitif
deuil,perte r_has_causatif,r_has_causitif
trauma,agression r_has_causatif,r_has_causitif
choc,revelation r_has_causatif,r_has_causitif
sideration,stupeur r_has_causatif,r_has_causitif
stupeur,revelation r_has_causatif,r_has_causitif
confusion,desorientation r_has_causatif,r_has_causitif
desorientation,confusion r_has_causatif,r_has_causitif
egarement,confusion r_has_causatif,r_has_causitif
delire,fievre r_has_causatif,r_has_causitif
hallucination,intoxication r_has_causatif,r_has_causitif
illusion,perception r_has_causatif,r_has_causitif
obsession,fixation r_has_causatif,r_has_causitif
compulsion,obsession r_has_causatif,r_has_causitif
manie,excitation r_has_causatif,r_has_causitif
hysterie,emotion r_has_causatif,r_has_causitif
agitation,anxiete r_has_causatif,r_has_causitif
irritabilite,fatigue r_has_causatif,r_has_causitif
agressivite,frustration r_has_causatif,r_has_causitif
violence,frustration r_has_causatif,r_has_causitif
colere,frustration r_has_causatif,r_has_causitif
rage,frustration r_has_causatif,r_has_causitif
fureur,humiliation r_has_causatif,r_has_causitif
haine,offense r_has_causatif,r_has_causitif
rancune,offense r_has_causatif,r_has_causitif
ressentiment,injustice r_has_causatif,r_has_causitif
jalousie,comparaison r_has_causatif,r_has_causitif
envie,comparaison r_has_causatif,r_has_causitif
frustration,privation r_has_causatif,r_has_causitif
deception,attente r_has_causatif,r_has_causitif
desillusion,revelation r_has_causatif,r_has_causitif
amertume,deception r_has_causatif,r_has_causitif
regret,erreur r_has_causatif,r_has_causitif
remords,faute r_has_causatif,r_has_causitif
culpabilite,faute r_has_causatif,r_has_causitif
honte,humiliation r_has_causatif,r_has_causitif
humiliation,moquerie r_has_causatif,r_has_causitif
vexation,remarque r_has_causatif,r_has_causitif
offense,insulte r_has_causatif,r_has_causitif
affront,insulte r_has_causatif,r_has_causitif
insulte,provocation r_has_causatif,r_has_causitif
injure,provocation r_has_causatif,r_has_causitif
outrage,provocation r_has_causatif,r_has_causitif
calomnie,accusation r_has_causatif,r_has_causitif
diffamation,accusation r_has_causatif,r_has_causitif
medisance,rumeur r_has_causatif,r_has_causitif
rumeur,indiscretion r_has_causatif,r_has_causitif
scandale,revelation r_has_causatif,r_has_causitif
polemique,declaration r_has_causatif,r_has_causitif
controverse,affirmation r_has_causatif,r_has_causitif
dispute,divergence r_has_causatif,r_has_causitif
querelle,opposition r_has_causatif,r_has_causitif
conflit,opposition r_has_causatif,r_has_causitif
rivalite,competition r_has_causatif,r_has_causitif
concurrence,competition r_has_causatif,r_has_causitif
competition,rivalite r_has_causatif,r_has_causitif
lutte,opposition r_has_causatif,r_has_causitif
combat,agression r_has_causatif,r_has_causitif
bataille,guerre r_has_causatif,r_has_causitif
guerre,invasion r_has_causatif,r_has_causitif
invasion,agression r_has_causatif,r_has_causitif
conquete,invasion r_has_causatif,r_has_causitif
occupation,invasion r_has_causatif,r_has_causitif
annexion,conquete r_has_causatif,r_has_causitif
colonisation,conquete r_has_causatif,r_has_causitif
domination,conquete r_has_causatif,r_has_causitif
oppression,domination r_has_causatif,r_has_causitif
exploitation,domination r_has_causatif,r_has_causitif
esclavage,capture r_has_causatif,r_has_causitif
servitude,soumission r_has_causatif,r_has_causitif
soumission,menace r_has_causatif,r_has_causitif
obeissance,contrainte r_has_causatif,r_has_causitif
contrainte,menace r_has_causatif,r_has_causitif
coercition,menace r_has_causatif,r_has_causitif
intimidation,menace r_has_causatif,r_has_causitif
menace,hostilite r_has_causatif,r_has_causitif
chantage,menace r_has_causatif,r_has_causitif
extorsion,menace r_has_causatif,r_has_causitif
racket,menace r_has_causatif,r_has_causitif
vol,intrusion r_has_causatif,r_has_causitif
cambriolage,intrusion r_has_causatif,r_has_causitif
effraction,forcee r_has_causatif,r_has_causitif
vandalisme,destruction r_has_causatif,r_has_causitif
sabotage,destruction r_has_causatif,r_has_causitif
destruction,explosion r_has_causatif,r_has_causitif
demolition,explosion r_has_causatif,r_has_causitif
aneantissement,destruction r_has_causatif,r_has_causitif
ruine,destruction r_has_causatif,r_has_causitif
decombres,explosion r_has_causatif,r_has_causitif
gravats,demolition r_has_causatif,r_has_causitif
fragments,explosion r_has_causatif,r_has_causitif
eclats,explosion r_has_causatif,r_has_causitif
projectile,explosion r_has_causatif,r_has_causitif
shrapnel,explosion r_has_causatif,r_has_causitif
blessure,explosion r_has_causatif,r_has_causitif
mutilation,explosion r_has_causatif,r_has_causitif
amputation,explosion r_has_causatif,r_has_causitif
decapitation,explosion r_has_causatif,r_has_causitif
evisceration,explosion r_has_causatif,r_has_causitif
mort,explosion r_has_causatif,r_has_causitif
deces,maladie r_has_causatif,r_has_causitif
trepas,maladie r_has_causatif,r_has_causitif
agonie,maladie r_has_causatif,r_has_causitif
cadavre,mort r_has_causatif,r_has_causitif
depouille,mort r_has_causatif,r_has_causitif
corps,mort r_has_causatif,r_has_causitif
squelette,decomposition r_has_causatif,r_has_causitif
ossements,decomposition r_has_causatif,r_has_causitif
cendre,cremation r_has_causatif,r_has_causitif
poussiere,decomposition r_has_causatif,r_has_causitif
putrefaction,decomposition r_has_causatif,r_has_causitif
decomposition,mort r_has_causatif,r_has_causitif
momification,dessiccation r_has_causatif,r_has_causitif
fossilisation,mineralisation r_has_causatif,r_has_causitif
petrification,mineralisation r_has_causatif,r_has_causitif
fossilisation,sedimentation r_has_causatif,r_has_causitif
sedimentation,accumulation r_has_causatif,r_has_causitif
depot,sedimentation r_has_causatif,r_has_causitif
alluvion,crue r_has_causatif,r_has_causitif
limon,crue r_has_causatif,r_has_causitif
vase,stagnation r_has_causatif,r_has_causitif
boue,pluie r_has_causatif,r_has_causitif
gadoue,pluie r_has_causatif,r_has_causitif
fange,stagnation r_has_causatif,r_has_causitif
marecage,stagnation r_has_causatif,r_has_causitif
marais,stagnation r_has_causatif,r_has_causitif
tourbiere,accumulation r_has_causatif,r_has_causitif
tourbe,decomposition r_has_causatif,r_has_causitif
compost,decomposition r_has_causatif,r_has_causitif
humus,decomposition r_has_causatif,r_has_causitif
terreau,decomposition r_has_causatif,r_has_causitif
fertilisant,decomposition r_has_causatif,r_has_causitif
engrais,decomposition r_has_causatif,r_has_causitif
fumier,decomposition r_has_causatif,r_has_causitif
lisier,fermentation r_has_causatif,r_has_causitif
purin,maceration r_has_causatif,r_has_causitif
jus,pression r_has_causatif,r_has_causitif
suc,pression r_has_causatif,r_has_causitif
nectar,secretion r_has_causatif,r_has_causitif
miel,transformation r_has_causatif,r_has_causitif
cire,secretion r_has_causatif,r_has_causitif
propolis,secretion r_has_causatif,r_has_causitif
gelee,secretion r_has_causatif,r_has_causitif
lait,secretion r_has_causatif,r_has_causitif
creme,separation r_has_causatif,r_has_causitif
beurre,agitation r_has_causatif,r_has_causitif
fromage,fermentation r_has_causatif,r_has_causitif
yaourt,fermentation r_has_causatif,r_has_causitif
kefir,fermentation r_has_causatif,r_has_causitif
levain,fermentation r_has_causatif,r_has_causitif
levure,fermentation r_has_causatif,r_has_causitif
pain,cuisson r_has_causatif,r_has_causitif
mie,fermentation r_has_causatif,r_has_causitif
viennoiserie,cuisson r_has_causatif,r_has_causitif
patisserie,cuisson r_has_causatif,r_has_causitif
gateau,cuisson r_has_causatif,r_has_causitif
tarte,cuisson r_has_causatif,r_has_causitif
biscuit,cuisson r_has_causatif,r_has_causitif
cookie,cuisson r_has_causatif,r_has_causitif
crepe,cuisson r_has_causatif,r_has_causitif
galette,cuisson r_has_causatif,r_has_causitif
gaufre,cuisson r_has_causatif,r_has_causitif
omelette,cuisson r_has_causatif,r_has_causitif
souffle,cuisson r_has_causatif,r_has_causitif
meringue,cuisson r_has_causatif,r_has_causitif
caramel,caramelisation r_has_causatif,r_has_causitif
sucre,evaporation r_has_causatif,r_has_causitif
sirop,concentration r_has_causatif,r_has_causitif
confiture,cuisson r_has_causatif,r_has_causitif
marmelade,cuisson r_has_causatif,r_has_causitif
gelee,cuisson r_has_causatif,r_has_causitif
compote,cuisson r_has_causatif,r_has_causitif
puree,cuisson r_has_causatif,r_has_causitif
soupe,cuisson r_has_causatif,r_has_causitif
bouillon,cuisson r_has_causatif,r_has_causitif
consomme,reduction r_has_causatif,r_has_causitif
sauce,reduction r_has_causatif,r_has_causitif
coulis,cuisson r_has_causatif,r_has_causitif
roux,cuisson r_has_causatif,r_has_causitif
bechamel,cuisson r_has_causatif,r_has_causitif
veloute,cuisson r_has_causatif,r_has_causitif
creme,cuisson r_has_causatif,r_has_causitif
emulsion,agitation r_has_causatif,r_has_causitif
mayonnaise,emulsion r_has_causatif,r_has_causitif
vinaigrette,emulsion r_has_causatif,r_has_causitif
marinade,maceration r_has_causatif,r_has_causitif
saumure,dissolution r_has_causatif,r_has_causitif
salaison,impregnation r_has_causatif,r_has_causitif
conservation,salaison r_has_causatif,r_has_causitif
sechage,evaporation r_has_causatif,r_has_causitif
dessiccation,evaporation r_has_causatif,r_has_causitif
deshydratation,evaporation r_has_causatif,r_has_causitif
fumage,exposition r_has_causatif,r_has_causitif
cuisson,chaleur r_has_causatif,r_has_causitif
rotissage,chaleur r_has_causatif,r_has_causitif
grillage,chaleur r_has_causatif,r_has_causitif
friture,immersion r_has_causatif,r_has_causitif
carbonisation,combustion r_has_causatif,r_has_causitif
calcination,combustion r_has_causatif,r_has_causitif
charbon,carbonisation r_has_causatif,r_has_causitif
braise,combustion r_has_causatif,r_has_causitif
tison,combustion r_has_causatif,r_has_causitif
escarbille,combustion r_has_causatif,r_has_causitif
flammeche,combustion r_has_causatif,r_has_causitif
etincelle,friction r_has_causatif,r_has_causitif
flamme,combustion r_has_causatif,r_has_causitif
feu,combustion r_has_causatif,r_has_causitif
incendie,combustion r_has_causatif,r_has_causitif
brasier,combustion r_has_causatif,r_has_causitif
embrasement,propagation r_has_causatif,r_has_causitif
conflagration,propagation r_has_causatif,r_has_causitif
deflagration,combustion r_has_causatif,r_has_causitif
explosion,deflagration r_has_causatif,r_has_causitif
detonation,explosion r_has_causatif,r_has_causitif
souffle,explosion r_has_causatif,r_has_causitif
onde,explosion r_has_causatif,r_has_causitif
vibration,onde r_has_causatif,r_has_causitif
echo,reflexion r_has_causatif,r_has_causitif
repercussion,onde r_has_causatif,r_has_causitif
son,vibration r_has_causatif,r_has_causitif
elegance,mannequin r_has_property,r_has_property
rapidite,guepard r_has_property,r_has_property
courage,soldat r_has_property,r_has_property
douceur,miel r_has_property,r_has_property
finesse,bijou r_has_property,r_has_property
puissance,moteur r_has_property,r_has_property
agilite,chat r_has_property,r_has_property
tenacite,fourmi r_has_property,r_has_property
grace,danseur r_has_property,r_has_property
ruse,renard r_has_property,r_has_property
force,lion r_has_property,r_has_property
fragilite,verre r_has_property,r_has_property
souplesse,gymnaste r_has_property,r_has_property
precision,chirurgien r_has_property,r_has_property
patience,pecheur r_has_property,r_has_property
vanite,star r_has_property,r_has_property
gourmandise,gourmet r_has_property,r_has_property
paresse,chat r_has_property,r_has_property
colere,chef r_has_property,r_has_property
jalousie,rival r_has_property,r_has_property
generosite,bienfaiteur r_has_property,r_has_property
optimisme,jeunesse r_has_property,r_has_property
pessimisme,vieillard r_has_property,r_has_property
determination,sportif r_has_property,r_has_property
rigueur,scientifique r_has_property,r_has_property
fantaisie,poete r_has_property,r_has_property
sobriete,moine r_has_property,r_has_property
mefiance,vieillard r_has_property,r_has_property
complexite,probleme r_has_property,r_has_property
profondeur,pensee r_has_property,r_has_property
superficialite,conversation r_has_property,r_has_property
originalite,creation r_has_property,r_has_property
banalite,remarque r_has_property,r_has_property
beaute,paysage r_has_property,r_has_property
laideur,monstre r_has_property,r_has_property
harmonie,musique r_has_property,r_has_property
fluidite,mouvement r_has_property,r_has_property
legerete,plume r_has_property,r_has_property
opacite,verre r_has_property,r_has_property
brillance,diamant r_has_property,r_has_property
matite,surface r_has_property,r_has_property
douceur,velours r_has_property,r_has_property
aprete,vin r_has_property,r_has_property
fraicheur,fruit r_has_property,r_has_property
fadeur,plat r_has_property,r_has_property
richesse,sol r_has_property,r_has_property
pauvrete,terre r_has_property,r_has_property
fertilite,vallee r_has_property,r_has_property
aridite,desert r_has_property,r_has_property
stabilite,structure r_has_property,r_has_property
souplesse,tige r_has_property,r_has_property
rigidite,metal r_has_property,r_has_property
resistance,materiau r_has_property,r_has_property
durabilite,produit r_has_property,r_has_property
ephemere,fleur r_has_property,r_has_property
defaillance,systeme r_has_property,r_has_property
efficacite,methode r_has_property,r_has_property
inefficacite,procede r_has_property,r_has_property
praticite,solution r_has_property,r_has_property
commodite,dispositif r_has_property,r_has_property
incommodite,situation r_has_property,r_has_property
dangerosite,produit r_has_property,r_has_property
confort,siege r_has_property,r_has_property
inconfort,position r_has_property,r_has_property
austerite,cellule r_has_property,r_has_property
modernite,design r_has_property,r_has_property
archaisme,methode r_has_property,r_has_property
innovation,technologie r_has_property,r_has_property
tradition,culture r_has_property,r_has_property
progressisme,pensee r_has_property,r_has_property
prudence,decision r_has_property,r_has_property
temerite,conducteur r_has_property,r_has_property
circonspection,juge r_has_property,r_has_property
spontaneite,reaction r_has_property,r_has_property
calcul,geste r_has_property,r_has_property
sincerite,sentiment r_has_property,r_has_property
hypocrisie,comportement r_has_property,r_has_property
loyaute,compagnon r_has_property,r_has_property
fidelite,chien r_has_property,r_has_property
infidelite,partenaire r_has_property,r_has_property
devouement,mere r_has_property,r_has_property
altruisme,benevole r_has_property,r_has_property
indifference,spectateur r_has_property,r_has_property
compassion,soignant r_has_property,r_has_property
cruaute,bourreau r_has_property,r_has_property
bienveillance,professeur r_has_property,r_has_property
malveillance,critique r_has_property,r_has_property
independance,caractere de leader r_has_property,r_has_property
acuite,regard d observateur r_has_property,r_has_property
perspicacite,jugement de psychologue r_has_property,r_has_property
penetration d esprit,philosophe r_has_property,r_has_property
subtilite,raisonnement de logicien r_has_property,r_has_property
vivacite,repartie de debatteur r_has_property,r_has_property
fertilite d imagination,createur r_has_property,r_has_property
fecondite,travail d artiste r_has_property,r_has_property
abondance,production d usine r_has_property,r_has_property
rarete,ressource de region r_has_property,r_has_property
diversite d offre,magasin r_has_property,r_has_property
uniformite,produit de chaine r_has_property,r_has_property
regularite,rythme de machine r_has_property,r_has_property
irregularite,battement de cœur r_has_property,r_has_property
symetrie,forme de cristal r_has_property,r_has_property
asymetrie,composition de tableau r_has_property,r_has_property
proportion,taille de modele r_has_property,r_has_property
demesure d ambition,conquerant r_has_property,r_has_property
moderation,propos de diplomate r_has_property,r_has_property
exageration,recit de conteur r_has_property,r_has_property
minimalisme,style de designer r_has_property,r_has_property
ostentation,richesse de parvenu r_has_property,r_has_property
discretion,presence de serviteur r_has_property,r_has_property
emphase,discours d orateur r_has_property,r_has_property
laconisme,reponse de militaire r_has_property,r_has_property
prolixite d ecrivain,romancier r_has_property,r_has_property
concision,style de journaliste r_has_property,r_has_property
elegance,solution de mathematicien r_has_property,r_has_property
lourdeur,demonstration d etudiant r_has_property,r_has_property
limpidite d expression,poete r_has_property,r_has_property
obscurite,texte de philosophe r_has_property,r_has_property
accessibilite,langage de vulgarisateur r_has_property,r_has_property
hermetisme,theorie de physicien r_has_property,r_has_property
popularite,chanson d artiste r_has_property,r_has_property
meconnaissance d œuvre,compositeur r_has_property,r_has_property
celebrite d acteur,star r_has_property,r_has_property
anonymat d employe,fonctionnaire r_has_property,r_has_property
discredit,politicien de scandale r_has_property,r_has_property
honneur,famille de tradition r_has_property,r_has_property
honte,communaute de faute r_has_property,r_has_property
dignite,comportement de personne r_has_property,r_has_property
noblesse,cœur de bienfaiteur r_has_property,r_has_property
vilenie,caractere de criminel r_has_property,r_has_property
grandeur d ame,heros r_has_property,r_has_property
petitesse d esprit,jaloux r_has_property,r_has_property
magnanimite,vainqueur de champion r_has_property,r_has_property
mesquinerie,perdant de rival r_has_property,r_has_property
generosite,don de mecene r_has_property,r_has_property
radinerie d avare,pingre r_has_property,r_has_property
prodigalite d heritier,playboy r_has_property,r_has_property
economie,gestion d administrateur r_has_property,r_has_property
gaspillage,ressources de societe r_has_property,r_has_property
prevoyance,gestion de directeur r_has_property,r_has_property
imprevoyance,planification d equipe r_has_property,r_has_property
vigilance,garde de sentinelle r_has_property,r_has_property
negligence,surveillance de gardien r_has_property,r_has_property
attention,detail d artisan r_has_property,r_has_property
inattention,conducteur d automobiliste r_has_property,r_has_property
precipitation,decision de manager r_has_property,r_has_property
lenteur,reflexion de bureaucrate r_has_property,r_has_property
diligence,travail d employe r_has_property,r_has_property
assiduite,presence d eleve r_has_property,r_has_property
absenteisme,travail d employe r_has_property,r_has_property
ponctualite d arrivee,professionnel r_has_property,r_has_property
retard,train de conducteur r_has_property,r_has_property
ponctualite,paiement de client r_has_property,r_has_property
default,remboursement de debiteur r_has_property,r_has_property
fiabilite,service d entreprise r_has_property,r_has_property
inconstance,qualite de produit r_has_property,r_has_property
stabilite,prix de marche r_has_property,r_has_property
volatilite,cours d action r_has_property,r_has_property
croissance d economie,pays r_has_property,r_has_property
stagnation,secteur d industrie r_has_property,r_has_property
expansion d entreprise,groupe r_has_property,r_has_property
recession d activite,region r_has_property,r_has_property
prosperite,commerce de ville r_has_property,r_has_property
declin d industrie,region r_has_property,r_has_property
essor,technologie de startup r_has_property,r_has_property
obsolescence,materiel d entreprise r_has_property,r_has_property
vetuste d installation,batiment r_has_property,r_has_property
innovation,procede d ingenieur r_has_property,r_has_property
routine,travail d employe r_has_property,r_has_property
creativite d approche,designer r_has_property,r_has_property
conformisme,pensee de groupe r_has_property,r_has_property
originalite,concept d inventeur r_has_property,r_has_property
banalite d idee,participant r_has_property,r_has_property
prudence,suggestion de conseiller r_has_property,r_has_property
ambition,projet d entrepreneur r_has_property,r_has_property
modestie d objectif,petite entreprise r_has_property,r_has_property
envergure,programme de gouvernement r_has_property,r_has_property
limitation,moyen d association r_has_property,r_has_property
ampleur,defi d equipe r_has_property,r_has_property
modestie,resultat de debutant r_has_property,r_has_property
succes d entreprise,dirigeant r_has_property,r_has_property
echec,strategie de management r_has_property,r_has_property
reussite d operation,chirurgien r_has_property,r_has_property
insucces,traitement de medecin r_has_property,r_has_property
triomphe,performance d artiste r_has_property,r_has_property
fiasco,representation d acteur r_has_property,r_has_property
gloire,victoire de champion r_has_property,r_has_property
opprobre,defaite d equipe r_has_property,r_has_property
honneur,medaille de sportif r_has_property,r_has_property
deshonneur,disqualification d athlete r_has_property,r_has_property
merite,reussite d etudiant r_has_property,r_has_property
demerite d echec,candidat r_has_property,r_has_property
valeur,contribution de collaborateur r_has_property,r_has_property
inutilite d effort,benevole r_has_property,r_has_property
efficacite,methode d enseignant r_has_property,r_has_property
inefficacite,technique de therapeute r_has_property,r_has_property
competence,professionnel d expert r_has_property,r_has_property
incompetence d employe,stagiaire r_has_property,r_has_property
maitrise,sujet de professeur r_has_property,r_has_property
ignorance,domaine de novice r_has_property,r_has_property
savoir,specialiste de chercheur r_has_property,r_has_property
erudition,savant d academicien r_has_property,r_has_property
inculture d individu,personne r_has_property,r_has_property
connaissance,terrain de guide r_has_property,r_has_property
meconnaissance,region de touriste r_has_property,r_has_property
experience,vie de senior r_has_property,r_has_property
inexperience,jeunesse de debutant r_has_property,r_has_property
expertise,domaine de consultant r_has_property,r_has_property
amateurisme d approche,passionne r_has_property,r_has_property
professionalisme,service d entreprise r_has_property,r_has_property
specialisation,metier de technicien r_has_property,r_has_property
polyvalence,competence d employe r_has_property,r_has_property
versatilite d humeur,personne r_has_property,r_has_property
constance d effort,travailleur r_has_property,r_has_property
perseverance,chercheur de scientifique r_has_property,r_has_property
acharnement,travail d entrepreneur r_has_property,r_has_property
obstination,caractere d individu r_has_property,r_has_property
entetement,decision de dirigeant r_has_property,r_has_property
opiniatrete,defense d avocat r_has_property,r_has_property
inflexibilite,position de negociateur r_has_property,r_has_property
intransigeance,principe de juge r_has_property,r_has_property
souplesse d approche,mediateur r_has_property,r_has_property
conciliation d attitude,diplomate r_has_property,r_has_property
compromis,solution d accord r_has_property,r_has_property
intransigeance,demande de partie r_has_property,r_has_property
rigueur d application,regle r_has_property,r_has_property
laxisme,controle d autorite r_has_property,r_has_property
severite,jugement de critique r_has_property,r_has_property
clemence,sentence de juge r_has_property,r_has_property
indulgence,parent de mere r_has_property,r_has_property
intolerance,comportement de fanatique r_has_property,r_has_property
ouverture d esprit,personne r_has_property,r_has_property
etroitesse,vue de conservateur r_has_property,r_has_property
largeur,perspective de visionnaire r_has_property,r_has_property
prescience,decision de leader r_has_property,r_has_property
aveuglement,choix de politique r_has_property,r_has_property
lucidite,diagnostic de medecin r_has_property,r_has_property
illusion,perception de patient r_has_property,r_has_property
utopie,projet de reveur r_has_property,r_has_property
pragmatisme d approche,manager r_has_property,r_has_property
idealisme,vision de reformateur r_has_property,r_has_property
cynisme,remarque de critique r_has_property,r_has_property
naivete,croyance d enfant r_has_property,r_has_property
scepticisme d attitude,scientifique r_has_property,r_has_property
credulite d adepte,secte r_has_property,r_has_property
critique d analyse,journaliste r_has_property,r_has_property
apologie,systeme de partisan r_has_property,r_has_property
objectivite,reportage de media r_has_property,r_has_property
partialite,jugement d arbitre r_has_property,r_has_property
impartialite,decision de tribunal r_has_property,r_has_property
injustice,verdict de cour r_has_property,r_has_property
equite,traitement d administration r_has_property,r_has_property
iniquite,systeme de regime r_has_property,r_has_property
justice,cause de mouvement r_has_property,r_has_property
tort d argument,partie r_has_property,r_has_property
raison,position de defenseur r_has_property,r_has_property
deraison d exigence,demandeur r_has_property,r_has_property
logique,raisonnement de philosophe r_has_property,r_has_property
illogisme,conclusion d etudiant r_has_property,r_has_property
coherence,discours de politicien r_has_property,r_has_property
incoherence,propos d orateur r_has_property,r_has_property
consistance d argument,these r_has_property,r_has_property
faiblesse,demonstration de plaidoyer r_has_property,r_has_property
solidite,preuve d enquete r_has_property,r_has_property
fragilite,temoignage de temoin r_has_property,r_has_property
veracite,recit d historien r_has_property,r_has_property
mensonge,declaration de suspect r_has_property,r_has_property
sincerite,confession d accuse r_has_property,r_has_property
franchise,parole d ami r_has_property,r_has_property
transparence,procedure d institution r_has_property,r_has_property
opacite,fonctionnement d organisation r_has_property,r_has_property
clarte,compte d entreprise r_has_property,r_has_property
obscurite,financement d association r_has_property,r_has_property
probite,gestion d administrateur r_has_property,r_has_property
malversation,fonds de tresorier r_has_property,r_has_property
honnetete,transaction de commercant r_has_property,r_has_property
duplicite,negociation de partenaire r_has_property,r_has_property
loyaute,collaboration d associe r_has_property,r_has_property
infidelite,promesse de partenaire r_has_property,r_has_property
inconstance,sentiment d amant r_has_property,r_has_property
devouement,service d employe r_has_property,r_has_property
negligence,tache de fonctionnaire r_has_property,r_has_property
ponctualite,livraison de fournisseur r_has_property,r_has_property
retard,production d usine r_has_property,r_has_property
qualite,fabrication d artisan r_has_property,r_has_property
defaut,produit de manufacture r_has_property,r_has_property
perfection d execution,maitre r_has_property,r_has_property
imperfection,travail d apprenti r_has_property,r_has_property
soin,realisation d artiste r_has_property,r_has_property
negligence,finition d ouvrier r_has_property,r_has_property
precision,mesure de scientifique r_has_property,r_has_property
approximation,calcul d etudiant r_has_property,r_has_property
exactitude d information,source r_has_property,r_has_property
erreur,donnee de base r_has_property,r_has_property
fiabilite,systeme de technologie r_has_property,r_has_property
panne d equipement,machine r_has_property,r_has_property
efficience,processus d entreprise r_has_property,r_has_property
gaspillage,ressource de gestion r_has_property,r_has_property
rentabilite d investissement,projet r_has_property,r_has_property
productivite,travail d equipe r_has_property,r_has_property
oisivete,personnel de service r_has_property,r_has_property
innovation,produit de departement r_has_property,r_has_property
dynamisme,marche de secteur r_has_property,r_has_property
immobilisme d industrie,branche r_has_property,r_has_property
competitivite,prix de produit r_has_property,r_has_property
non concurrence,position de monopole r_has_property,r_has_property
attractivite,destination de ville r_has_property,r_has_property
repoussement d aspect,lieu r_has_property,r_has_property
charme,quartier de vieille ville r_has_property,r_has_property
insignifiance,bourgade de village r_has_property,r_has_property
excellence,formation de centre r_has_property,r_has_property
faiblesse,programme de cours r_has_property,r_has_property
rigueur d enseignement,professeur r_has_property,r_has_property
laxisme d education,systeme r_has_property,r_has_property
severite,notation d examinateur r_has_property,r_has_property
clemence,correction d enseignant r_has_property,r_has_property
exigence,standard d industrie r_has_property,r_has_property
tolerance,defaut de production r_has_property,r_has_property
perfectionnisme d artisan,maitre r_has_property,r_has_property
approximation,travail d amateur r_has_property,r_has_property
meticulosite,preparation de chef r_has_property,r_has_property
ordre,classement de bibliotheque r_has_property,r_has_property
desordre d arrangement,collection r_has_property,r_has_property
salete,lieu d usine r_has_property,r_has_property
hygiene,pratique de restaurant r_has_property,r_has_property
insalubrite,condition de logement r_has_property,r_has_property
dangerosite,situation de chantier r_has_property,r_has_property
inconfort,disposition de piece r_has_property,r_has_property
functionnalite,design de produit r_has_property,r_has_property
inutilite,fonction de gadget r_has_property,r_has_property
ergonomie d interface,logiciel r_has_property,r_has_property
complexite d utilisation,systeme r_has_property,r_has_property
complication,procedure d administration r_has_property,r_has_property
intuitivite,navigation de site r_has_property,r_has_property
confusion,menu d application r_has_property,r_has_property
clarte d instruction,manuel r_has_property,r_has_property
obscurite,notice de produit r_has_property,r_has_property
accessibilite d information,base r_has_property,r_has_property
hermetisme,langage de specialiste r_has_property,r_has_property
comprehensibilite,texte d auteur r_has_property,r_has_property
inintelligibilite,message d orateur r_has_property,r_has_property
persuasivite d argument,vendeur r_has_property,r_has_property
faiblesse,demonstration de candidat r_has_property,r_has_property
force,conviction de leader r_has_property,r_has_property
doute d assertion,theorie r_has_property,r_has_property
certitude,conclusion d expert r_has_property,r_has_property
incertitude,resultat d experience r_has_property,r_has_property
probabilite,succes d entreprise r_has_property,r_has_property
improbabilite,realisation de projet r_has_property,r_has_property
possibilite,solution d approche r_has_property,r_has_property
impossibilite,resolution de probleme r_has_property,r_has_property
faisabilite,plan de strategie r_has_property,r_has_property
irrealisme d objectif,vision r_has_property,r_has_property
realisme d ambition,projet r_has_property,r_has_property
utopie,reve d idealiste r_has_property,r_has_property
pragmatisme,decision de manager r_has_property,r_has_property
idealisme,principe de reformateur r_has_property,r_has_property
opportunisme,comportement de politicien r_has_property,r_has_property
integrite,caractere de personne r_has_property,r_has_property
corruption,systeme de gouvernement r_has_property,r_has_property
probite,fonctionnaire d administration r_has_property,r_has_property
prevarication d officiel,regime r_has_property,r_has_property
opacite,decision de comite r_has_property,r_has_property
democratie,processus d election r_has_property,r_has_property
autoritarisme,regime de gouvernement r_has_property,r_has_property
liberalisme,politique d etat r_has_property,r_has_property
totalitarisme,systeme de dictature r_has_property,r_has_property
pluralisme d opinion,societe r_has_property,r_has_property
uniformite,pensee de regime r_has_property,r_has_property
diversite,culture de communaute r_has_property,r_has_property
homogeneite,population de region r_has_property,r_has_property
heterogeneite,groupe d equipe r_has_property,r_has_property
unite d action,mouvement r_has_property,r_has_property
division d effort,coalition r_has_property,r_has_property
cohesion,groupe d equipe r_has_property,r_has_property
desunion,membres d association r_has_property,r_has_property
solidarite,communaute de village r_has_property,r_has_property
individualisme,societe de moderne r_has_property,r_has_property
collectivisme d approche,systeme r_has_property,r_has_property
altruisme d action,benevole r_has_property,r_has_property
avarice d accumulation,capitaliste r_has_property,r_has_property
prodigalite,depense d heritier r_has_property,r_has_property
economie,gestion de menage r_has_property,r_has_property
durabilite,produit de fabrication r_has_property,r_has_property
obsolescence,technologie d appareil r_has_property,r_has_property
soutenabilite,developpement de projet r_has_property,r_has_property
insoutenabilite,croissance de modele r_has_property,r_has_property
respect d environnement,politique r_has_property,r_has_property
conservation,ressource de strategie r_has_property,r_has_property
epuisement,reserve de matiere r_has_property,r_has_property
renouvellement,stock de gestion r_has_property,r_has_property
diminution,quantite de production r_has_property,r_has_property
augmentation,volume de vente r_has_property,r_has_property
sagesse,sage r_has_property,r_has_property
audace,entrepreneur r_has_property,r_has_property
intelligence,eleve r_has_property,r_has_property
credulite,enfant r_has_property,r_has_property
avarice,avare r_has_property,r_has_property
curiosite,enfant r_has_property,r_has_property
nonchalance,artiste r_has_property,r_has_property
timidite,adolescent r_has_property,r_has_property
extravagance,artiste r_has_property,r_has_property
exuberance,enfant r_has_property,r_has_property
ingeniosite,inventeur r_has_property,r_has_property
clarte,explication r_has_property,r_has_property
dissonance,accord r_has_property,r_has_property
raideur,articulation r_has_property,r_has_property
lourdeur,atmosphere r_has_property,r_has_property
transparence,eau r_has_property,r_has_property
instabilite,equilibre r_has_property,r_has_property
constance,ami r_has_property,r_has_property
inconstance,humeur r_has_property,r_has_property
fiabilite,outil r_has_property,r_has_property
inutilite,objet r_has_property,r_has_property
securite,environnement r_has_property,r_has_property
luxe,hotel r_has_property,r_has_property
conservatisme,institution r_has_property,r_has_property
trahison,ami r_has_property,r_has_property
egoisme,individu r_has_property,r_has_property
sagesse,personne r_has_property,r_has_property
elegance,danseuse r_has_property,r_has_property
rapidite,gazelle r_has_property,r_has_property
courage,femme r_has_property,r_has_property
douceur,caresse r_has_property,r_has_property
finesse,œuvre r_has_property,r_has_property
puissance,voiture r_has_property,r_has_property
agilite,panthere r_has_property,r_has_property
grace,ballerine r_has_property,r_has_property
ruse,renarde r_has_property,r_has_property
force,lionne r_has_property,r_has_property
fragilite,porcelaine r_has_property,r_has_property
souplesse,acrobate r_has_property,r_has_property
precision,operation r_has_property,r_has_property
audace,decision r_has_property,r_has_property
patience,mere r_has_property,r_has_property
gourmandise,gourmande r_has_property,r_has_property
paresse,chatte r_has_property,r_has_property
colere,directrice r_has_property,r_has_property
jalousie,rivale r_has_property,r_has_property
generosite,bienfaitrice r_has_property,r_has_property
pessimisme,personne r_has_property,r_has_property
determination,sportive r_has_property,r_has_property
timidite,adolescente r_has_property,r_has_property
fantaisie,poetesse r_has_property,r_has_property
sobriete,nonne r_has_property,r_has_property
mefiance,vieille r_has_property,r_has_property
ingeniosite,inventrice r_has_property,r_has_property
complexite,situation r_has_property,r_has_property
profondeur,analyse r_has_property,r_has_property
superficialite,relation r_has_property,r_has_property
originalite,idee r_has_property,r_has_property
banalite,conversation r_has_property,r_has_property
beaute,femme r_has_property,r_has_property
laideur,creature r_has_property,r_has_property
harmonie,melodie r_has_property,r_has_property
dissonance,note r_has_property,r_has_property
fluidite,phrase r_has_property,r_has_property
raideur,attitude r_has_property,r_has_property
legerete,matiere r_has_property,r_has_property
lourdeur,ambiance r_has_property,r_has_property
opacite,substance r_has_property,r_has_property
brillance,pierre r_has_property,r_has_property
matite,couleur r_has_property,r_has_property
douceur,voix r_has_property,r_has_property
aprete,critique r_has_property,r_has_property
fraicheur,brise r_has_property,r_has_property
fadeur,saveur r_has_property,r_has_property
richesse,terre r_has_property,r_has_property
pauvrete,region r_has_property,r_has_property
fertilite,plaine r_has_property,r_has_property
aridite,zone r_has_property,r_has_property
instabilite,situation r_has_property,r_has_property
souplesse,branche r_has_property,r_has_property
rigidite,regle r_has_property,r_has_property
resistance,matiere r_has_property,r_has_property
durabilite,construction r_has_property,r_has_property
ephemere,beaute r_has_property,r_has_property
constance,amie r_has_property,r_has_property
fiabilite,machine r_has_property,r_has_property
defaillance,piece r_has_property,r_has_property
inefficacite,technique r_has_property,r_has_property
inutilite,fonction r_has_property,r_has_property
commodite,installation r_has_property,r_has_property
incommodite,position r_has_property,r_has_property
securite,ville r_has_property,r_has_property
dangerosite,substance r_has_property,r_has_property
confort,maison r_has_property,r_has_property
inconfort,situation r_has_property,r_has_property
luxe,residence r_has_property,r_has_property
austerite,vie r_has_property,r_has_property
modernite,conception r_has_property,r_has_property
archaisme,loi r_has_property,r_has_property
innovation,approche r_has_property,r_has_property
tradition,famille r_has_property,r_has_property
progressisme,politique r_has_property,r_has_property
prudence,attitude r_has_property,r_has_property
temerite,action r_has_property,r_has_property
circonspection,reponse r_has_property,r_has_property
calcul,manœuvre r_has_property,r_has_property
sincerite,emotion r_has_property,r_has_property
hypocrisie,parole r_has_property,r_has_property
loyaute,amie r_has_property,r_has_property
trahison,confidente r_has_property,r_has_property
fidelite,epouse r_has_property,r_has_property
egoisme,personne r_has_property,r_has_property
altruisme,action r_has_property,r_has_property
indifference,attitude r_has_property,r_has_property
compassion,soignante r_has_property,r_has_property
cruaute,decision r_has_property,r_has_property
bienveillance,intention r_has_property,r_has_property
acuite,sens r_has_property,r_has_property
amplitude,mouvement r_has_property,r_has_property
ardeur,combat r_has_property,r_has_property
aprete,lutte r_has_property,r_has_property
austerite,regime r_has_property,r_has_property
authenticite,sentiment r_has_property,r_has_property
autorite,chef r_has_property,r_has_property
beaute,œuvre r_has_property,r_has_property
brievete,instant r_has_property,r_has_property
brutalite,choc r_has_property,r_has_property
cadence,rythme r_has_property,r_has_property
candeur,regard r_has_property,r_has_property
capacite,reservoir r_has_property,r_has_property
caractere,homme r_has_property,r_has_property
chaleur,foyer r_has_property,r_has_property
charme,sourire r_has_property,r_has_property
clarte,idee r_has_property,r_has_property
complexite,mecanisme r_has_property,r_has_property
courage,decision r_has_property,r_has_property
courtoisie,hote r_has_property,r_has_property
credibilite,temoignage r_has_property,r_has_property
delicatesse,parfum r_has_property,r_has_property
densite,population r_has_property,r_has_property
determination,regard r_has_property,r_has_property
douceur,melodie r_has_property,r_has_property
durete,epreuve r_has_property,r_has_property
efficacite,remede r_has_property,r_has_property
elegance,solution r_has_property,r_has_property
energie,athlete r_has_property,r_has_property
enormite,tache r_has_property,r_has_property
enthousiasme,enfant r_has_property,r_has_property
equilibre,structure r_has_property,r_has_property
etrangete,situation r_has_property,r_has_property
exactitude,mesure r_has_property,r_has_property
excellence,produit r_has_property,r_has_property
finesse,trait r_has_property,r_has_property
fragilite,equilibre r_has_property,r_has_property
fraicheur,impression r_has_property,r_has_property
generosite,don r_has_property,r_has_property
gracilite,forme r_has_property,r_has_property
grandeur,projet r_has_property,r_has_property
gravite,blessure r_has_property,r_has_property
harmonie,ensemble r_has_property,r_has_property
hate,depart r_has_property,r_has_property
humilite,savant r_has_property,r_has_property
immensite,paysage r_has_property,r_has_property
importance,evenement r_has_property,r_has_property
imprevisibilite,resultat r_has_property,r_has_property
incertitude,avenir r_has_property,r_has_property
innocence,enfant r_has_property,r_has_property
intensite,couleur r_has_property,r_has_property
jeunesse,nation r_has_property,r_has_property
largeur,esprit r_has_property,r_has_property
limpidite,ruisseau r_has_property,r_has_property
lourdeur,silence r_has_property,r_has_property
lucidite,vieillard r_has_property,r_has_property
magnificence,palais r_has_property,r_has_property
majeste,paysage r_has_property,r_has_property
maturite,fruit r_has_property,r_has_property
modestie,heros r_has_property,r_has_property
monotonie,travail r_has_property,r_has_property
noblesse,geste r_has_property,r_has_property
nudite,fait r_has_property,r_has_property
opacite,mystere r_has_property,r_has_property
originalite,style r_has_property,r_has_property
paleur,visage r_has_property,r_has_property
penibilite,travail r_has_property,r_has_property
perfection,detail r_has_property,r_has_property
perseverance,chercheur r_has_property,r_has_property
pertinence,remarque r_has_property,r_has_property
pittoresque,village r_has_property,r_has_property
plasticite,matiere r_has_property,r_has_property
purete,source r_has_property,r_has_property
qualite,travail r_has_property,r_has_property
quantite,production r_has_property,r_has_property
rapidite,execution r_has_property,r_has_property
rarete,objet r_has_property,r_has_property
realisme,portrait r_has_property,r_has_property
regularite,pouls r_has_property,r_has_property
richesse,culture r_has_property,r_has_property
rigueur,hiver r_has_property,r_has_property
robustesse,materiau r_has_property,r_has_property
rudesse,climat r_has_property,r_has_property
sagesse,peuple r_has_property,r_has_property
sante,economie r_has_property,r_has_property
sauvagerie,animal r_has_property,r_has_property
severite,jugement r_has_property,r_has_property
simplicite,methode r_has_property,r_has_property
solennite,moment r_has_property,r_has_property
solidite,amitie r_has_property,r_has_property
souplesse,regle r_has_property,r_has_property
spontaneite,mouvement r_has_property,r_has_property
stabilite,gouvernement r_has_property,r_has_property
subtilite,allusion r_has_property,r_has_property
surete,instinct r_has_property,r_has_property
tendresse,mere r_has_property,r_has_property
tenacite,idee r_has_property,r_has_property
tension,situation r_has_property,r_has_property
timidite,fleur r_has_property,r_has_property
tranquillite,lieu r_has_property,r_has_property
transparence,intention r_has_property,r_has_property
tristesse,adieu r_has_property,r_has_property
unite,equipe r_has_property,r_has_property
urbanite,citadin r_has_property,r_has_property
utilite,outil r_has_property,r_has_property
vacuite,existence r_has_property,r_has_property
valeur,principe r_has_property,r_has_property
vanite,espoir r_has_property,r_has_property
variete,offre r_has_property,r_has_property
velocite,coureur r_has_property,r_has_property
vehemence,protestation r_has_property,r_has_property
veracite,recit r_has_property,r_has_property
vigueur,plante r_has_property,r_has_property
violence,orage r_has_property,r_has_property
virilite,homme r_has_property,r_has_property
virtuosite,musicien r_has_property,r_has_property
vivacite,debat r_has_property,r_has_property
volubilite,orateur r_has_property,r_has_property
volupte,fruit r_has_property,r_has_property
acuite,perception r_has_property,r_has_property
amplitude,maree r_has_property,r_has_property
ardeur,jeunesse r_has_property,r_has_property
aprete,competition r_has_property,r_has_property
austerite,regle r_has_property,r_has_property
authenticite,demarche r_has_property,r_has_property
autorite,loi r_has_property,r_has_property
beaute,nature r_has_property,r_has_property
brievete,vie r_has_property,r_has_property
brutalite,verite r_has_property,r_has_property
cadence,danse r_has_property,r_has_property
candeur,reponse r_has_property,r_has_property
capacite,memoire r_has_property,r_has_property
caractere,pierre r_has_property,r_has_property
chaleur,lumiere r_has_property,r_has_property
charme,nouveaute r_has_property,r_has_property
clarte,pensee r_has_property,r_has_property
courtoisie,reception r_has_property,r_has_property
credibilite,source r_has_property,r_has_property
delicatesse,situation r_has_property,r_has_property
densite,foret r_has_property,r_has_property
determination,volonte r_has_property,r_has_property
durete,realite r_has_property,r_has_property
elegance,demarche r_has_property,r_has_property
energie,jeunesse r_has_property,r_has_property
enthousiasme,foule r_has_property,r_has_property
equilibre,composition r_has_property,r_has_property
etrangete,coincidence r_has_property,r_has_property
exactitude,copie r_has_property,r_has_property
excellence,qualite r_has_property,r_has_property
finesse,l analyse r_has_property,r_has_property
fragilite,l equilibre r_has_property,r_has_property
generosite,l offre r_has_property,r_has_property
gracilite,silhouette r_has_property,r_has_property
grandeur,l idee r_has_property,r_has_property
gravite,l infection r_has_property,r_has_property
harmonie,l ensemble r_has_property,r_has_property
hate,preparation r_has_property,r_has_property
humilite,demande r_has_property,r_has_property
immensite,l espace r_has_property,r_has_property
importance,decouverte r_has_property,r_has_property
imprevisibilite,meteo r_has_property,r_has_property
incertitude,l issue r_has_property,r_has_property
innocence,victime r_has_property,r_has_property
intensite,douleur r_has_property,r_has_property
jeunesse,l equipe r_has_property,r_has_property
largeur,riviere r_has_property,r_has_property
limpidite,l eau r_has_property,r_has_property
lourdeur,l atmosphere r_has_property,r_has_property
lucidite,l analyse r_has_property,r_has_property
magnificence,l edifice r_has_property,r_has_property
majeste,montagne r_has_property,r_has_property
maturite,reflexion r_has_property,r_has_property
modestie,revendication r_has_property,r_has_property
monotonie,routine r_has_property,r_has_property
noblesse,l intention r_has_property,r_has_property
nudite,verite r_has_property,r_has_property
opacite,decision r_has_property,r_has_property
originalite,l approche r_has_property,r_has_property
paleur,lune r_has_property,r_has_property
penibilite,tache r_has_property,r_has_property
perfection,forme r_has_property,r_has_property
perseverance,l effort r_has_property,r_has_property
pertinence,question r_has_property,r_has_property
pittoresque,scene r_has_property,r_has_property
plasticite,l argile r_has_property,r_has_property
purete,l air r_has_property,r_has_property
qualite,relation r_has_property,r_has_property
quantite,l information r_has_property,r_has_property
rapidite,reaction r_has_property,r_has_property
rarete,l espece r_has_property,r_has_property
realisme,description r_has_property,r_has_property
regularite,respiration r_has_property,r_has_property
richesse,langue r_has_property,r_has_property
rigueur,discipline r_has_property,r_has_property
robustesse,construction r_has_property,r_has_property
rudesse,mer r_has_property,r_has_property
sagesse,decision r_has_property,r_has_property
sante,democratie r_has_property,r_has_property
sauvagerie,l attaque r_has_property,r_has_property
severite,punition r_has_property,r_has_property
simplicite,solution r_has_property,r_has_property
sincerite,l engagement r_has_property,r_has_property
solennite,ceremonie r_has_property,r_has_property
solidite,l argument r_has_property,r_has_property
souplesse,demarche r_has_property,r_has_property
stabilite,monnaie r_has_property,r_has_property
subtilite,l humour r_has_property,r_has_property
surete,jugement r_has_property,r_has_property
tendresse,l amour r_has_property,r_has_property
tenacite,conviction r_has_property,r_has_property
tension,l attente r_has_property,r_has_property
timidite,l animal r_has_property,r_has_property
tranquillite,nuit r_has_property,r_has_property
transparence,l eau r_has_property,r_has_property
tristesse,separation r_has_property,r_has_property
unite,famille r_has_property,r_has_property
urbanite,population r_has_property,r_has_property
utilite,l invention r_has_property,r_has_property
vacuite,l existence r_has_property,r_has_property
valeur,l amitie r_has_property,r_has_property
vanite,l entreprise r_has_property,r_has_property
variete,l offre r_has_property,r_has_property
velocite,course r_has_property,r_has_property
vehemence,critique r_has_property,r_has_property
veracite,l histoire r_has_property,r_has_property
vigueur,protestation r_has_property,r_has_property
violence,tempete r_has_property,r_has_property
virilite,race r_has_property,r_has_property
virtuosite,l execution r_has_property,r_has_property
vivacite,l esprit r_has_property,r_has_property
volubilite,conversation r_has_property,r_has_property
volupte,chair r_has_property,r_has_property
amplitude,son r_has_property,r_has_property
aprete,debat r_has_property,r_has_property
austerite,decor r_has_property,r_has_property
authenticite,temoignage r_has_property,r_has_property
autorite,maitre r_has_property,r_has_property
beaute,geste r_has_property,r_has_property
brievete,moment r_has_property,r_has_property
cadence,travail r_has_property,r_has_property
caractere,sol r_has_property,r_has_property
chaleur,soleil r_has_property,r_has_property
charme,souvenir r_has_property,r_has_property
clarte,ciel r_has_property,r_has_property
courage,heros r_has_property,r_has_property
courtoisie,geste r_has_property,r_has_property
credibilite,recit r_has_property,r_has_property
densite,brouillard r_has_property,r_has_property
douceur,vent r_has_property,r_has_property
durete,metal r_has_property,r_has_property
efficacite,traitement r_has_property,r_has_property
elegance,mouvement r_has_property,r_has_property
energie,vent r_has_property,r_has_property
enormite,crime r_has_property,r_has_property
enthousiasme,public r_has_property,r_has_property
equilibre,corps r_has_property,r_has_property
etrangete,phenomene r_has_property,r_has_property
exactitude,calcul r_has_property,r_has_property
excellence,service r_has_property,r_has_property
finesse,gout r_has_property,r_has_property
fraicheur,matin r_has_property,r_has_property
generosite,cœur r_has_property,r_has_property
gracilite,cou r_has_property,r_has_property
grandeur,sacrifice r_has_property,r_has_property
gravite,diagnostic r_has_property,r_has_property
harmonie,paysage r_has_property,r_has_property
immensite,ciel r_has_property,r_has_property
importance,role r_has_property,r_has_property
incertitude,lendemain r_has_property,r_has_property
innocence,regard r_has_property,r_has_property
intensite,feu r_has_property,r_has_property
jeunesse,visage r_has_property,r_has_property
largeur,fleuve r_has_property,r_has_property
limpidite,regard r_has_property,r_has_property
magnificence,spectacle r_has_property,r_has_property
majeste,l aigle r_has_property,r_has_property
maturite,raisin r_has_property,r_has_property
modestie,logement r_has_property,r_has_property
monotonie,paysage r_has_property,r_has_property
noblesse,metal r_has_property,r_has_property
nudite,faits r_has_property,r_has_property
originalite,proposition r_has_property,r_has_property
paleur,teint r_has_property,r_has_property
penibilite,metier r_has_property,r_has_property
pertinence,l observation r_has_property,r_has_property
pittoresque,lieu r_has_property,r_has_property
plasticite,cire r_has_property,r_has_property
purete,marbre r_has_property,r_has_property
rapidite,l intervention r_has_property,r_has_property
rarete,minerai r_has_property,r_has_property
regularite,rythme r_has_property,r_has_property
rigueur,froid r_has_property,r_has_property
robustesse,chene r_has_property,r_has_property
sagesse,l age r_has_property,r_has_property
sante,patient r_has_property,r_has_property
sauvagerie,fauve r_has_property,r_has_property
severite,regard r_has_property,r_has_property
simplicite,moyens r_has_property,r_has_property
sincerite,sentiments r_has_property,r_has_property
solennite,serment r_has_property,r_has_property
solidite,roc r_has_property,r_has_property
souplesse,roseau r_has_property,r_has_property
spontaneite,l enfant r_has_property,r_has_property
stabilite,marche r_has_property,r_has_property
subtilite,l esprit r_has_property,r_has_property
surete,main r_has_property,r_has_property
tendresse,souvenir r_has_property,r_has_property
tenacite,resistance r_has_property,r_has_property
timidite,biche r_has_property,r_has_property
transparence,l air r_has_property,r_has_property
tristesse,paysage r_has_property,r_has_property
unite,groupe r_has_property,r_has_property
urbanite,manieres r_has_property,r_has_property
utilite,l objet r_has_property,r_has_property
vacuite,discours r_has_property,r_has_property
valeur,temps r_has_property,r_has_property
vanite,efforts r_has_property,r_has_property
variete,especes r_has_property,r_has_property
velocite,cheval r_has_property,r_has_property
vehemence,ton r_has_property,r_has_property
veracite,faits r_has_property,r_has_property
violence,passions r_has_property,r_has_property
virilite,voix r_has_property,r_has_property
vivacite,couleurs r_has_property,r_has_property
volubilite,langue r_has_property,r_has_property
acuite,douleur r_has_property,r_has_property
amplitude,vibration r_has_property,r_has_property
ardeur,passion r_has_property,r_has_property
aprete,rivalite r_has_property,r_has_property
authenticite,œuvre r_has_property,r_has_property
autorite,parole r_has_property,r_has_property
brievete,rencontre r_has_property,r_has_property
brutalite,chute r_has_property,r_has_property
cadence,respiration r_has_property,r_has_property
capacite,salle r_has_property,r_has_property
caractere,personne r_has_property,r_has_property
chaleur,etreinte r_has_property,r_has_property
charme,voix r_has_property,r_has_property
complexite,structure r_has_property,r_has_property
courtoisie,invitation r_has_property,r_has_property
delicatesse,fleur r_has_property,r_has_property
determination,equipe r_has_property,r_has_property
enormite,catastrophe r_has_property,r_has_property
excellence,performance r_has_property,r_has_property
finesse,observation r_has_property,r_has_property
fragilite,sante r_has_property,r_has_property
fraicheur,idee r_has_property,r_has_property
generosite,offre r_has_property,r_has_property
grandeur,idee r_has_property,r_has_property
gravite,maladie r_has_property,r_has_property
hate,decision r_has_property,r_has_property
immensite,tache r_has_property,r_has_property
imprevisibilite,reaction r_has_property,r_has_property
incertitude,issue r_has_property,r_has_property
intensite,emotion r_has_property,r_has_property
limpidite,source r_has_property,r_has_property
lucidite,analyse r_has_property,r_has_property
magnificence,cathedrale r_has_property,r_has_property
noblesse,intention r_has_property,r_has_property
originalite,approche r_has_property,r_has_property
paleur,lueur r_has_property,r_has_property
perseverance,recherche r_has_property,r_has_property
purete,intention r_has_property,r_has_property
quantite,information r_has_property,r_has_property
rarete,espece r_has_property,r_has_property
regularite,pulsation r_has_property,r_has_property
sauvagerie,attaque r_has_property,r_has_property
souplesse,approche r_has_property,r_has_property
tension,attente r_has_property,r_has_property
utilite,invention r_has_property,r_has_property
valeur,amitie r_has_property,r_has_property
vanite,entreprise r_has_property,r_has_property
veracite,histoire r_has_property,r_has_property
virtuosite,execution r_has_property,r_has_property
branche,arbre r_holo,r_holo
racine,plante r_holo,r_holo
feuille,chene r_holo,r_holo
fleur,jardin r_holo,r_holo
petale,rose r_holo,r_holo
tige,fleur r_holo,r_holo
tronc,chene r_holo,r_holo
ecorce,bouleau r_holo,r_holo
seve,erable r_holo,r_holo
fruit,pommier r_holo,r_holo
graine,tournesol r_holo,r_holo
bulbe,tulipe r_holo,r_holo
epine,cactus r_holo,r_holo
mousse,foret r_holo,r_holo
lichen,rocher r_holo,r_holo
champignon,bois r_holo,r_holo
algue,mer r_holo,r_holo
corail,recif r_holo,r_holo
anemone,mer r_holo,r_holo
eponge,ocean r_holo,r_holo
tete,corps r_holo,r_holo
cou,humain r_holo,r_holo
epaule,squelette r_holo,r_holo
bras,personne r_holo,r_holo
avant bras,membre r_holo,r_holo
coude,articulation r_holo,r_holo
poignet,main r_holo,r_holo
main,bras r_holo,r_holo
doigt,main r_holo,r_holo
ongle,doigt r_holo,r_holo
poitrine,torse r_holo,r_holo
ventre,abdomen r_holo,r_holo
dos,corps r_holo,r_holo
hanche,bassin r_holo,r_holo
jambe,corps r_holo,r_holo
cuisse,membre r_holo,r_holo
genou,jambe r_holo,r_holo
mollet,membre r_holo,r_holo
cheville,pied r_holo,r_holo
pied,jambe r_holo,r_holo
orteil,pied r_holo,r_holo
cerveau,crane r_holo,r_holo
œil,visage r_holo,r_holo
oreille,tete r_holo,r_holo
nez,face r_holo,r_holo
bouche,visage r_holo,r_holo
dent,machoire r_holo,r_holo
langue,bouche r_holo,r_holo
gorge,cou r_holo,r_holo
cœur,poitrine r_holo,r_holo
poumon,thorax r_holo,r_holo
estomac,abdomen r_holo,r_holo
foie,corps r_holo,r_holo
rein,systeme r_holo,r_holo
peau,corps r_holo,r_holo
os,squelette r_holo,r_holo
muscle,membre r_holo,r_holo
nerf,systeme r_holo,r_holo
veine,circulation r_holo,r_holo
artere,cœur r_holo,r_holo
sang,organisme r_holo,r_holo
cellule,tissu r_holo,r_holo
chromosome,noyau r_holo,r_holo
adn,cellule r_holo,r_holo
gene,chromosome r_holo,r_holo
proteine,cellule r_holo,r_holo
enzyme,metabolisme r_holo,r_holo
hormone,systeme r_holo,r_holo
neurone,cerveau r_holo,r_holo
synapse,neurone r_holo,r_holo
axone,cellule r_holo,r_holo
dendrite,neurone r_holo,r_holo
retine,œil r_holo,r_holo
cornee,globe r_holo,r_holo
iris,œil r_holo,r_holo
pupille,iris r_holo,r_holo
cristallin,œil r_holo,r_holo
tympan,oreille r_holo,r_holo
cochlee,oreille r_holo,r_holo
vestibule,oreille r_holo,r_holo
cordes vocales,larynx r_holo,r_holo
trachee,cou r_holo,r_holo
bronche,poumon r_holo,r_holo
alveole,poumon r_holo,r_holo
diaphragme,thorax r_holo,r_holo
cotes,cage r_holo,r_holo
sternum,thorax r_holo,r_holo
vertebre,colonne r_holo,r_holo
disque,vertebre r_holo,r_holo
moelle,os r_holo,r_holo
cartilage,articulation r_holo,r_holo
tendon,muscle r_holo,r_holo
ligament,articulation r_holo,r_holo
capsule,articulation r_holo,r_holo
membrane,cellule r_holo,r_holo
cytoplasme,cellule r_holo,r_holo
noyau,cellule r_holo,r_holo
mitochondrie,cellule r_holo,r_holo
ribosome,cellule r_holo,r_holo
appareil,golgi de cellule r_holo,r_holo
reticulum,cellule r_holo,r_holo
lysosome,cellule r_holo,r_holo
vacuole,cellule r_holo,r_holo
chloroplaste,cellule r_holo,r_holo
paroi,cellule r_holo,r_holo
flagelle,bacterie r_holo,r_holo
cil,cellule r_holo,r_holo
poil,peau r_holo,r_holo
cheveu,tete r_holo,r_holo
plume,oiseau r_holo,r_holo
ecaille,poisson r_holo,r_holo
carapace,tortue r_holo,r_holo
coquille,escargot r_holo,r_holo
corne,rhinoceros r_holo,r_holo
sabot,cheval r_holo,r_holo
griffe,lion r_holo,r_holo
crocs,serpent r_holo,r_holo
defense,elephant r_holo,r_holo
antenne,insecte r_holo,r_holo
aile,papillon r_holo,r_holo
patte,araignee r_holo,r_holo
abdomen,insecte r_holo,r_holo
thorax,insecte r_holo,r_holo
tete,insecte r_holo,r_holo
mandibule,fourmi r_holo,r_holo
dard,guepe r_holo,r_holo
trompe,papillon r_holo,r_holo
œil,insecte r_holo,r_holo
aile,oiseau r_holo,r_holo
bec,canard r_holo,r_holo
serre,aigle r_holo,r_holo
plume,paon r_holo,r_holo
crete,coq r_holo,r_holo
barbillon,poisson r_holo,r_holo
nageoire,requin r_holo,r_holo
ouie,poisson r_holo,r_holo
branchies,poisson r_holo,r_holo
ecailles,serpent r_holo,r_holo
crochet,serpent r_holo,r_holo
ventouse,pieuvre r_holo,r_holo
tentacule,meduse r_holo,r_holo
coquille,moule r_holo,r_holo
perle,huitre r_holo,r_holo
carapace,crabe r_holo,r_holo
pince,homard r_holo,r_holo
antenne,crevette r_holo,r_holo
pattes,scorpion r_holo,r_holo
queue,scorpion r_holo,r_holo
dard,scorpion r_holo,r_holo
toile,araignee r_holo,r_holo
fil,soie r_holo,r_holo
cocon,ver r_holo,r_holo
chrysalide,papillon r_holo,r_holo
larve,moustique r_holo,r_holo
nymphe,insecte r_holo,r_holo
œuf,poule r_holo,r_holo
coquille,œuf r_holo,r_holo
jaune,œuf r_holo,r_holo
blanc,œuf r_holo,r_holo
chalaze,œuf r_holo,r_holo
germes,graine r_holo,r_holo
cotyledon,plante r_holo,r_holo
radicule,graine r_holo,r_holo
tegument,graine r_holo,r_holo
albumen,graine r_holo,r_holo
embryon,graine r_holo,r_holo
bourgeon,arbre r_holo,r_holo
meristeme,plante r_holo,r_holo
phloeme,plante r_holo,r_holo
xyleme,plante r_holo,r_holo
cambium,arbre r_holo,r_holo
epiderme,feuille r_holo,r_holo
stomate,feuille r_holo,r_holo
chlorophylle,cellule r_holo,r_holo
parenchyme,tissu r_holo,r_holo
vaisseau,plante r_holo,r_holo
poil,racine r_holo,r_holo
nodule,racine r_holo,r_holo
rhizome,plante r_holo,r_holo
stolon,fraisier r_holo,r_holo
bulbe,plante r_holo,r_holo
tubercule,pomme de terre r_holo,r_holo
rhizoide,mousse r_holo,r_holo
thalle,algue r_holo,r_holo
spore,champignon r_holo,r_holo
mycelium,champignon r_holo,r_holo
chapeau,champignon r_holo,r_holo
lamelle,champignon r_holo,r_holo
pied,champignon r_holo,r_holo
anneau,champignon r_holo,r_holo
volve,champignon r_holo,r_holo
branche,foret r_holo,r_holo
feuille,vigne r_holo,r_holo
fleur,prairie r_holo,r_holo
petale,fleur r_holo,r_holo
tige,plante r_holo,r_holo
tronc,foret r_holo,r_holo
ecorce,l arbre r_holo,r_holo
seve,l erable r_holo,r_holo
fruit,terre r_holo,r_holo
graine,vie r_holo,r_holo
bulbe,jonquille r_holo,r_holo
epine,rose r_holo,r_holo
mousse,pierre r_holo,r_holo
lichen,foret r_holo,r_holo
champignon,souche r_holo,r_holo
algue,riviere r_holo,r_holo
corail,mer r_holo,r_holo
anemone,l ocean r_holo,r_holo
eponge,mer r_holo,r_holo
tete,statue r_holo,r_holo
cou,girafe r_holo,r_holo
epaule,l athlete r_holo,r_holo
bras,victoire r_holo,r_holo
avant bras,force r_holo,r_holo
coude,l articulation r_holo,r_holo
main,l artiste r_holo,r_holo
ongle,beaute r_holo,r_holo
poitrine,femme r_holo,r_holo
ventre,grossesse r_holo,r_holo
dos,main r_holo,r_holo
hanche,danse r_holo,r_holo
jambe,course r_holo,r_holo
cuisse,puissance r_holo,r_holo
genou,marche r_holo,r_holo
mollet,jambe r_holo,r_holo
cheville,souplesse r_holo,r_holo
pied,danse r_holo,r_holo
orteil,marche r_holo,r_holo
cerveau,l intelligence r_holo,r_holo
œil,tempete r_holo,r_holo
oreille,musique r_holo,r_holo
nez,respiration r_holo,r_holo
bouche,verite r_holo,r_holo
dent,sagesse r_holo,r_holo
langue,parole r_holo,r_holo
gorge,voix r_holo,r_holo
cœur,l emotion r_holo,r_holo
poumon,respiration r_holo,r_holo
estomac,digestion r_holo,r_holo
foie,detoxication r_holo,r_holo
rein,filtration r_holo,r_holo
peau,protection r_holo,r_holo
os,structure r_holo,r_holo
muscle,force r_holo,r_holo
nerf,sensation r_holo,r_holo
artere,vie r_holo,r_holo
sang,l organisme r_holo,r_holo
cellule,vie r_holo,r_holo
chromosome,l heredite r_holo,r_holo
gene,l heredite r_holo,r_holo
proteine,structure r_holo,r_holo
enzyme,reaction r_holo,r_holo
hormone,regulation r_holo,r_holo
neurone,pensee r_holo,r_holo
synapse,communication r_holo,r_holo
axone,transmission r_holo,r_holo
dendrite,reception r_holo,r_holo
retine,vision r_holo,r_holo
cornee,protection r_holo,r_holo
iris,couleur r_holo,r_holo
pupille,lumiere r_holo,r_holo
cristallin,focalisation r_holo,r_holo
tympan,l audition r_holo,r_holo
cochlee,l audition r_holo,r_holo
vestibule,l equilibre r_holo,r_holo
cordes vocales,voix r_holo,r_holo
trachee,respiration r_holo,r_holo
bronche,l arbre r_holo,r_holo
alveole,l echange r_holo,r_holo
diaphragme,respiration r_holo,r_holo
cotes,protection r_holo,r_holo
sternum,cage r_holo,r_holo
disque,l amortissement r_holo,r_holo
moelle,production r_holo,r_holo
cartilage,souplesse r_holo,r_holo
tendon,connexion r_holo,r_holo
ligament,stabilite r_holo,r_holo
capsule,protection r_holo,r_holo
membrane,separation r_holo,r_holo
cytoplasme,vie r_holo,r_holo
mitochondrie,l energie r_holo,r_holo
ribosome,synthese r_holo,r_holo
appareil,golgi de la secretion r_holo,r_holo
reticulum,production r_holo,r_holo
lysosome,digestion r_holo,r_holo
vacuole,stockage r_holo,r_holo
chloroplaste,photosynthese r_holo,r_holo
paroi,protection r_holo,r_holo
flagelle,mobilite r_holo,r_holo
cil,protection r_holo,r_holo
poil,sensation r_holo,r_holo
ongle,protection r_holo,r_holo
plume,l oiseau r_holo,r_holo
ecaille,protection r_holo,r_holo
coquille,protection r_holo,r_holo
corne,defense r_holo,r_holo
sabot,marche r_holo,r_holo
griffe,chasse r_holo,r_holo
crocs,morsure r_holo,r_holo
defense,protection r_holo,r_holo
antenne,communication r_holo,r_holo
aile,vol r_holo,r_holo
patte,marche r_holo,r_holo
abdomen,digestion r_holo,r_holo
thorax,protection r_holo,r_holo
tete,pensee r_holo,r_holo
mandibule,mastication r_holo,r_holo
dard,defense r_holo,r_holo
trompe,l alimentation r_holo,r_holo
œil,vision r_holo,r_holo
aile,liberte r_holo,r_holo
bec,l alimentation r_holo,r_holo
serre,chasse r_holo,r_holo
plume,parade r_holo,r_holo
crete,reconnaissance r_holo,r_holo
barbillon,detection r_holo,r_holo
nageoire,propulsion r_holo,r_holo
ouie,l audition r_holo,r_holo
branchies,respiration r_holo,r_holo
ecailles,protection r_holo,r_holo
crochet,l injection r_holo,r_holo
ventouse,fixation r_holo,r_holo
tentacule,capture r_holo,r_holo
coquille,filtration r_holo,r_holo
perle,beaute r_holo,r_holo
carapace,mue r_holo,r_holo
pince,defense r_holo,r_holo
antenne,detection r_holo,r_holo
pattes,marche r_holo,r_holo
queue,l equilibre r_holo,r_holo
toile,chasse r_holo,r_holo
fil,construction r_holo,r_holo
cocon,metamorphose r_holo,r_holo
chrysalide,transformation r_holo,r_holo
larve,croissance r_holo,r_holo
nymphe,maturation r_holo,r_holo
œuf,reproduction r_holo,r_holo
jaune,nutrition r_holo,r_holo
blanc,protection r_holo,r_holo
chalaze,fixation r_holo,r_holo
germes,vie r_holo,r_holo
cotyledon,nutrition r_holo,r_holo
radicule,racine r_holo,r_holo
tegument,protection r_holo,r_holo
albumen,reserve r_holo,r_holo
embryon,vie r_holo,r_holo
bourgeon,croissance r_holo,r_holo
meristeme,croissance r_holo,r_holo
phloeme,seve r_holo,r_holo
xyleme,l eau r_holo,r_holo
cambium,croissance r_holo,r_holo
epiderme,protection r_holo,r_holo
stomate,respiration r_holo,r_holo
chlorophylle,photosynthese r_holo,r_holo
parenchyme,fonction r_holo,r_holo
vaisseau,transport r_holo,r_holo
poil,l absorption r_holo,r_holo
nodule,fixation r_holo,r_holo
rhizome,reproduction r_holo,r_holo
stolon,propagation r_holo,r_holo
bulbe,reserve r_holo,r_holo
tubercule,reserve r_holo,r_holo
rhizoide,fixation r_holo,r_holo
thalle,structure r_holo,r_holo
spore,reproduction r_holo,r_holo
mycelium,nutrition r_holo,r_holo
chapeau,sporulation r_holo,r_holo
lamelle,sporulation r_holo,r_holo
pied,structure r_holo,r_holo
anneau,protection r_holo,r_holo
volve,protection r_holo,r_holo
tronc,arbre r_holo,r_holo
appareil,golgi d une cellule r_holo,r_holo
racine,terre r_holo,r_holo
feuille,branche r_holo,r_holo
petale,corolle r_holo,r_holo
tige,herbe r_holo,r_holo
ecorce,protection r_holo,r_holo
seve,vie r_holo,r_holo
fruit,recolte r_holo,r_holo
graine,future r_holo,r_holo
epine,defense r_holo,r_holo
mousse,humidite r_holo,r_holo
lichen,symbiose r_holo,r_holo
champignon,foret r_holo,r_holo
algue,eau r_holo,r_holo
corail,vie r_holo,r_holo
epaule,anatomie r_holo,r_holo
bras,force r_holo,r_holo
avant bras,extension r_holo,r_holo
coude,flexion r_holo,r_holo
poignet,mobilite r_holo,r_holo
main,habilete r_holo,r_holo
doigt,precision r_holo,r_holo
poitrine,respiration r_holo,r_holo
ventre,digestion r_holo,r_holo
dos,structure r_holo,r_holo
hanche,mobilite r_holo,r_holo
jambe,locomotion r_holo,r_holo
genou,articulation r_holo,r_holo
mollet,propulsion r_holo,r_holo
cheville,stabilite r_holo,r_holo
pied,marche r_holo,r_holo
orteil,equilibre r_holo,r_holo
cerveau,intelligence r_holo,r_holo
oreille,audition r_holo,r_holo
nez,odorat r_holo,r_holo
bouche,alimentation r_holo,r_holo
dent,mastication r_holo,r_holo
langue,gustation r_holo,r_holo
gorge,deglutition r_holo,r_holo
cœur,circulation r_holo,r_holo
muscle,mouvement r_holo,r_holo
nerf,transmission r_holo,r_holo
veine,retour r_holo,r_holo
artere,oxygenation r_holo,r_holo
sang,vie r_holo,r_holo
cellule,unite r_holo,r_holo
chromosome,information r_holo,r_holo
adn,heredite r_holo,r_holo
gene,caracteristique r_holo,r_holo
proteine,fonction r_holo,r_holo
enzyme,catalyse r_holo,r_holo
neurone,transmission r_holo,r_holo
synapse,connexion r_holo,r_holo
axone,conduction r_holo,r_holo
retine,image r_holo,r_holo
cornee,refraction r_holo,r_holo
iris,ouverture r_holo,r_holo
cristallin,accommodation r_holo,r_holo
tympan,vibration r_holo,r_holo
cochlee,frequence r_holo,r_holo
vestibule,equilibre r_holo,r_holo
cordes vocales,phonation r_holo,r_holo
trachee,air r_holo,r_holo
bronche,ramification r_holo,r_holo
alveole,echange r_holo,r_holo
diaphragme,inspiration r_holo,r_holo
sternum,attache r_holo,r_holo
vertebre,mobilite r_holo,r_holo
disque,amortissement r_holo,r_holo
tendon,transmission r_holo,r_holo
capsule,synoviale r_holo,r_holo
membrane,permeabilite r_holo,r_holo
cytoplasme,metabolisme r_holo,r_holo
noyau,information r_holo,r_holo
mitochondrie,energie r_holo,r_holo
appareil,golgi d une secretion r_holo,r_holo
paroi,rigidite r_holo,r_holo
poil,isolation r_holo,r_holo
cheveu,pousse r_holo,r_holo
ongle,keratine r_holo,r_holo
plume,isolation r_holo,r_holo
carapace,durete r_holo,r_holo
coquille,calcification r_holo,r_holo
corne,keratine r_holo,r_holo
sabot,usure r_holo,r_holo
griffe,prehension r_holo,r_holo
crocs,injection r_holo,r_holo
defense,ivoire r_holo,r_holo
patte,locomotion r_holo,r_holo
tete,sens r_holo,r_holo
trompe,succion r_holo,r_holo
aile,envol r_holo,r_holo
bec,alimentation r_holo,r_holo
serre,saisie r_holo,r_holo
ouie,audition r_holo,r_holo
crochet,inoculation r_holo,r_holo
ventouse,adherence r_holo,r_holo
perle,secretion r_holo,r_holo
antenne,chimioreception r_holo,r_holo
queue,equilibre r_holo,r_holo
toile,capture r_holo,r_holo
cocon,protection r_holo,r_holo
chrysalide,metamorphose r_holo,r_holo
xyleme,eau r_holo,r_holo
poil,absorption r_holo,r_holo
nervure,feuille r_holo,r_holo
limbe,feuille r_holo,r_holo
petiole,feuille r_holo,r_holo
stipule,tige r_holo,r_holo
lenticelle,tige r_holo,r_holo
aisselle,branche r_holo,r_holo
apex,tige r_holo,r_holo
noeud,tige r_holo,r_holo
entre noeud,tige r_holo,r_holo
moelle,tige r_holo,r_holo
ecorce interne,tronc r_holo,r_holo
aubier,tronc r_holo,r_holo
duramen,tronc r_holo,r_holo
cernes,tronc r_holo,r_holo
rayon medullaire,tronc r_holo,r_holo
pericarpe,fruit r_holo,r_holo
mesocarpe,fruit r_holo,r_holo
endocarpe,fruit r_holo,r_holo
epicarpe,fruit r_holo,r_holo
pepin,fruit r_holo,r_holo
noyau,fruit r_holo,r_holo
arille,graine r_holo,r_holo
hilum,graine r_holo,r_holo
micropyle,graine r_holo,r_holo
radicule,embryon r_holo,r_holo
gemmule,embryon r_holo,r_holo
coleoptile,embryon r_holo,r_holo
coleorhize,embryon r_holo,r_holo
scutellum,embryon r_holo,r_holo
epi,ble r_holo,r_holo
glume,epi r_holo,r_holo
glumelle,fleur r_holo,r_holo
palea,fleur r_holo,r_holo
lemma,fleur r_holo,r_holo
etamine,fleur r_holo,r_holo
filet,etamine r_holo,r_holo
anthere,etamine r_holo,r_holo
pollen,anthere r_holo,r_holo
pistil,fleur r_holo,r_holo
stigmate,pistil r_holo,r_holo
style,pistil r_holo,r_holo
ovaire,pistil r_holo,r_holo
ovule,ovaire r_holo,r_holo
nucelle,ovule r_holo,r_holo
sac embryonnaire,ovule r_holo,r_holo
receptacle,fleur r_holo,r_holo
pedoncule,fleur r_holo,r_holo
sepale,fleur r_holo,r_holo
corolle,fleur r_holo,r_holo
calice,fleur r_holo,r_holo
pericycle,racine r_holo,r_holo
endoderme,racine r_holo,r_holo
cortex,racine r_holo,r_holo
coiffe,racine r_holo,r_holo
zone pilifere,racine r_holo,r_holo
meristeme apical,racine r_holo,r_holo
assise pilifere,racine r_holo,r_holo
poil absorbant,racine r_holo,r_holo
nodule racinaire,legumineuse r_holo,r_holo
bacterioide,nodule r_holo,r_holo
thylakoide,chloroplaste r_holo,r_holo
granum,chloroplaste r_holo,r_holo
stroma,chloroplaste r_holo,r_holo
enveloppe,chloroplaste r_holo,r_holo
lamelle,chloroplaste r_holo,r_holo
pigment,chloroplaste r_holo,r_holo
carotenoide,chromoplaste r_holo,r_holo
xanthophylle,chromoplaste r_holo,r_holo
amidon,leucoplaste r_holo,r_holo
plaste,cellule r_holo,r_holo
proplaste,cellule r_holo,r_holo
etioplaste,cellule r_holo,r_holo
vacuome,cellule r_holo,r_holo
tonoplaste,vacuole r_holo,r_holo
suc vacuolaire,vacuole r_holo,r_holo
paroi primaire,cellule r_holo,r_holo
paroi secondaire,cellule r_holo,r_holo
lamelle moyenne,paroi r_holo,r_holo
plasmodesme,paroi r_holo,r_holo
desmotubule,plasmodesme r_holo,r_holo
ergastoplasme,cellule r_holo,r_holo
ribosome libre,cytoplasme r_holo,r_holo
polysome,cytoplasme r_holo,r_holo
centrosome,cellule r_holo,r_holo
centriole,centrosome r_holo,r_holo
microtubule,cytosquelette r_holo,r_holo
filament intermediaire,cytosquelette r_holo,r_holo
microfilament,cytosquelette r_holo,r_holo
actine,microfilament r_holo,r_holo
myosine,microfilament r_holo,r_holo
tubuline,microtubule r_holo,r_holo
kinesine,microtubule r_holo,r_holo
dyneine,microtubule r_holo,r_holo
membrane plasmique,cellule r_holo,r_holo
phospholipide,membrane r_holo,r_holo
proteine integrale,membrane r_holo,r_holo
proteine peripherique,membrane r_holo,r_holo
glycocalyx,membrane r_holo,r_holo
cholesterol,membrane r_holo,r_holo
canal ionique,membrane r_holo,r_holo
pompe sodium potassium,membrane r_holo,r_holo
recepteur,membrane r_holo,r_holo
enveloppe nucleaire,noyau r_holo,r_holo
pore nucleaire,enveloppe r_holo,r_holo
complexe,pore de noyau r_holo,r_holo
lamina nucleaire,noyau r_holo,r_holo
chromatine,noyau r_holo,r_holo
euchromatine,noyau r_holo,r_holo
heterochromatine,noyau r_holo,r_holo
nucleole,noyau r_holo,r_holo
arn ribosomal,nucleole r_holo,r_holo
proteine ribosomale,nucleole r_holo,r_holo
matrice,mitochondrie r_holo,r_holo
crete,mitochondrie r_holo,r_holo
membrane interne,mitochondrie r_holo,r_holo
membrane externe,mitochondrie r_holo,r_holo
espace intermembranaire,mitochondrie r_holo,r_holo
adn mitochondrial,mitochondrie r_holo,r_holo
ribosome mitochondrial,mitochondrie r_holo,r_holo
atp synthase,mitochondrie r_holo,r_holo
chaine respiratoire,mitochondrie r_holo,r_holo
cytochrome,mitochondrie r_holo,r_holo
ubiquinone,mitochondrie r_holo,r_holo
face cis,appareil de golgi r_holo,r_holo
face trans,appareil de golgi r_holo,r_holo
citerne,appareil de golgi r_holo,r_holo
vesicule,transition de reticulum r_holo,r_holo
vesicule secretrice,golgi r_holo,r_holo
lysosome primaire,cellule r_holo,r_holo
lysosome secondaire,cellule r_holo,r_holo
enzyme lysosomale,lysosome r_holo,r_holo
autophagosome,cellule r_holo,r_holo
heterophagosome,cellule r_holo,r_holo
corps residuel,lysosome r_holo,r_holo
peroxysome,cellule r_holo,r_holo
catalase,peroxysome r_holo,r_holo
glyoxysome,cellule r_holo,r_holo
melanosome,cellule r_holo,r_holo
melanine,melanosome r_holo,r_holo
liposome,cellule r_holo,r_holo
glycogenosome,cellule r_holo,r_holo
inclusion,cytoplasme r_holo,r_holo
cristal,inclusion r_holo,r_holo
gouttelette lipidique,cytoplasme r_holo,r_holo
granule,secretion de cytoplasme r_holo,r_holo
granule,pigment de cytoplasme r_holo,r_holo
axoneme,cil r_holo,r_holo
doublet,microtubule de axoneme r_holo,r_holo
paire centrale,microtubule de axoneme r_holo,r_holo
dyneine,bras de microtubule r_holo,r_holo
radial spoke,axoneme r_holo,r_holo
membrane ciliaire,cil r_holo,r_holo
corps basal,cil r_holo,r_holo
centriole,corps basal r_holo,r_holo
fibre striee,cil r_holo,r_holo
appareil,fixation de cil r_holo,r_holo
membrane flagellaire,flagelle r_holo,r_holo
hamecon,flagelle r_holo,r_holo
filament,flagelle r_holo,r_holo
capsule,bacterie r_holo,r_holo
paroi,bacterie r_holo,r_holo
membrane,bacterie r_holo,r_holo
mesosome,bacterie r_holo,r_holo
nucleoide,bacterie r_holo,r_holo
plasmide,bacterie r_holo,r_holo
fimbriae,bacterie r_holo,r_holo
pili,bacterie r_holo,r_holo
endospore,bacterie r_holo,r_holo
toxine,bacterie r_holo,r_holo
enveloppe,virus r_holo,r_holo
capside,virus r_holo,r_holo
capsomere,capside r_holo,r_holo
acide nucleique,virus r_holo,r_holo
proteine,structure de virus r_holo,r_holo
enzyme,virus r_holo,r_holo
spicule,virus r_holo,r_holo
membrane,virus enveloppe r_holo,r_holo
glycoproteine,enveloppe r_holo,r_holo
peplomere,virus r_holo,r_holo
matrice,capside r_holo,r_holo
core,virus r_holo,r_holo
precurseur,proteine de virus r_holo,r_holo
arn polymerase,virus r_holo,r_holo
reverse transcriptase,virus r_holo,r_holo
integrase,virus r_holo,r_holo
protease,virus r_holo,r_holo
neuraminidase,virus r_holo,r_holo
hemagglutinine,virus r_holo,r_holo
antigene,surface de virus r_holo,r_holo
recepteur,penetration de virus r_holo,r_holo
canal ionique viroporine,virus r_holo,r_holo
endonuclease,virus r_holo,r_holo
exonuclease,virus r_holo,r_holo
ligase,virus r_holo,r_holo
kinase,virus r_holo,r_holo
phosphatase,virus r_holo,r_holo
ubiquitine,virus r_holo,r_holo
interferon,cellule r_holo,r_holo
anticorps,systeme immunitaire r_holo,r_holo
antigene,pathogene r_holo,r_holo
epitope,antigene r_holo,r_holo
paratope,anticorps r_holo,r_holo
chaine lourde,anticorps r_holo,r_holo
chaine legere,anticorps r_holo,r_holo
region variable,anticorps r_holo,r_holo
region constante,anticorps r_holo,r_holo
site,liaison de anticorps r_holo,r_holo
fragment fab,anticorps r_holo,r_holo
fragment fc,anticorps r_holo,r_holo
complement,systeme immunitaire r_holo,r_holo
lymphocyte,systeme immunitaire r_holo,r_holo
macrophage,systeme immunitaire r_holo,r_holo
granulocyte,systeme immunitaire r_holo,r_holo
vin,bordeaux r_lieu_origine,r_lieu_origine
fromage,normandie r_lieu_origine,r_lieu_origine
cafe,bresil r_lieu_origine,r_lieu_origine
the,darjeeling r_lieu_origine,r_lieu_origine
huile,provence r_lieu_origine,r_lieu_origine
cacao,ghana r_lieu_origine,r_lieu_origine
riz,camargue r_lieu_origine,r_lieu_origine
coton,etats unis r_lieu_origine,r_lieu_origine
laine,nouvelle zelande r_lieu_origine,r_lieu_origine
cuir,maroc r_lieu_origine,r_lieu_origine
porcelaine,chine r_lieu_origine,r_lieu_origine
dentelle,bruges r_lieu_origine,r_lieu_origine
parfum,paris r_lieu_origine,r_lieu_origine
couteau,thiers r_lieu_origine,r_lieu_origine
jambon,parme r_lieu_origine,r_lieu_origine
saucisson,lyon r_lieu_origine,r_lieu_origine
biere,munich r_lieu_origine,r_lieu_origine
vodka,pologne r_lieu_origine,r_lieu_origine
sake,kyoto r_lieu_origine,r_lieu_origine
tequila,jalisco r_lieu_origine,r_lieu_origine
rhum,martinique r_lieu_origine,r_lieu_origine
cigare,havane r_lieu_origine,r_lieu_origine
foie gras,landes r_lieu_origine,r_lieu_origine
huitre,cancale r_lieu_origine,r_lieu_origine
moule,mont saint michel r_lieu_origine,r_lieu_origine
coquillage,saint malo r_lieu_origine,r_lieu_origine
poisson,marseille r_lieu_origine,r_lieu_origine
fruit,antilles r_lieu_origine,r_lieu_origine
lavande,sault r_lieu_origine,r_lieu_origine
banane,martinique r_lieu_origine,r_lieu_origine
ananas,guadeloupe r_lieu_origine,r_lieu_origine
mangue,senegal r_lieu_origine,r_lieu_origine
kiwi,chili r_lieu_origine,r_lieu_origine
pomme,limousin r_lieu_origine,r_lieu_origine
orange,maroc r_lieu_origine,r_lieu_origine
amande,portugal r_lieu_origine,r_lieu_origine
noix,perigord r_lieu_origine,r_lieu_origine
chataigne,var r_lieu_origine,r_lieu_origine
miel,gatinais r_lieu_origine,r_lieu_origine
sirop,quebec r_lieu_origine,r_lieu_origine
cannelle,vietnam r_lieu_origine,r_lieu_origine
poivre,vietnam r_lieu_origine,r_lieu_origine
safran,maroc r_lieu_origine,r_lieu_origine
vanille,reunion r_lieu_origine,r_lieu_origine
cafe,kenya r_lieu_origine,r_lieu_origine
the,sri lanka r_lieu_origine,r_lieu_origine
sucre,reunion r_lieu_origine,r_lieu_origine
sel,camargue r_lieu_origine,r_lieu_origine
granit,sidobre r_lieu_origine,r_lieu_origine
pierre,bourgogne r_lieu_origine,r_lieu_origine
bois,morvan r_lieu_origine,r_lieu_origine
acier,lorraine r_lieu_origine,r_lieu_origine
cuivre,perou r_lieu_origine,r_lieu_origine
or,mali r_lieu_origine,r_lieu_origine
diamant,congo r_lieu_origine,r_lieu_origine
emeraude,zambie r_lieu_origine,r_lieu_origine
saphir,cachemire r_lieu_origine,r_lieu_origine
rubis,mozambique r_lieu_origine,r_lieu_origine
perle,japon r_lieu_origine,r_lieu_origine
corail,mer rouge r_lieu_origine,r_lieu_origine
ambre,russie r_lieu_origine,r_lieu_origine
jade,birmanie r_lieu_origine,r_lieu_origine
turquoise,tibet r_lieu_origine,r_lieu_origine
lapis lazuli,chili r_lieu_origine,r_lieu_origine
soie,vietnam r_lieu_origine,r_lieu_origine
cachemire,mongolie r_lieu_origine,r_lieu_origine
lin,belgique r_lieu_origine,r_lieu_origine
chanvre,canada r_lieu_origine,r_lieu_origine
cuir,bangladesh r_lieu_origine,r_lieu_origine
fourrure,finlande r_lieu_origine,r_lieu_origine
plume,bresil r_lieu_origine,r_lieu_origine
ivoire,zimbabwe r_lieu_origine,r_lieu_origine
bois,gabon r_lieu_origine,r_lieu_origine
acajou,honduras r_lieu_origine,r_lieu_origine
teck,birmanie r_lieu_origine,r_lieu_origine
bambou,vietnam r_lieu_origine,r_lieu_origine
osier,picardie r_lieu_origine,r_lieu_origine
paille,beauce r_lieu_origine,r_lieu_origine
caoutchouc,thailande r_lieu_origine,r_lieu_origine
resine,landes r_lieu_origine,r_lieu_origine
cire,bretagne r_lieu_origine,r_lieu_origine
miel,narbonne r_lieu_origine,r_lieu_origine
propolis,russie r_lieu_origine,r_lieu_origine
gelee,chine r_lieu_origine,r_lieu_origine
pollen,bulgarie r_lieu_origine,r_lieu_origine
essence,grasse r_lieu_origine,r_lieu_origine
extrait,madagascar r_lieu_origine,r_lieu_origine
parfum,dubai r_lieu_origine,r_lieu_origine
fleur,grasse r_lieu_origine,r_lieu_origine
eau,cologne r_lieu_origine,r_lieu_origine
lait,normandie r_lieu_origine,r_lieu_origine
jus,floride r_lieu_origine,r_lieu_origine
sirop,belgique r_lieu_origine,r_lieu_origine
compote,savoie r_lieu_origine,r_lieu_origine
puree,poitou r_lieu_origine,r_lieu_origine
coulis,provence r_lieu_origine,r_lieu_origine
sauce,naples r_lieu_origine,r_lieu_origine
ketchup,pittsburgh r_lieu_origine,r_lieu_origine
sauce,soja r_lieu_origine,r_lieu_origine
vinaigre,modene r_lieu_origine,r_lieu_origine
huile,grece r_lieu_origine,r_lieu_origine
huile,tunisie r_lieu_origine,r_lieu_origine
huile,croatie r_lieu_origine,r_lieu_origine
beurre,charentes r_lieu_origine,r_lieu_origine
yaourt,bulgarie r_lieu_origine,r_lieu_origine
fromage,hollande r_lieu_origine,r_lieu_origine
fromage,sardaigne r_lieu_origine,r_lieu_origine
fromage,corse r_lieu_origine,r_lieu_origine
beurre,bretagne r_lieu_origine,r_lieu_origine
creme,normandie r_lieu_origine,r_lieu_origine
camembert,camembert r_lieu_origine,r_lieu_origine
roquefort,roquefort r_lieu_origine,r_lieu_origine
brie,brie r_lieu_origine,r_lieu_origine
comte,franche comte r_lieu_origine,r_lieu_origine
reblochon,haute savoie r_lieu_origine,r_lieu_origine
morbier,jura r_lieu_origine,r_lieu_origine
bleu,causses r_lieu_origine,r_lieu_origine
munster,munster r_lieu_origine,r_lieu_origine
pont l eveque,pont l eveque r_lieu_origine,r_lieu_origine
livarot,livarot r_lieu_origine,r_lieu_origine
saint nectaire,saint nectaire r_lieu_origine,r_lieu_origine
ossau iraty,bearn r_lieu_origine,r_lieu_origine
pouligny saint pierre,pouligny r_lieu_origine,r_lieu_origine
selles sur cher,selles r_lieu_origine,r_lieu_origine
valencay,valencay r_lieu_origine,r_lieu_origine
crottin,chavignol r_lieu_origine,r_lieu_origine
picodon,drome r_lieu_origine,r_lieu_origine
pelardon,cevennes r_lieu_origine,r_lieu_origine
salers,cantal r_lieu_origine,r_lieu_origine
laguiole,laguiole r_lieu_origine,r_lieu_origine
beaufort,savoie r_lieu_origine,r_lieu_origine
abondance,haute savoie r_lieu_origine,r_lieu_origine
tome,savoie r_lieu_origine,r_lieu_origine
vacherin,jura r_lieu_origine,r_lieu_origine
mont d or,doubs r_lieu_origine,r_lieu_origine
cancoillotte,franche comte r_lieu_origine,r_lieu_origine
mimolette,flandre r_lieu_origine,r_lieu_origine
maroilles,thierache r_lieu_origine,r_lieu_origine
rollot,picardie r_lieu_origine,r_lieu_origine
carre,l est r_lieu_origine,r_lieu_origine
boursin,normandie r_lieu_origine,r_lieu_origine
caprice,dieux de normandie r_lieu_origine,r_lieu_origine
saint felicien,dauphine r_lieu_origine,r_lieu_origine
rigotte,lyonnais r_lieu_origine,r_lieu_origine
cerilly,bourbonnais r_lieu_origine,r_lieu_origine
charolais,charolais r_lieu_origine,r_lieu_origine
maconnais,macon r_lieu_origine,r_lieu_origine
citeaux,bourgogne r_lieu_origine,r_lieu_origine
epoisses,bourgogne r_lieu_origine,r_lieu_origine
langres,langres r_lieu_origine,r_lieu_origine
chaource,chaource r_lieu_origine,r_lieu_origine
brie,meaux r_lieu_origine,r_lieu_origine
coulommiers,coulommiers r_lieu_origine,r_lieu_origine
explorateur,normandie r_lieu_origine,r_lieu_origine
brillat savarin,normandie r_lieu_origine,r_lieu_origine
neufchatel,neufchatel r_lieu_origine,r_lieu_origine
gournay,gournay r_lieu_origine,r_lieu_origine
bondon,normandie r_lieu_origine,r_lieu_origine
boulette,bourgogne r_lieu_origine,r_lieu_origine
vin,bourgogne r_lieu_origine,r_lieu_origine
fromage,savoie r_lieu_origine,r_lieu_origine
cafe,colombie r_lieu_origine,r_lieu_origine
the,chine r_lieu_origine,r_lieu_origine
champagne,champagne r_lieu_origine,r_lieu_origine
whisky,ecosse r_lieu_origine,r_lieu_origine
marbre,toscane r_lieu_origine,r_lieu_origine
cacao,cote_d ivoire r_lieu_origine,r_lieu_origine
saumon,norvege r_lieu_origine,r_lieu_origine
coton,egypte r_lieu_origine,r_lieu_origine
laine,australie r_lieu_origine,r_lieu_origine
cuir,italie r_lieu_origine,r_lieu_origine
porcelaine,limoges r_lieu_origine,r_lieu_origine
cristal,boheme r_lieu_origine,r_lieu_origine
parfum,grasse r_lieu_origine,r_lieu_origine
couteau,laguiole r_lieu_origine,r_lieu_origine
jambon,bayonne r_lieu_origine,r_lieu_origine
saucisson,ardenne r_lieu_origine,r_lieu_origine
biere,belgique r_lieu_origine,r_lieu_origine
vodka,russie r_lieu_origine,r_lieu_origine
sake,japon r_lieu_origine,r_lieu_origine
tequila,mexique r_lieu_origine,r_lieu_origine
cigare,cuba r_lieu_origine,r_lieu_origine
truffe,perigord r_lieu_origine,r_lieu_origine
foie gras,gascogne r_lieu_origine,r_lieu_origine
huitre,bretagne r_lieu_origine,r_lieu_origine
moule,normandie r_lieu_origine,r_lieu_origine
coquillage,mediterranee r_lieu_origine,r_lieu_origine
poisson,mer_du_nord r_lieu_origine,r_lieu_origine
fruit,provence r_lieu_origine,r_lieu_origine
lavande,drome r_lieu_origine,r_lieu_origine
olive,grece r_lieu_origine,r_lieu_origine
datte,tunisie r_lieu_origine,r_lieu_origine
banane,guadeloupe r_lieu_origine,r_lieu_origine
ananas,costa_rica r_lieu_origine,r_lieu_origine
mangue,inde r_lieu_origine,r_lieu_origine
avocat,mexique r_lieu_origine,r_lieu_origine
kiwi,nouvelle_zelande r_lieu_origine,r_lieu_origine
pomme,normandie r_lieu_origine,r_lieu_origine
orange,floride r_lieu_origine,r_lieu_origine
citron,espagne r_lieu_origine,r_lieu_origine
amande,californie r_lieu_origine,r_lieu_origine
noix,grenoble r_lieu_origine,r_lieu_origine
chataigne,ardeche r_lieu_origine,r_lieu_origine
miel,corse r_lieu_origine,r_lieu_origine
cannelle,sri_lanka r_lieu_origine,r_lieu_origine
safran,iran r_lieu_origine,r_lieu_origine
vanille,madagascar r_lieu_origine,r_lieu_origine
cafe,ethiopie r_lieu_origine,r_lieu_origine
the,inde r_lieu_origine,r_lieu_origine
sel,guerande r_lieu_origine,r_lieu_origine
eau,vichy r_lieu_origine,r_lieu_origine
granit,bretagne r_lieu_origine,r_lieu_origine
ardoise,ardenne r_lieu_origine,r_lieu_origine
bois,jura r_lieu_origine,r_lieu_origine
acier,allemagne r_lieu_origine,r_lieu_origine
aluminium,canada r_lieu_origine,r_lieu_origine
cuivre,chili r_lieu_origine,r_lieu_origine
or,afrique_du_sud r_lieu_origine,r_lieu_origine
diamant,botswana r_lieu_origine,r_lieu_origine
emeraude,colombie r_lieu_origine,r_lieu_origine
rubis,birmanie r_lieu_origine,r_lieu_origine
opale,australie r_lieu_origine,r_lieu_origine
perle,tahiti r_lieu_origine,r_lieu_origine
corail,mer_rouge r_lieu_origine,r_lieu_origine
ambre,baltique r_lieu_origine,r_lieu_origine
jade,chine r_lieu_origine,r_lieu_origine
turquoise,perse r_lieu_origine,r_lieu_origine
lapis lazuli,afghanistan r_lieu_origine,r_lieu_origine
soie,chine r_lieu_origine,r_lieu_origine
lin,normandie r_lieu_origine,r_lieu_origine
chanvre,france r_lieu_origine,r_lieu_origine
coton,pakistan r_lieu_origine,r_lieu_origine
laine,argentine r_lieu_origine,r_lieu_origine
bambou,chine r_lieu_origine,r_lieu_origine
rotin,indonesie r_lieu_origine,r_lieu_origine
liege,portugal r_lieu_origine,r_lieu_origine
caoutchouc,malaisie r_lieu_origine,r_lieu_origine
arome,italie r_lieu_origine,r_lieu_origine
parfum,france r_lieu_origine,r_lieu_origine
senteur,inde r_lieu_origine,r_lieu_origine
fleur,hollande r_lieu_origine,r_lieu_origine
confiture,alsace r_lieu_origine,r_lieu_origine
marmelade,angleterre r_lieu_origine,r_lieu_origine
puree,picardie r_lieu_origine,r_lieu_origine
sauce,italie r_lieu_origine,r_lieu_origine
ketchup,etats_unis r_lieu_origine,r_lieu_origine
vinaigre,orleans r_lieu_origine,r_lieu_origine
camembert,normandie r_lieu_origine,r_lieu_origine
roquefort,aveyron r_lieu_origine,r_lieu_origine
comte,franche_comte r_lieu_origine,r_lieu_origine
reblochon,savoie r_lieu_origine,r_lieu_origine
bleu,auvergne r_lieu_origine,r_lieu_origine
cantal,cantal r_lieu_origine,r_lieu_origine
munster,alsace r_lieu_origine,r_lieu_origine
pont l eveque,normandie r_lieu_origine,r_lieu_origine
livarot,normandie r_lieu_origine,r_lieu_origine
saint nectaire,auvergne r_lieu_origine,r_lieu_origine
ossau iraty,pays_basque r_lieu_origine,r_lieu_origine
pouligny saint pierre,berry r_lieu_origine,r_lieu_origine
selles sur cher,sologne r_lieu_origine,r_lieu_origine
valencay,touraine r_lieu_origine,r_lieu_origine
fourme,auvergne r_lieu_origine,r_lieu_origine
laguiole,aveyron r_lieu_origine,r_lieu_origine
abondance,savoie r_lieu_origine,r_lieu_origine
mont d or,jura r_lieu_origine,r_lieu_origine
cancoillotte,franche_comte r_lieu_origine,r_lieu_origine
vin,chili r_lieu_origine,r_lieu_origine
fromage,portugal r_lieu_origine,r_lieu_origine
champagne,vignoble r_lieu_origine,r_lieu_origine
whisky,japon r_lieu_origine,r_lieu_origine
huile,maroc r_lieu_origine,r_lieu_origine
marbre,portugal r_lieu_origine,r_lieu_origine
cacao,venezuela r_lieu_origine,r_lieu_origine
riz,vietnam r_lieu_origine,r_lieu_origine
saumon,canada r_lieu_origine,r_lieu_origine
laine,nepal r_lieu_origine,r_lieu_origine
porcelaine,danemark r_lieu_origine,r_lieu_origine
cristal,luxembourg r_lieu_origine,r_lieu_origine
dentelle,portugal r_lieu_origine,r_lieu_origine
parfum,royaume uni r_lieu_origine,r_lieu_origine
couteau,pakistan r_lieu_origine,r_lieu_origine
jambon,serrano r_lieu_origine,r_lieu_origine
saucisson,valais r_lieu_origine,r_lieu_origine
biere,mexique r_lieu_origine,r_lieu_origine
vodka,belarus r_lieu_origine,r_lieu_origine
sake,kyushu r_lieu_origine,r_lieu_origine
rhum,guatemala r_lieu_origine,r_lieu_origine
cigare,nicaragua r_lieu_origine,r_lieu_origine
truffe,piemont r_lieu_origine,r_lieu_origine
foie gras,sud ouest r_lieu_origine,r_lieu_origine
huitre,bassin r_lieu_origine,r_lieu_origine
coquillage,pacifique r_lieu_origine,r_lieu_origine
poisson,atlantique r_lieu_origine,r_lieu_origine
fruit,maghreb r_lieu_origine,r_lieu_origine
lavande,luberon r_lieu_origine,r_lieu_origine
olive,portugal r_lieu_origine,r_lieu_origine
datte,golfe r_lieu_origine,r_lieu_origine
banane,costa rica r_lieu_origine,r_lieu_origine
ananas,philippines r_lieu_origine,r_lieu_origine
mangue,perou r_lieu_origine,r_lieu_origine
avocat,kenya r_lieu_origine,r_lieu_origine
kiwi,italie r_lieu_origine,r_lieu_origine
pomme,washington r_lieu_origine,r_lieu_origine
orange,californie r_lieu_origine,r_lieu_origine
citron,amalfi r_lieu_origine,r_lieu_origine
amande,iran r_lieu_origine,r_lieu_origine
chataigne,corse r_lieu_origine,r_lieu_origine
sirop,vermont r_lieu_origine,r_lieu_origine
cannelle,indonesie r_lieu_origine,r_lieu_origine
poivre,cambodge r_lieu_origine,r_lieu_origine
safran,cachemire r_lieu_origine,r_lieu_origine
vanille,comores r_lieu_origine,r_lieu_origine
cafe,honduras r_lieu_origine,r_lieu_origine
the,nepal r_lieu_origine,r_lieu_origine
sucre,mauritius r_lieu_origine,r_lieu_origine
sel,atlantique r_lieu_origine,r_lieu_origine
eau,volvic r_lieu_origine,r_lieu_origine
ardoise,maine r_lieu_origine,r_lieu_origine
pierre,jura r_lieu_origine,r_lieu_origine
bois,amazonie r_lieu_origine,r_lieu_origine
acier,luxembourg r_lieu_origine,r_lieu_origine
aluminium,islande r_lieu_origine,r_lieu_origine
cuivre,zambie r_lieu_origine,r_lieu_origine
or,ghana r_lieu_origine,r_lieu_origine
diamant,sierra leone r_lieu_origine,r_lieu_origine
emeraude,bresil r_lieu_origine,r_lieu_origine
saphir,madagascar r_lieu_origine,r_lieu_origine
rubis,thailande r_lieu_origine,r_lieu_origine
opale,ethiopie r_lieu_origine,r_lieu_origine
perle,polynesie r_lieu_origine,r_lieu_origine
ambre,dominique r_lieu_origine,r_lieu_origine
jade,guatemala r_lieu_origine,r_lieu_origine
turquoise,arizona r_lieu_origine,r_lieu_origine
soie,thailande r_lieu_origine,r_lieu_origine
coton,ouzbekistan r_lieu_origine,r_lieu_origine
cuir,tunisie r_lieu_origine,r_lieu_origine
fourrure,norvege r_lieu_origine,r_lieu_origine
ivoire,kenya r_lieu_origine,r_lieu_origine
bois,congo r_lieu_origine,r_lieu_origine
acajou,bresil r_lieu_origine,r_lieu_origine
teck,laos r_lieu_origine,r_lieu_origine
osier,france r_lieu_origine,r_lieu_origine
paille,ukraine r_lieu_origine,r_lieu_origine
liege,espagne r_lieu_origine,r_lieu_origine
resine,grece r_lieu_origine,r_lieu_origine
cire,bulgarie r_lieu_origine,r_lieu_origine
miel,roumanie r_lieu_origine,r_lieu_origine
propolis,bresil r_lieu_origine,r_lieu_origine
pollen,espagne r_lieu_origine,r_lieu_origine
essence,egypte r_lieu_origine,r_lieu_origine
extrait,mexique r_lieu_origine,r_lieu_origine
parfum,emirats r_lieu_origine,r_lieu_origine
fleur,pays bas r_lieu_origine,r_lieu_origine
lait,irlande r_lieu_origine,r_lieu_origine
sirop,canada r_lieu_origine,r_lieu_origine
confiture,pologne r_lieu_origine,r_lieu_origine
marmelade,royaume uni r_lieu_origine,r_lieu_origine
compote,allemagne r_lieu_origine,r_lieu_origine
puree,belgique r_lieu_origine,r_lieu_origine
ketchup,etats unis r_lieu_origine,r_lieu_origine
vinaigre,france r_lieu_origine,r_lieu_origine
beurre,normandie r_lieu_origine,r_lieu_origine
creme,bretagne r_lieu_origine,r_lieu_origine
yaourt,grece r_lieu_origine,r_lieu_origine
fromage,suisse r_lieu_origine,r_lieu_origine
cuillere,bois r_object_matiere,r_object_matière
bague,or r_object_matiere,r_object_matière
statue,marbre r_object_matiere,r_object_matière
table,chene r_object_matiere,r_object_matière
collier,perle r_object_matiere,r_object_matière
mur,brique r_object_matiere,r_object_matière
sac,cuir r_object_matiere,r_object_matière
verre,cristal r_object_matiere,r_object_matière
corde,chanvre r_object_matiere,r_object_matière
tissu,soie r_object_matiere,r_object_matière
bouteille,verre r_object_matiere,r_object_matière
sol,pierre r_object_matiere,r_object_matière
toit,tuile r_object_matiere,r_object_matière
pont,fer r_object_matiere,r_object_matière
batiment,beton r_object_matiere,r_object_matière
bague,argent r_object_matiere,r_object_matière
sculpture,bronze r_object_matiere,r_object_matière
ustensile,plastique r_object_matiere,r_object_matière
poutre,acier r_object_matiere,r_object_matière
canne,bambou r_object_matiere,r_object_matière
panier,osier r_object_matiere,r_object_matière
tapis,laine r_object_matiere,r_object_matière
couverture,coton r_object_matiere,r_object_matière
vetement,lin r_object_matiere,r_object_matière
fil,cuivre r_object_matiere,r_object_matière
cable,acier r_object_matiere,r_object_matière
recipient,terre r_object_matiere,r_object_matière
jouet,bois r_object_matiere,r_object_matière
instrument,metal r_object_matiere,r_object_matière
batiment,verre r_object_matiere,r_object_matière
route,goudron r_object_matiere,r_object_matière
toile,lin r_object_matiere,r_object_matière
brosse,poil r_object_matiere,r_object_matière
peigne,corne r_object_matiere,r_object_matière
bouteille,plastique r_object_matiere,r_object_matière
tuile,argile r_object_matiere,r_object_matière
brique,terre r_object_matiere,r_object_matière
parquet,bois r_object_matiere,r_object_matière
carrelage,ceramique r_object_matiere,r_object_matière
comptoir,granit r_object_matiere,r_object_matière
echarpe,cachemire r_object_matiere,r_object_matière
chaussette,laine r_object_matiere,r_object_matière
ceinture,cuir r_object_matiere,r_object_matière
bague,platine r_object_matiere,r_object_matière
collier,diamant r_object_matiere,r_object_matière
boucle,or r_object_matiere,r_object_matière
chaine,argent r_object_matiere,r_object_matière
bracelet,perle r_object_matiere,r_object_matière
broche,email r_object_matiere,r_object_matière
pendentif,jade r_object_matiere,r_object_matière
bouchon,liege r_object_matiere,r_object_matière
manche,bois r_object_matiere,r_object_matière
lame,acier r_object_matiere,r_object_matière
poignee,ivoire r_object_matiere,r_object_matière
cadre,bois r_object_matiere,r_object_matière
miroir,verre r_object_matiere,r_object_matière
vitre,verre r_object_matiere,r_object_matière
vaisselle,porcelaine r_object_matiere,r_object_matière
couvert,argent r_object_matiere,r_object_matière
bol,ceramique r_object_matiere,r_object_matière
tasse,faience r_object_matiere,r_object_matière
theiere,fonte r_object_matiere,r_object_matière
casserole,aluminium r_object_matiere,r_object_matière
poele,fer r_object_matiere,r_object_matière
couvercle,verre r_object_matiere,r_object_matière
plateau,bois r_object_matiere,r_object_matière
saladier,inox r_object_matiere,r_object_matière
passoire,metal r_object_matiere,r_object_matière
rape,acier r_object_matiere,r_object_matière
couteau,ceramique r_object_matiere,r_object_matière
banc,pierre r_object_matiere,r_object_matière
barriere,fer r_object_matiere,r_object_matière
grille,metal r_object_matiere,r_object_matière
cloture,bois r_object_matiere,r_object_matière
poteau,beton r_object_matiere,r_object_matière
dalle,pierre r_object_matiere,r_object_matière
escalier,marbre r_object_matiere,r_object_matière
rampe,fer r_object_matiere,r_object_matière
balustrade,bronze r_object_matiere,r_object_matière
fontaine,pierre r_object_matiere,r_object_matière
bassin,ciment r_object_matiere,r_object_matière
statue,platre r_object_matiere,r_object_matière
monument,granit r_object_matiere,r_object_matière
colonne,marbre r_object_matiere,r_object_matière
chapiteau,pierre r_object_matiere,r_object_matière
voile,coton r_object_matiere,r_object_matière
corde,nylon r_object_matiere,r_object_matière
ancre,fer r_object_matiere,r_object_matière
helice,bronze r_object_matiere,r_object_matière
coque,acier r_object_matiere,r_object_matière
mat,aluminium r_object_matiere,r_object_matière
voilure,polyester r_object_matiere,r_object_matière
gouvernail,bois r_object_matiere,r_object_matière
radeau,bambou r_object_matiere,r_object_matière
canot,caoutchouc r_object_matiere,r_object_matière
kayak,plastique r_object_matiere,r_object_matière
planche,bois r_object_matiere,r_object_matière
ski,fibre r_object_matiere,r_object_matière
raquette,graphite r_object_matiere,r_object_matière
ballon,cuir r_object_matiere,r_object_matière
ballon,plastique r_object_matiere,r_object_matière
filet,nylon r_object_matiere,r_object_matière
cage,fer r_object_matiere,r_object_matière
but,metal r_object_matiere,r_object_matière
poteau,bois r_object_matiere,r_object_matière
barre,cuivre r_object_matiere,r_object_matière
tube,plastique r_object_matiere,r_object_matière
rondelle,caoutchouc r_object_matiere,r_object_matière
ressort,acier r_object_matiere,r_object_matière
vis,metal r_object_matiere,r_object_matière
ecrou,laiton r_object_matiere,r_object_matière
boulon,fer r_object_matiere,r_object_matière
clou,cuivre r_object_matiere,r_object_matière
goupille,acier r_object_matiere,r_object_matière
axe,metal r_object_matiere,r_object_matière
pignon,bronze r_object_matiere,r_object_matière
engrenage,plastique r_object_matiere,r_object_matière
courroie,caoutchouc r_object_matiere,r_object_matière
chaine,acier r_object_matiere,r_object_matière
cable,nylon r_object_matiere,r_object_matière
poulie,aluminium r_object_matiere,r_object_matière
palier,bronze r_object_matiere,r_object_matière
joint,caoutchouc r_object_matiere,r_object_matière
valve,laiton r_object_matiere,r_object_matière
piston,acier r_object_matiere,r_object_matière
cylindre,metal r_object_matiere,r_object_matière
reservoir,plastique r_object_matiere,r_object_matière
conduite,cuivre r_object_matiere,r_object_matière
tuyau,pvc r_object_matiere,r_object_matière
raccord,laiton r_object_matiere,r_object_matière
robinet,chrome r_object_matiere,r_object_matière
pompe,fonte r_object_matiere,r_object_matière
compresseur,acier r_object_matiere,r_object_matière
moteur,aluminium r_object_matiere,r_object_matière
bobine,cuivre r_object_matiere,r_object_matière
aimant,neodyme r_object_matiere,r_object_matière
circuit,or r_object_matiere,r_object_matière
puce,silicium r_object_matiere,r_object_matière
carte,fibre r_object_matiere,r_object_matière
connecteur,or r_object_matiere,r_object_matière
filament,tungstene r_object_matiere,r_object_matière
ampoule,verre r_object_matiere,r_object_matière
lentille,plastique r_object_matiere,r_object_matière
prisme,cristal r_object_matiere,r_object_matière
capteur,silicium r_object_matiere,r_object_matière
ecran,verre r_object_matiere,r_object_matière
cadran,nacre r_object_matiere,r_object_matière
aiguille,acier r_object_matiere,r_object_matière
mecanisme,laiton r_object_matiere,r_object_matière
pendule,laiton r_object_matiere,r_object_matière
bracelet,cuir r_object_matiere,r_object_matière
coque,plastique r_object_matiere,r_object_matière
vitre,saphir r_object_matiere,r_object_matière
couronne,acier r_object_matiere,r_object_matière
fond,titane r_object_matiere,r_object_matière
batterie,lithium r_object_matiere,r_object_matière
circuit,cuivre r_object_matiere,r_object_matière
radiateur,aluminium r_object_matiere,r_object_matière
ventilateur,plastique r_object_matiere,r_object_matière
carte,circuit r_object_matiere,r_object_matière
barrette,memoire r_object_matiere,r_object_matière
processeur,silicium r_object_matiere,r_object_matière
disque,verre r_object_matiere,r_object_matière
lecteur,laser r_object_matiere,r_object_matière
clavier,plastique r_object_matiere,r_object_matière
souris,plastique r_object_matiere,r_object_matière
ecran,lcd r_object_matiere,r_object_matière
enceinte,bois r_object_matiere,r_object_matière
microphone,metal r_object_matiere,r_object_matière
casque,plastique r_object_matiere,r_object_matière
ecouteur,plastique r_object_matiere,r_object_matière
chargeur,plastique r_object_matiere,r_object_matière
cable,cuivre r_object_matiere,r_object_matière
prise,laiton r_object_matiere,r_object_matière
interrupteur,ceramique r_object_matiere,r_object_matière
fusible,argent r_object_matiere,r_object_matière
transformateur,fer r_object_matiere,r_object_matière
condensateur,aluminium r_object_matiere,r_object_matière
resistance,carbone r_object_matiere,r_object_matière
transistor,silicium r_object_matiere,r_object_matière
diode,germanium r_object_matiere,r_object_matière
plaque,cuivre r_object_matiere,r_object_matière
radiateur,cuivre r_object_matiere,r_object_matière
ventirad,aluminium r_object_matiere,r_object_matière
waterblock,cuivre r_object_matiere,r_object_matière
tuyau,caoutchouc r_object_matiere,r_object_matière
pompe,laiton r_object_matiere,r_object_matière
joint,silicone r_object_matiere,r_object_matière
support,acier r_object_matiere,r_object_matière
cadre,aluminium r_object_matiere,r_object_matière
panneau,verre r_object_matiere,r_object_matière
poignee,plastique r_object_matiere,r_object_matière
charniere,laiton r_object_matiere,r_object_matière
serrure,acier r_object_matiere,r_object_matière
clef,laiton r_object_matiere,r_object_matière
coffre,bois r_object_matiere,r_object_matière
tiroir,bois r_object_matiere,r_object_matière
etagere,verre r_object_matiere,r_object_matière
tablette,bois r_object_matiere,r_object_matière
penderie,bois r_object_matiere,r_object_matière
armoire,chene r_object_matiere,r_object_matière
buffet,noyer r_object_matiere,r_object_matière
commode,merisier r_object_matiere,r_object_matière
lit,fer r_object_matiere,r_object_matière
matelas,mousse r_object_matiere,r_object_matière
oreiller,plume r_object_matiere,r_object_matière
couette,duvet r_object_matiere,r_object_matière
drap,coton r_object_matiere,r_object_matière
couverture,laine r_object_matiere,r_object_matière
taie,satin r_object_matiere,r_object_matière
serviette,coton r_object_matiere,r_object_matière
moquette,nylon r_object_matiere,r_object_matière
store,bambou r_object_matiere,r_object_matière
rideau,velours r_object_matiere,r_object_matière
voilage,polyester r_object_matiere,r_object_matière
abat jour,tissu r_object_matiere,r_object_matière
lustre,cristal r_object_matiere,r_object_matière
lampe,laiton r_object_matiere,r_object_matière
interrupteur,porcelaine r_object_matiere,r_object_matière
prise,ceramique r_object_matiere,r_object_matière
parafoudre,varistance r_object_matiere,r_object_matière
disjoncteur,bakelite r_object_matiere,r_object_matière
compteur,plastique r_object_matiere,r_object_matière
tableau,bois r_object_matiere,r_object_matière
gaine,pvc r_object_matiere,r_object_matière
conduit,metal r_object_matiere,r_object_matière
cheminee,brique r_object_matiere,r_object_matière
poele,fonte r_object_matiere,r_object_matière
tuyau,cuivre r_object_matiere,r_object_matière
robinet,laiton r_object_matiere,r_object_matière
siphon,pvc r_object_matiere,r_object_matière
evier,inox r_object_matiere,r_object_matière
evier,ceramique r_object_matiere,r_object_matière
bac,plastique r_object_matiere,r_object_matière
bonde,laiton r_object_matiere,r_object_matière
crepine,inox r_object_matiere,r_object_matière
trop plein,plastique r_object_matiere,r_object_matière
meuble,rotin r_object_matiere,r_object_matière
fauteuil,cuir r_object_matiere,r_object_matière
canape,tissu r_object_matiere,r_object_matière
pouf,velours r_object_matiere,r_object_matière
tabouret,metal r_object_matiere,r_object_matière
chaise,bois r_object_matiere,r_object_matière
table,verre r_object_matiere,r_object_matière
bureau,chene r_object_matiere,r_object_matière
bibliotheque,pin r_object_matiere,r_object_matière
etagere,metal r_object_matiere,r_object_matière
presentoir,verre r_object_matiere,r_object_matière
vitrine,verre r_object_matiere,r_object_matière
comptoir,marbre r_object_matiere,r_object_matière
caisse,bois r_object_matiere,r_object_matière
carton,papier r_object_matiere,r_object_matière
emballage,plastique r_object_matiere,r_object_matière
sachet,papier r_object_matiere,r_object_matière
bocal,verre r_object_matiere,r_object_matière
boite,metal r_object_matiere,r_object_matière
tube,carton r_object_matiere,r_object_matière
flacon,verre r_object_matiere,r_object_matière
pot,terre r_object_matiere,r_object_matière
cruche,gres r_object_matiere,r_object_matière
jarre,ceramique r_object_matiere,r_object_matière
amphore,argile r_object_matiere,r_object_matière
vase,cristal r_object_matiere,r_object_matière
coupe,argent r_object_matiere,r_object_matière
gobelet,plastique r_object_matiere,r_object_matière
tasse,porcelaine r_object_matiere,r_object_matière
mug,ceramique r_object_matiere,r_object_matière
thermos,inox r_object_matiere,r_object_matière
carafe,cristal r_object_matiere,r_object_matière
carafe,verre r_object_matiere,r_object_matière
pichet,terre r_object_matiere,r_object_matière
verseuse,argent r_object_matiere,r_object_matière
plateau,argent r_object_matiere,r_object_matière
plat,porcelaine r_object_matiere,r_object_matière
assiette,faience r_object_matiere,r_object_matière
bol,bois r_object_matiere,r_object_matière
saladier,verre r_object_matiere,r_object_matière
ramequin,ceramique r_object_matiere,r_object_matière
cocotte,fonte r_object_matiere,r_object_matière
marmite,fer r_object_matiere,r_object_matière
faitout,inox r_object_matiere,r_object_matière
sauteuse,cuivre r_object_matiere,r_object_matière
wok,acier r_object_matiere,r_object_matière
gril,fonte r_object_matiere,r_object_matière
plaque,fer r_object_matiere,r_object_matière
plancha,acier r_object_matiere,r_object_matière
rotissoire,metal r_object_matiere,r_object_matière
friteuse,inox r_object_matiere,r_object_matière
autocuiseur,aluminium r_object_matiere,r_object_matière
mixeur,plastique r_object_matiere,r_object_matière
blender,verre r_object_matiere,r_object_matière
robot,metal r_object_matiere,r_object_matière
batteur,inox r_object_matiere,r_object_matière
hachoir,plastique r_object_matiere,r_object_matière
coupe legume,plastique r_object_matiere,r_object_matière
eplucheur,metal r_object_matiere,r_object_matière
ouvre boite,acier r_object_matiere,r_object_matière
presse agrume,verre r_object_matiere,r_object_matière
moulin,bois r_object_matiere,r_object_matière
mortier,marbre r_object_matiere,r_object_matière
pilon,bois r_object_matiere,r_object_matière
passoire,inox r_object_matiere,r_object_matière
tamis,metal r_object_matiere,r_object_matière
chinois,inox r_object_matiere,r_object_matière
mousseline,tissu r_object_matiere,r_object_matière
etamine,coton r_object_matiere,r_object_matière
torchon,lin r_object_matiere,r_object_matière
essuie main,coton r_object_matiere,r_object_matière
nappe,tissu r_object_matiere,r_object_matière
set,papier r_object_matiere,r_object_matière
serviette,papier r_object_matiere,r_object_matière
sopalin,cellulose r_object_matiere,r_object_matière
film,plastique r_object_matiere,r_object_matière
papier,aluminium r_object_matiere,r_object_matière
cellophane,plastique r_object_matiere,r_object_matière
ruban,caoutchouc r_object_matiere,r_object_matière
elastique,latex r_object_matiere,r_object_matière
ficelle,jute r_object_matiere,r_object_matière
cordelette,nylon r_object_matiere,r_object_matière
fil,fer r_object_matiere,r_object_matière
ruban,tissu r_object_matiere,r_object_matière
lacet,cuir r_object_matiere,r_object_matière
bouton,nacre r_object_matiere,r_object_matière
fermeture,metal r_object_matiere,r_object_matière
zip,plastique r_object_matiere,r_object_matière
agrafe,metal r_object_matiere,r_object_matière
trombone,metal r_object_matiere,r_object_matière
epingle,metal r_object_matiere,r_object_matière
epinglette,metal r_object_matiere,r_object_matière
broche,metal r_object_matiere,r_object_matière
punaise,laiton r_object_matiere,r_object_matière
vis,acier r_object_matiere,r_object_matière
rondelle,cuivre r_object_matiere,r_object_matière
pivot,bronze r_object_matiere,r_object_matière
palier,metal r_object_matiere,r_object_matière
roulement,acier r_object_matiere,r_object_matière
galet,nylon r_object_matiere,r_object_matière
treuil,fer r_object_matiere,r_object_matière
palon,acier r_object_matiere,r_object_matière
crochet,metal r_object_matiere,r_object_matière
mousqueton,aluminium r_object_matiere,r_object_matière
manille,acier r_object_matiere,r_object_matière
crampon,fer r_object_matiere,r_object_matière
pitons,acier r_object_matiere,r_object_matière
coinceur,aluminium r_object_matiere,r_object_matière
degaine,acier r_object_matiere,r_object_matière
mousqueton,alliage r_object_matiere,r_object_matière
baudrier,nylon r_object_matiere,r_object_matière
cordes,nylon r_object_matiere,r_object_matière
lampe,acier r_object_matiere,r_object_matière
pile,lithium r_object_matiere,r_object_matière
generateur,acier r_object_matiere,r_object_matière
panneau,silicium r_object_matiere,r_object_matière
eolienne,fibre r_object_matiere,r_object_matière
pale,composite r_object_matiere,r_object_matière
mat,acier r_object_matiere,r_object_matière
fondation,beton r_object_matiere,r_object_matière
alternateur,cuivre r_object_matiere,r_object_matière
redresseur,silicium r_object_matiere,r_object_matière
onduleur,aluminium r_object_matiere,r_object_matière
batterie,plomb r_object_matiere,r_object_matière
accumulateur,nickel r_object_matiere,r_object_matière
potentiometre,graphite r_object_matiere,r_object_matière
condensateur,ceramique r_object_matiere,r_object_matière
transistor,germanium r_object_matiere,r_object_matière
circuit,silicium r_object_matiere,r_object_matière
fiche,plastique r_object_matiere,r_object_matière
bornier,porcelaine r_object_matiere,r_object_matière
paratonnerre,cuivre r_object_matiere,r_object_matière
parafoudre,oxyde r_object_matiere,r_object_matière
cuillere,terre r_object_matiere,r_object_matière
bague,pierre r_object_matiere,r_object_matière
statue,glaise r_object_matiere,r_object_matière
table,pierre r_object_matiere,r_object_matière
collier,nacre r_object_matiere,r_object_matière
mur,roche r_object_matiere,r_object_matière
sac,toile r_object_matiere,r_object_matière
verre,silice r_object_matiere,r_object_matière
corde,fibre r_object_matiere,r_object_matière
tissu,laine r_object_matiere,r_object_matière
bouteille,terre r_object_matiere,r_object_matière
pont,pierre r_object_matiere,r_object_matière
batiment,brique r_object_matiere,r_object_matière
bague,resine r_object_matiere,r_object_matière
sculpture,cire r_object_matiere,r_object_matière
ustensile,terre r_object_matiere,r_object_matière
poutre,pierre r_object_matiere,r_object_matière
canne,rotin r_object_matiere,r_object_matière
panier,paille r_object_matiere,r_object_matière
tapis,fibre r_object_matiere,r_object_matière
vetement,soie r_object_matiere,r_object_matière
fil,laine r_object_matiere,r_object_matière
cable,fibre r_object_matiere,r_object_matière
jouet,cire r_object_matiere,r_object_matière
instrument,corne r_object_matiere,r_object_matière
batiment,pierre r_object_matiere,r_object_matière
route,pierre r_object_matiere,r_object_matière
toile,laine r_object_matiere,r_object_matière
brosse,soie r_object_matiere,r_object_matière
bouteille,silice r_object_matiere,r_object_matière
tuile,terre r_object_matiere,r_object_matière
brique,glaise r_object_matiere,r_object_matière
parquet,pierre r_object_matiere,r_object_matière
carrelage,terre r_object_matiere,r_object_matière
comptoir,pierre r_object_matiere,r_object_matière
echarpe,soie r_object_matiere,r_object_matière
ceinture,peau r_object_matiere,r_object_matière
bague,corne r_object_matiere,r_object_matière
boucle,nacre r_object_matiere,r_object_matière
chaine,soie r_object_matiere,r_object_matière
bracelet,corne r_object_matiere,r_object_matière
broche,resine r_object_matiere,r_object_matière
pendentif,pierre r_object_matiere,r_object_matière
manche,corne r_object_matiere,r_object_matière
lame,pierre r_object_matiere,r_object_matière
poignee,corne r_object_matiere,r_object_matière
cadre,pierre r_object_matiere,r_object_matière
miroir,silice r_object_matiere,r_object_matière
vitre,silice r_object_matiere,r_object_matière
vaisselle,terre r_object_matiere,r_object_matière
couvert,corne r_object_matiere,r_object_matière
bol,terre r_object_matiere,r_object_matière
tasse,terre r_object_matiere,r_object_matière
theiere,terre r_object_matiere,r_object_matière
casserole,terre r_object_matiere,r_object_matière
poele,pierre r_object_matiere,r_object_matière
couvercle,terre r_object_matiere,r_object_matière
plateau,pierre r_object_matiere,r_object_matière
saladier,terre r_object_matiere,r_object_matière
passoire,terre r_object_matiere,r_object_matière
rape,pierre r_object_matiere,r_object_matière
couteau,pierre r_object_matiere,r_object_matière
barriere,pierre r_object_matiere,r_object_matière
grille,pierre r_object_matiere,r_object_matière
cloture,pierre r_object_matiere,r_object_matière
poteau,pierre r_object_matiere,r_object_matière
escalier,pierre r_object_matiere,r_object_matière
rampe,pierre r_object_matiere,r_object_matière
balustrade,pierre r_object_matiere,r_object_matière
bassin,pierre r_object_matiere,r_object_matière
statue,pierre r_object_matiere,r_object_matière
monument,pierre r_object_matiere,r_object_matière
colonne,pierre r_object_matiere,r_object_matière
voile,toile r_object_matiere,r_object_matière
ancre,pierre r_object_matiere,r_object_matière
helice,pierre r_object_matiere,r_object_matière
coque,pierre r_object_matiere,r_object_matière
mat,pierre r_object_matiere,r_object_matière
voilure,toile r_object_matiere,r_object_matière
gouvernail,pierre r_object_matiere,r_object_matière
radeau,paille r_object_matiere,r_object_matière
canot,peau r_object_matiere,r_object_matière
kayak,peau r_object_matiere,r_object_matière
planche,pierre r_object_matiere,r_object_matière
ski,pierre r_object_matiere,r_object_matière
raquette,peau r_object_matiere,r_object_matière
ballon,peau r_object_matiere,r_object_matière
ballon,vessie r_object_matiere,r_object_matière
filet,fibre r_object_matiere,r_object_matière
cage,pierre r_object_matiere,r_object_matière
but,pierre r_object_matiere,r_object_matière
barre,pierre r_object_matiere,r_object_matière
tube,corne r_object_matiere,r_object_matière
rondelle,corne r_object_matiere,r_object_matière
ressort,corne r_object_matiere,r_object_matière
vis,pierre r_object_matiere,r_object_matière
ecrou,pierre r_object_matiere,r_object_matière
boulon,pierre r_object_matiere,r_object_matière
clou,pierre r_object_matiere,r_object_matière
goupille,pierre r_object_matiere,r_object_matière
axe,pierre r_object_matiere,r_object_matière
pignon,pierre r_object_matiere,r_object_matière
engrenage,pierre r_object_matiere,r_object_matière
courroie,fibre r_object_matiere,r_object_matière
chaine,pierre r_object_matiere,r_object_matière
poulie,pierre r_object_matiere,r_object_matière
palier,pierre r_object_matiere,r_object_matière
joint,fibre r_object_matiere,r_object_matière
valve,pierre r_object_matiere,r_object_matière
piston,pierre r_object_matiere,r_object_matière
cylindre,pierre r_object_matiere,r_object_matière
reservoir,terre r_object_matiere,r_object_matière
conduite,terre r_object_matiere,r_object_matière
tuyau,terre r_object_matiere,r_object_matière
raccord,terre r_object_matiere,r_object_matière
robinet,pierre r_object_matiere,r_object_matière
pompe,pierre r_object_matiere,r_object_matière
compresseur,pierre r_object_matiere,r_object_matière
moteur,pierre r_object_matiere,r_object_matière
bobine,fibre r_object_matiere,r_object_matière
aimant,pierre r_object_matiere,r_object_matière
circuit,pierre r_object_matiere,r_object_matière
puce,silice r_object_matiere,r_object_matière
connecteur,pierre r_object_matiere,r_object_matière
filament,fibre r_object_matiere,r_object_matière
ampoule,silice r_object_matiere,r_object_matière
lentille,silice r_object_matiere,r_object_matière
prisme,silice r_object_matiere,r_object_matière
capteur,silice r_object_matiere,r_object_matière
ecran,silice r_object_matiere,r_object_matière
aiguille,corne r_object_matiere,r_object_matière
mecanisme,pierre r_object_matiere,r_object_matière
pendule,pierre r_object_matiere,r_object_matière
bracelet,fibre r_object_matiere,r_object_matière
coque,noix r_object_matiere,r_object_matière
couronne,feuille r_object_matiere,r_object_matière
fond,terre r_object_matiere,r_object_matière
batterie,terre r_object_matiere,r_object_matière
radiateur,pierre r_object_matiere,r_object_matière
ventilateur,feuille r_object_matiere,r_object_matière
barrette,pierre r_object_matiere,r_object_matière
processeur,silice r_object_matiere,r_object_matière
disque,pierre r_object_matiere,r_object_matière
lecteur,pierre r_object_matiere,r_object_matière
clavier,pierre r_object_matiere,r_object_matière
souris,peau r_object_matiere,r_object_matière
enceinte,pierre r_object_matiere,r_object_matière
microphone,corne r_object_matiere,r_object_matière
casque,peau r_object_matiere,r_object_matière
ecouteur,cire r_object_matiere,r_object_matière
chargeur,pierre r_object_matiere,r_object_matière
prise,pierre r_object_matiere,r_object_matière
interrupteur,pierre r_object_matiere,r_object_matière
fusible,fibre r_object_matiere,r_object_matière
transformateur,pierre r_object_matiere,r_object_matière
condensateur,pierre r_object_matiere,r_object_matière
resistance,fibre r_object_matiere,r_object_matière
transistor,silice r_object_matiere,r_object_matière
diode,silice r_object_matiere,r_object_matière
plaque,pierre r_object_matiere,r_object_matière
ventirad,pierre r_object_matiere,r_object_matière
waterblock,pierre r_object_matiere,r_object_matière
tuyau,fibre r_object_matiere,r_object_matière
support,pierre r_object_matiere,r_object_matière
panneau,pierre r_object_matiere,r_object_matière
charniere,pierre r_object_matiere,r_object_matière
serrure,pierre r_object_matiere,r_object_matière
clef,pierre r_object_matiere,r_object_matière
coffre,pierre r_object_matiere,r_object_matière
tiroir,pierre r_object_matiere,r_object_matière
etagere,pierre r_object_matiere,r_object_matière
tablette,pierre r_object_matiere,r_object_matière
penderie,pierre r_object_matiere,r_object_matière
armoire,pierre r_object_matiere,r_object_matière
buffet,pierre r_object_matiere,r_object_matière
commode,pierre r_object_matiere,r_object_matière
lit,pierre r_object_matiere,r_object_matière
matelas,paille r_object_matiere,r_object_matière
couette,plume r_object_matiere,r_object_matière
drap,toile r_object_matiere,r_object_matière
taie,soie r_object_matiere,r_object_matière
serviette,toile r_object_matiere,r_object_matière
moquette,laine r_object_matiere,r_object_matière
store,toile r_object_matiere,r_object_matière
rideau,toile r_object_matiere,r_object_matière
voilage,toile r_object_matiere,r_object_matière
abat jour,toile r_object_matiere,r_object_matière
lustre,silice r_object_matiere,r_object_matière
lampe,terre r_object_matiere,r_object_matière
parafoudre,pierre r_object_matiere,r_object_matière
disjoncteur,pierre r_object_matiere,r_object_matière
compteur,pierre r_object_matiere,r_object_matière
tableau,pierre r_object_matiere,r_object_matière
gaine,fibre r_object_matiere,r_object_matière
conduit,pierre r_object_matiere,r_object_matière
cheminee,pierre r_object_matiere,r_object_matière
siphon,terre r_object_matiere,r_object_matière
evier,pierre r_object_matiere,r_object_matière
evier,terre r_object_matiere,r_object_matière
bac,terre r_object_matiere,r_object_matière
bonde,pierre r_object_matiere,r_object_matière
crepine,pierre r_object_matiere,r_object_matière
trop plein,terre r_object_matiere,r_object_matière
meuble,pierre r_object_matiere,r_object_matière
fauteuil,peau r_object_matiere,r_object_matière
canape,toile r_object_matiere,r_object_matière
pouf,toile r_object_matiere,r_object_matière
tabouret,pierre r_object_matiere,r_object_matière
chaise,pierre r_object_matiere,r_object_matière
bureau,pierre r_object_matiere,r_object_matière
bibliotheque,pierre r_object_matiere,r_object_matière
presentoir,pierre r_object_matiere,r_object_matière
vitrine,silice r_object_matiere,r_object_matière
caisse,pierre r_object_matiere,r_object_matière
carton,paille r_object_matiere,r_object_matière
emballage,feuille r_object_matiere,r_object_matière
sachet,feuille r_object_matiere,r_object_matière
bocal,terre r_object_matiere,r_object_matière
boite,pierre r_object_matiere,r_object_matière
flacon,terre r_object_matiere,r_object_matière
cruche,terre r_object_matiere,r_object_matière
jarre,terre r_object_matiere,r_object_matière
amphore,terre r_object_matiere,r_object_matière
vase,terre r_object_matiere,r_object_matière
coupe,corne r_object_matiere,r_object_matière
gobelet,corne r_object_matiere,r_object_matière
mug,terre r_object_matiere,r_object_matière
thermos,terre r_object_matiere,r_object_matière
carafe,terre r_object_matiere,r_object_matière
cuillere,metal r_object_matiere,r_object_matière
bague,alliage r_object_matiere,r_object_matière
table,bois r_object_matiere,r_object_matière
collier,metal r_object_matiere,r_object_matière
mur,beton r_object_matiere,r_object_matière
tissu,lin r_object_matiere,r_object_matière
sol,carrelage r_object_matiere,r_object_matière
toit,ardoise r_object_matiere,r_object_matière
pont,acier r_object_matiere,r_object_matière
batiment,granit r_object_matiere,r_object_matière
bague,titane r_object_matiere,r_object_matière
ustensile,inox r_object_matiere,r_object_matière
poutre,chene r_object_matiere,r_object_matière
vetement,cachemire r_object_matiere,r_object_matière
recipient,plastique r_object_matiere,r_object_matière
instrument,laiton r_object_matiere,r_object_matière
route,asphalte r_object_matiere,r_object_matière
toile,chanvre r_object_matiere,r_object_matière
parquet,chene r_object_matiere,r_object_matière
collier,argent r_object_matiere,r_object_matière
cuillere,argent r_object_matiere,r_object_matière
velo,cycliste r_own,r_own-1
voiture,conducteur r_own,r_own-1
moto,motard r_own,r_own-1
camion,routier r_own,r_own-1
tracteur,agriculteur r_own,r_own-1
bateau,marin r_own,r_own-1
avion,pilote r_own,r_own-1
helicoptere,pilote r_own,r_own-1
scooter,livreur r_own,r_own-1
trottinette,enfant r_own,r_own-1
skateboard,skateur r_own,r_own-1
patins,patineur r_own,r_own-1
skis,skieur r_own,r_own-1
snowboard,surfeur r_own,r_own-1
planche,surfeur r_own,r_own-1
kayak,kayakiste r_own,r_own-1
canoe,canoeiste r_own,r_own-1
peniche,marinier r_own,r_own-1
yacht,plaisancier r_own,r_own-1
voilier,navigateur r_own,r_own-1
catamaran,navigateur r_own,r_own-1
trimaran,navigateur r_own,r_own-1
deriveur,regatier r_own,r_own-1
zodiac,plongeur r_own,r_own-1
jet ski,plaisancier r_own,r_own-1
cheval,cavalier r_own,r_own-1
poney,cavalier r_own,r_own-1
ane,paysan r_own,r_own-1
mulet,paysan r_own,r_own-1
chameau,nomade r_own,r_own-1
dromadaire,nomade r_own,r_own-1
elephant,cornac r_own,r_own-1
chien,maitre r_own,r_own-1
chat,proprietaire r_own,r_own-1
perroquet,proprietaire r_own,r_own-1
canari,proprietaire r_own,r_own-1
poisson,proprietaire r_own,r_own-1
hamster,enfant r_own,r_own-1
cochon,paysan r_own,r_own-1
vache,eleveur r_own,r_own-1
bœuf,eleveur r_own,r_own-1
taureau,eleveur r_own,r_own-1
mouton,berger r_own,r_own-1
brebis,berger r_own,r_own-1
agneau,berger r_own,r_own-1
chevre,berger r_own,r_own-1
chevreau,berger r_own,r_own-1
poule,fermier r_own,r_own-1
coq,fermier r_own,r_own-1
canard,fermier r_own,r_own-1
oie,fermier r_own,r_own-1
dinde,fermier r_own,r_own-1
lapin,fermier r_own,r_own-1
maison,proprietaire r_own,r_own-1
appartement,locataire r_own,r_own-1
villa,proprietaire r_own,r_own-1
chateau,proprietaire r_own,r_own-1
manoir,proprietaire r_own,r_own-1
chalet,proprietaire r_own,r_own-1
cabane,proprietaire r_own,r_own-1
hutte,habitant r_own,r_own-1
tente,campeur r_own,r_own-1
caravane,campeur r_own,r_own-1
mobile home,campeur r_own,r_own-1
roulotte,nomade r_own,r_own-1
yourte,nomade r_own,r_own-1
igloo,esquimau r_own,r_own-1
tipi,indien r_own,r_own-1
garage,proprietaire r_own,r_own-1
hangar,proprietaire r_own,r_own-1
entrepot,proprietaire r_own,r_own-1
atelier,artisan r_own,r_own-1
boutique,commercant r_own,r_own-1
magasin,commercant r_own,r_own-1
bureau,employe r_own,r_own-1
cabinet,medecin r_own,r_own-1
etude,notaire r_own,r_own-1
laboratoire,chercheur r_own,r_own-1
usine,industriel r_own,r_own-1
ferme,fermier r_own,r_own-1
exploitation,agriculteur r_own,r_own-1
parcelle,proprietaire r_own,r_own-1
terrain,proprietaire r_own,r_own-1
champ,paysan r_own,r_own-1
pre,eleveur r_own,r_own-1
prairie,eleveur r_own,r_own-1
jardin,jardinier r_own,r_own-1
potager,jardinier r_own,r_own-1
verger,arboriculteur r_own,r_own-1
vigne,vigneron r_own,r_own-1
oliveraie,oleiculteur r_own,r_own-1
plantation,planteur r_own,r_own-1
foret,forestier r_own,r_own-1
bois,proprietaire r_own,r_own-1
etang,pisciculteur r_own,r_own-1
mare,proprietaire r_own,r_own-1
puits,proprietaire r_own,r_own-1
fontaine,proprietaire r_own,r_own-1
piscine,proprietaire r_own,r_own-1
livre,lecteur r_own,r_own-1
cahier,ecolier r_own,r_own-1
carnet,ecrivain r_own,r_own-1
journal,abonne r_own,r_own-1
magazine,abonne r_own,r_own-1
revue,abonne r_own,r_own-1
dictionnaire,etudiant r_own,r_own-1
encyclopedie,collectionneur r_own,r_own-1
atlas,geographe r_own,r_own-1
carte,randonneur r_own,r_own-1
plan,touriste r_own,r_own-1
guide,voyageur r_own,r_own-1
album,photographe r_own,r_own-1
disque,collectionneur r_own,r_own-1
vinyle,collectionneur r_own,r_own-1
cassette,collectionneur r_own,r_own-1
cd,melomane r_own,r_own-1
dvd,cinephile r_own,r_own-1
blu ray,cinephile r_own,r_own-1
film,cineaste r_own,r_own-1
photo,photographe r_own,r_own-1
tableau,peintre r_own,r_own-1
toile,artiste r_own,r_own-1
dessin,dessinateur r_own,r_own-1
sculpture,sculpteur r_own,r_own-1
statue,sculpteur r_own,r_own-1
buste,sculpteur r_own,r_own-1
vase,collectionneur r_own,r_own-1
pot,potier r_own,r_own-1
assiette,ceramiste r_own,r_own-1
bol,ceramiste r_own,r_own-1
tasse,collectionneur r_own,r_own-1
verre,verrier r_own,r_own-1
coupe,verrier r_own,r_own-1
carafe,verrier r_own,r_own-1
bouteille,vigneron r_own,r_own-1
flacon,parfumeur r_own,r_own-1
bijou,joaillier r_own,r_own-1
collier,bijoutier r_own,r_own-1
bague,bijoutier r_own,r_own-1
bracelet,bijoutier r_own,r_own-1
boucle,bijoutier r_own,r_own-1
broche,bijoutier r_own,r_own-1
montre,horloger r_own,r_own-1
pendule,horloger r_own,r_own-1
horloge,horloger r_own,r_own-1
reveil,proprietaire r_own,r_own-1
chronometre,sportif r_own,r_own-1
ordinateur,informaticien r_own,r_own-1
portable,utilisateur r_own,r_own-1
tablette,utilisateur r_own,r_own-1
smartphone,utilisateur r_own,r_own-1
telephone,abonne r_own,r_own-1
televiseur,telespectateur r_own,r_own-1
ecran,utilisateur r_own,r_own-1
imprimante,utilisateur r_own,r_own-1
scanner,utilisateur r_own,r_own-1
appareil,photographe r_own,r_own-1
camera,videaste r_own,r_own-1
camescope,videaste r_own,r_own-1
micro,chanteur r_own,r_own-1
enceinte,musicien r_own,r_own-1
platine,disc jockey r_own,r_own-1
guitare,guitariste r_own,r_own-1
piano,pianiste r_own,r_own-1
violon,violoniste r_own,r_own-1
flute,flutiste r_own,r_own-1
saxophone,saxophoniste r_own,r_own-1
trompette,trompettiste r_own,r_own-1
batterie,batteur r_own,r_own-1
tambour,percussionniste r_own,r_own-1
harpe,harpiste r_own,r_own-1
accordeon,accordeoniste r_own,r_own-1
harmonica,musicien r_own,r_own-1
synthetiseur,musicien r_own,r_own-1
amplificateur,musicien r_own,r_own-1
vetement,proprietaire r_own,r_own-1
chemise,proprietaire r_own,r_own-1
pantalon,proprietaire r_own,r_own-1
jupe,proprietaire r_own,r_own-1
robe,proprietaire r_own,r_own-1
manteau,proprietaire r_own,r_own-1
veste,proprietaire r_own,r_own-1
blouson,proprietaire r_own,r_own-1
gilet,proprietaire r_own,r_own-1
pull,proprietaire r_own,r_own-1
chandail,proprietaire r_own,r_own-1
tricot,proprietaire r_own,r_own-1
cardigan,proprietaire r_own,r_own-1
sweat,proprietaire r_own,r_own-1
polo,proprietaire r_own,r_own-1
tee shirt,proprietaire r_own,r_own-1
debardeur,proprietaire r_own,r_own-1
maillot,sportif r_own,r_own-1
short,sportif r_own,r_own-1
bermuda,proprietaire r_own,r_own-1
costume,proprietaire r_own,r_own-1
complet,proprietaire r_own,r_own-1
smoking,proprietaire r_own,r_own-1
habit,proprietaire r_own,r_own-1
uniforme,employe r_own,r_own-1
blouse,employe r_own,r_own-1
tablier,cuisinier r_own,r_own-1
salopette,ouvrier r_own,r_own-1
combinaison,mecanicien r_own,r_own-1
chaussure,proprietaire r_own,r_own-1
soulier,proprietaire r_own,r_own-1
botte,proprietaire r_own,r_own-1
bottine,proprietaire r_own,r_own-1
sandale,proprietaire r_own,r_own-1
tong,proprietaire r_own,r_own-1
espadrille,proprietaire r_own,r_own-1
basket,sportif r_own,r_own-1
tennis,joueur r_own,r_own-1
ballerine,danseuse r_own,r_own-1
escarpin,proprietaire r_own,r_own-1
mocassin,proprietaire r_own,r_own-1
sabot,proprietaire r_own,r_own-1
pantoufle,proprietaire r_own,r_own-1
chausson,proprietaire r_own,r_own-1
chapeau,proprietaire r_own,r_own-1
casquette,proprietaire r_own,r_own-1
beret,proprietaire r_own,r_own-1
bonnet,proprietaire r_own,r_own-1
calotte,proprietaire r_own,r_own-1
coiffe,proprietaire r_own,r_own-1
foulard,proprietaire r_own,r_own-1
echarpe,proprietaire r_own,r_own-1
chale,proprietaire r_own,r_own-1
cravate,proprietaire r_own,r_own-1
nœud,proprietaire r_own,r_own-1
ceinture,proprietaire r_own,r_own-1
bretelle,proprietaire r_own,r_own-1
gant,proprietaire r_own,r_own-1
moufle,proprietaire r_own,r_own-1
mitaine,proprietaire r_own,r_own-1
chaussette,proprietaire r_own,r_own-1
bas,proprietaire r_own,r_own-1
collant,proprietaire r_own,r_own-1
sac,proprietaire r_own,r_own-1
sacoche,proprietaire r_own,r_own-1
besace,proprietaire r_own,r_own-1
cartable,ecolier r_own,r_own-1
valise,voyageur r_own,r_own-1
malle,voyageur r_own,r_own-1
bagage,voyageur r_own,r_own-1
sac a dos,randonneur r_own,r_own-1
parapluie,proprietaire r_own,r_own-1
parasol,proprietaire r_own,r_own-1
ombrelle,proprietaire r_own,r_own-1
canne,proprietaire r_own,r_own-1
baton,randonneur r_own,r_own-1
voiture,conductrice r_own,r_own-1
moto,motarde r_own,r_own-1
planche,surfeuse r_own,r_own-1
boutique,commercante r_own,r_own-1
ferme,fermiere r_own,r_own-1
vigne,vigneronne r_own,r_own-1
blouse,employee r_own,r_own-1
broche,bijoutiere r_own,r_own-1
bague,fiancee r_own,r_own-1
collier,femme r_own,r_own-1
montre,femme r_own,r_own-1
parfum,femme r_own,r_own-1
rouge,femme r_own,r_own-1
poudre,femme r_own,r_own-1
creme,femme r_own,r_own-1
brosse,coiffeuse r_own,r_own-1
peigne,coiffeuse r_own,r_own-1
miroir,femme r_own,r_own-1
pince,coiffeuse r_own,r_own-1
fer,coiffeuse r_own,r_own-1
aiguille,couturiere r_own,r_own-1
machine,couturiere r_own,r_own-1
ciseaux,couturiere r_own,r_own-1
mannequin,couturiere r_own,r_own-1
roulette,couturiere r_own,r_own-1
metre,couturiere r_own,r_own-1
patron,couturiere r_own,r_own-1
toile,peintre r_own,r_own-1
palette,peintre r_own,r_own-1
pinceau,artiste r_own,r_own-1
sculpture,sculptrice r_own,r_own-1
tablette,utilisatrice r_own,r_own-1
ordinateur,programmeuse r_own,r_own-1
livre,lectrice r_own,r_own-1
cahier,ecoliere r_own,r_own-1
plume,ecrivaine r_own,r_own-1
sac,femme r_own,r_own-1
pochette,femme r_own,r_own-1
trousse,ecoliere r_own,r_own-1
valise,voyageuse r_own,r_own-1
ombrelle,dame r_own,r_own-1
eventail,dame r_own,r_own-1
dentelle,couturiere r_own,r_own-1
tapisserie,brodeuse r_own,r_own-1
nappe,maitresse r_own,r_own-1
serviette,maitresse r_own,r_own-1
vaisselle,maitresse r_own,r_own-1
casserole,cuisiniere r_own,r_own-1
poele,cuisiniere r_own,r_own-1
marmite,cuisiniere r_own,r_own-1
louche,cuisiniere r_own,r_own-1
cuillere,cuisiniere r_own,r_own-1
fourchette,maitresse r_own,r_own-1
couteau,cuisiniere r_own,r_own-1
assiette,maitresse r_own,r_own-1
tasse,maitresse r_own,r_own-1
theiere,maitresse r_own,r_own-1
cafetiere,maitresse r_own,r_own-1
bouilloire,cuisiniere r_own,r_own-1
balance,patissiere r_own,r_own-1
fouet,patissiere r_own,r_own-1
rouleau,patissiere r_own,r_own-1
moule,patissiere r_own,r_own-1
plaque,patissiere r_own,r_own-1
four,boulangere r_own,r_own-1
petrin,boulangere r_own,r_own-1
chambre,proprietaire r_own,r_own-1
cuisine,maitresse r_own,r_own-1
salle,maitresse r_own,r_own-1
salon,maitresse r_own,r_own-1
lingerie,maitresse r_own,r_own-1
buanderie,maitresse r_own,r_own-1
cave,proprietaire r_own,r_own-1
terrasse,proprietaire r_own,r_own-1
veranda,proprietaire r_own,r_own-1
pergola,proprietaire r_own,r_own-1
roseraie,jardiniere r_own,r_own-1
serre,jardiniere r_own,r_own-1
beche,jardiniere r_own,r_own-1
binette,jardiniere r_own,r_own-1
griffe,jardiniere r_own,r_own-1
transplantoir,jardiniere r_own,r_own-1
arrosoir,jardiniere r_own,r_own-1
brouette,jardiniere r_own,r_own-1
tondeuse,jardiniere r_own,r_own-1
cisaille,jardiniere r_own,r_own-1
secateur,jardiniere r_own,r_own-1
gant,jardiniere r_own,r_own-1
tablier,jardiniere r_own,r_own-1
chapeau,jardiniere r_own,r_own-1
botte,jardiniere r_own,r_own-1
poule,fermiere r_own,r_own-1
vache,fermiere r_own,r_own-1
chevre,bergere r_own,r_own-1
brebis,bergere r_own,r_own-1
panier,fermiere r_own,r_own-1
corbeille,fermiere r_own,r_own-1
cruche,laitiere r_own,r_own-1
ecuelle,laitiere r_own,r_own-1
baratte,laitiere r_own,r_own-1
faisselle,fromagere r_own,r_own-1
moule,fromagere r_own,r_own-1
pressoir,fromagere r_own,r_own-1
cave,fromagere r_own,r_own-1
haloir,fromagere r_own,r_own-1
claie,fromagere r_own,r_own-1
egouttoir,fromagere r_own,r_own-1
cuve,fromagere r_own,r_own-1
chaudron,fromagere r_own,r_own-1
thermometre,fromagere r_own,r_own-1
poulet,fermier r_own,r_own-1
vignoble,vigneron r_own,r_own-1
outil,ouvrier r_own,r_own-1
marteau,menuisier r_own,r_own-1
tournevis,mecanicien r_own,r_own-1
pinceau,peintre r_own,r_own-1
ciseau,sculpteur r_own,r_own-1
crayon,dessinateur r_own,r_own-1
stylo,ecrivain r_own,r_own-1
compas,architecte r_own,r_own-1
equerre,architecte r_own,r_own-1
microscope,biologiste r_own,r_own-1
telescope,astronome r_own,r_own-1
stethoscope,medecin r_own,r_own-1
scalpel,chirurgien r_own,r_own-1
bistouri,chirurgien r_own,r_own-1
thermometre,infirmier r_own,r_own-1
ballon,footballeur r_own,r_own-1
raquette,tennisman r_own,r_own-1
club,golfeur r_own,r_own-1
arc,archer r_own,r_own-1
bicyclette,etudiante r_own,r_own-1
mobylette,jeune r_own,r_own-1
patinette,fillette r_own,r_own-1
chambre,adolescente r_own,r_own-1
bibliotheque,erudite r_own,r_own-1
collection,passionnee r_own,r_own-1
galerie,artiste r_own,r_own-1
exposition,peintre r_own,r_own-1
œuvre,creatrice r_own,r_own-1
partition,compositrice r_own,r_own-1
melodie,musicienne r_own,r_own-1
chanson,chanteuse r_own,r_own-1
voix,soprano r_own,r_own-1
danse,ballerine r_own,r_own-1
choregraphie,choregraphe r_own,r_own-1
costume,actrice r_own,r_own-1
loge,artiste r_own,r_own-1
scene,comedienne r_own,r_own-1
theatre,directrice r_own,r_own-1
cinema,exploitante r_own,r_own-1
camera,realisatrice r_own,r_own-1
projet,cineaste r_own,r_own-1
emission,productrice r_own,r_own-1
studio,animatrice r_own,r_own-1
microphone,journaliste r_own,r_own-1
article,reporter r_own,r_own-1
enquete,detective r_own,r_own-1
travail,l ouvrier r_processus agent,r_processusagent
ecriture,l auteur r_processus agent,r_processusagent
lecture,l eleve r_processus agent,r_processusagent
peinture,l artiste r_processus agent,r_processusagent
sculpture,sculpteur r_processus agent,r_processusagent
construction,macon r_processus agent,r_processusagent
reparation,technicien r_processus agent,r_processusagent
nettoyage,femme de menage r_processus agent,r_processusagent
cuisine,chef r_processus agent,r_processusagent
jardinage,jardinier r_processus agent,r_processusagent
enseignement,professeur r_processus agent,r_processusagent
apprentissage,l etudiant r_processus agent,r_processusagent
recherche,scientifique r_processus agent,r_processusagent
decouverte,l explorateur r_processus agent,r_processusagent
invention,l inventeur r_processus agent,r_processusagent
creation,l artiste r_processus agent,r_processusagent
design,designer r_processus agent,r_processusagent
programmation,developpeur r_processus agent,r_processusagent
analyse,l expert r_processus agent,r_processusagent
diagnostic,medecin r_processus agent,r_processusagent
soin,l infirmier r_processus agent,r_processusagent
operation,chirurgien r_processus agent,r_processusagent
conduite,chauffeur r_processus agent,r_processusagent
pilotage,pilote r_processus agent,r_processusagent
navigation,marin r_processus agent,r_processusagent
direction,manager r_processus agent,r_processusagent
gestion,l administrateur r_processus agent,r_processusagent
vente,commercial r_processus agent,r_processusagent
achat,l acheteur r_processus agent,r_processusagent
negociation,negociateur r_processus agent,r_processusagent
communication,communicateur r_processus agent,r_processusagent
presentation,l orateur r_processus agent,r_processusagent
formation,formateur r_processus agent,r_processusagent
coaching,coach r_processus agent,r_processusagent
conseil,consultant r_processus agent,r_processusagent
audit,l auditeur r_processus agent,r_processusagent
controle,controleur r_processus agent,r_processusagent
surveillance,gardien r_processus agent,r_processusagent
securite,l agent de securite r_processus agent,r_processusagent
defense,l avocat r_processus agent,r_processusagent
accusation,procureur r_processus agent,r_processusagent
jugement,juge r_processus agent,r_processusagent
execution,bourreau r_processus agent,r_processusagent
arrestation,policier r_processus agent,r_processusagent
enquete,detective r_processus agent,r_processusagent
protection,garde du corps r_processus agent,r_processusagent
sauvetage,sauveteur r_processus agent,r_processusagent
secours,secouriste r_processus agent,r_processusagent
guerison,guerisseur r_processus agent,r_processusagent
meditation,meditant r_processus agent,r_processusagent
priere,croyant r_processus agent,r_processusagent
predication,predicateur r_processus agent,r_processusagent
celebration,celebrant r_processus agent,r_processusagent
sacrifice,sacrificateur r_processus agent,r_processusagent
benediction,pretre r_processus agent,r_processusagent
confession,penitent r_processus agent,r_processusagent
pelerinage,pelerin r_processus agent,r_processusagent
evangelisation,missionnaire r_processus agent,r_processusagent
prophetie,prophete r_processus agent,r_processusagent
miracle,saint r_processus agent,r_processusagent
exorcisme,l exorciste r_processus agent,r_processusagent
divination,devin r_processus agent,r_processusagent
sorcellerie,sorcier r_processus agent,r_processusagent
alchimie,l alchimiste r_processus agent,r_processusagent
mediumnite,medium r_processus agent,r_processusagent
telepathie,telepathe r_processus agent,r_processusagent
hypnose,l hypnotiseur r_processus agent,r_processusagent
magnetisme,magnetiseur r_processus agent,r_processusagent
acupuncture,l acupuncteur r_processus agent,r_processusagent
osteopathie,l osteopathe r_processus agent,r_processusagent
homeopathie,l homeopathe r_processus agent,r_processusagent
naturopathie,naturopathe r_processus agent,r_processusagent
phytotherapie,phytotherapeute r_processus agent,r_processusagent
aromatherapie,l aromatherapeute r_processus agent,r_processusagent
reflexologie,reflexologue r_processus agent,r_processusagent
shiatsu,praticien r_processus agent,r_processusagent
yoga,yogi r_processus agent,r_processusagent
taichi,maitre r_processus agent,r_processusagent
danse,danseur r_processus agent,r_processusagent
chant,chanteur r_processus agent,r_processusagent
musique,musicien r_processus agent,r_processusagent
composition,compositeur r_processus agent,r_processusagent
improvisation,l improvisateur r_processus agent,r_processusagent
interpretation,l interprete r_processus agent,r_processusagent
orchestration,l orchestrateur r_processus agent,r_processusagent
direction,chef d orchestre r_processus agent,r_processusagent
enregistrement,l ingenieur r_processus agent,r_processusagent
mixage,l ingenieur du son r_processus agent,r_processusagent
montage,monteur r_processus agent,r_processusagent
realisation,realisateur r_processus agent,r_processusagent
scenario,scenariste r_processus agent,r_processusagent
production,producteur r_processus agent,r_processusagent
distribution,distributeur r_processus agent,r_processusagent
projection,projectionniste r_processus agent,r_processusagent
critique,critique d art r_processus agent,r_processusagent
analyse,l analyste financier r_processus agent,r_processusagent
recherche,chercheur r_processus agent,r_processusagent
experimentation,chercheur r_processus agent,r_processusagent
observation,l astronome r_processus agent,r_processusagent
mesure,geometre r_processus agent,r_processusagent
calcul,comptable r_processus agent,r_processusagent
modelisation,l architecte r_processus agent,r_processusagent
simulation,l ingenieur r_processus agent,r_processusagent
programmation,programmeur r_processus agent,r_processusagent
codage,developpeur r_processus agent,r_processusagent
debogage,programmeur r_processus agent,r_processusagent
test,testeur r_processus agent,r_processusagent
integration,l integrateur r_processus agent,r_processusagent
deploiement,technicien r_processus agent,r_processusagent
maintenance,technicien r_processus agent,r_processusagent
support,technicien r_processus agent,r_processusagent
assistance,l assistant r_processus agent,r_processusagent
conseil,conseiller r_processus agent,r_processusagent
consultation,consultant r_processus agent,r_processusagent
expertise,l expert r_processus agent,r_processusagent
inspection,l inspecteur r_processus agent,r_processusagent
certification,certificateur r_processus agent,r_processusagent
accreditation,l accrediteur r_processus agent,r_processusagent
homologation,l homologueur r_processus agent,r_processusagent
agrement,l agreateur r_processus agent,r_processusagent
habilitation,l agent r_processus agent,r_processusagent
qualification,l expert r_processus agent,r_processusagent
selection,recruteur r_processus agent,r_processusagent
recrutement,recruteur r_processus agent,r_processusagent
integration,responsable r_processus agent,r_processusagent
developpement,formateur r_processus agent,r_processusagent
mentorat,mentor r_processus agent,r_processusagent
tutorat,tuteur r_processus agent,r_processusagent
orientation,conseiller r_processus agent,r_processusagent
bilan,conseiller r_processus agent,r_processusagent
evaluation,l evaluateur r_processus agent,r_processusagent
valorisation,l expert r_processus agent,r_processusagent
reconversion,conseiller r_processus agent,r_processusagent
mobilite,conseiller r_processus agent,r_processusagent
evolution,conseiller r_processus agent,r_processusagent
adaptation,formateur r_processus agent,r_processusagent
innovation,l innovateur r_processus agent,r_processusagent
amelioration,l ingenieur r_processus agent,r_processusagent
optimisation,l ingenieur r_processus agent,r_processusagent
restructuration,consultant r_processus agent,r_processusagent
reorganisation,manager r_processus agent,r_processusagent
transformation,consultant r_processus agent,r_processusagent
changement,manager r_processus agent,r_processusagent
modernisation,l ingenieur r_processus agent,r_processusagent
numerisation,technicien r_processus agent,r_processusagent
automatisation,l ingenieur r_processus agent,r_processusagent
robotisation,l ingenieur r_processus agent,r_processusagent
conception,concepteur r_processus agent,r_processusagent
planification,planificateur r_processus agent,r_processusagent
organisation,l organisateur r_processus agent,r_processusagent
coordination,coordinateur r_processus agent,r_processusagent
orchestration,chef r_processus agent,r_processusagent
gestion,gerant r_processus agent,r_processusagent
administration,l administrateur r_processus agent,r_processusagent
direction,directeur r_processus agent,r_processusagent
leadership,leader r_processus agent,r_processusagent
management,manager r_processus agent,r_processusagent
supervision,superviseur r_processus agent,r_processusagent
verification,verificateur r_processus agent,r_processusagent
validation,validateur r_processus agent,r_processusagent
fabrication,l ouvrier r_processus agent,r_processusagent
assemblage,l ouvrier r_processus agent,r_processusagent
usinage,l operateur r_processus agent,r_processusagent
forage,foreur r_processus agent,r_processusagent
soudage,soudeur r_processus agent,r_processusagent
meulage,meuleur r_processus agent,r_processusagent
percage,perceur r_processus agent,r_processusagent
fraisage,fraiseur r_processus agent,r_processusagent
tournage,tourneur r_processus agent,r_processusagent
moulage,mouleur r_processus agent,r_processusagent
coulage,couleur r_processus agent,r_processusagent
estampage,l estampeur r_processus agent,r_processusagent
emboutissage,l emboutisseur r_processus agent,r_processusagent
trefilage,trefileur r_processus agent,r_processusagent
laminage,lamineur r_processus agent,r_processusagent
forgeage,forgeron r_processus agent,r_processusagent
fonderie,fondeur r_processus agent,r_processusagent
fabrication,l artisan r_processus agent,r_processusagent
artisanat,l artisan r_processus agent,r_processusagent
ebenisterie,l ebeniste r_processus agent,r_processusagent
menuiserie,menuisier r_processus agent,r_processusagent
charpente,charpentier r_processus agent,r_processusagent
maconnerie,macon r_processus agent,r_processusagent
carrelage,carreleur r_processus agent,r_processusagent
platrerie,platrier r_processus agent,r_processusagent
peinture,peintre r_processus agent,r_processusagent
electricite,l electricien r_processus agent,r_processusagent
plomberie,plombier r_processus agent,r_processusagent
chauffage,chauffagiste r_processus agent,r_processusagent
climatisation,climaticien r_processus agent,r_processusagent
electronique,l electronicien r_processus agent,r_processusagent
mecanique,mecanicien r_processus agent,r_processusagent
depannage,depanneur r_processus agent,r_processusagent
reparation,reparateur r_processus agent,r_processusagent
installation,l installateur r_processus agent,r_processusagent
configuration,technicien r_processus agent,r_processusagent
parametrage,technicien r_processus agent,r_processusagent
calibrage,technicien r_processus agent,r_processusagent
etalonnage,technicien r_processus agent,r_processusagent
reglage,technicien r_processus agent,r_processusagent
ajustage,l ajusteur r_processus agent,r_processusagent
usinage,l usineur r_processus agent,r_processusagent
fabrication,l operateur r_processus agent,r_processusagent
production,l operateur r_processus agent,r_processusagent
qualite,controleur r_processus agent,r_processusagent
selection,selectionneur r_processus agent,r_processusagent
agriculture,l agriculteur r_processus agent,r_processusagent
elevage,l eleveur r_processus agent,r_processusagent
culture,cultivateur r_processus agent,r_processusagent
moisson,moissonneur r_processus agent,r_processusagent
recolte,recolteur r_processus agent,r_processusagent
semis,semeur r_processus agent,r_processusagent
plantation,planteur r_processus agent,r_processusagent
irrigation,l irrigateur r_processus agent,r_processusagent
fertilisation,fertiliseur r_processus agent,r_processusagent
traitement,traiteur r_processus agent,r_processusagent
protection,protecteur r_processus agent,r_processusagent
entretien,l entretien r_processus agent,r_processusagent
soin,soigneur r_processus agent,r_processusagent
nourrissage,nourrisseur r_processus agent,r_processusagent
abattage,l abatteur r_processus agent,r_processusagent
peche,pecheur r_processus agent,r_processusagent
chasse,chasseur r_processus agent,r_processusagent
cueillette,cueilleur r_processus agent,r_processusagent
apiculture,l apiculteur r_processus agent,r_processusagent
sylviculture,sylviculteur r_processus agent,r_processusagent
foresterie,forestier r_processus agent,r_processusagent
arboriculture,l arboriculteur r_processus agent,r_processusagent
horticulture,l horticulteur r_processus agent,r_processusagent
maraichage,maraicher r_processus agent,r_processusagent
viticulture,viticulteur r_processus agent,r_processusagent
œnologie,l œnologue r_processus agent,r_processusagent
brassage,brasseur r_processus agent,r_processusagent
distillation,distillateur r_processus agent,r_processusagent
fermentation,fermentateur r_processus agent,r_processusagent
transformation,transformateur r_processus agent,r_processusagent
conservation,conserveur r_processus agent,r_processusagent
conditionnement,conditionneur r_processus agent,r_processusagent
emballage,l emballeur r_processus agent,r_processusagent
etiquetage,l etiqueteur r_processus agent,r_processusagent
stockage,stockeur r_processus agent,r_processusagent
manutention,manutentionnaire r_processus agent,r_processusagent
logistique,logisticien r_processus agent,r_processusagent
transport,transporteur r_processus agent,r_processusagent
livraison,livreur r_processus agent,r_processusagent
expedition,l expediteur r_processus agent,r_processusagent
importation,l importateur r_processus agent,r_processusagent
exportation,l exportateur r_processus agent,r_processusagent
douane,douanier r_processus agent,r_processusagent
commerce,commercant r_processus agent,r_processusagent
vente,vendeur r_processus agent,r_processusagent
marchandage,marchandeur r_processus agent,r_processusagent
transaction,transactionnel r_processus agent,r_processusagent
paiement,payeur r_processus agent,r_processusagent
facturation,facturier r_processus agent,r_processusagent
comptabilite,comptable r_processus agent,r_processusagent
gestion,gestionnaire r_processus agent,r_processusagent
finance,financier r_processus agent,r_processusagent
investissement,l investisseur r_processus agent,r_processusagent
credit,crediteur r_processus agent,r_processusagent
pret,preteur r_processus agent,r_processusagent
emprunt,l emprunteur r_processus agent,r_processusagent
epargne,l epargnant r_processus agent,r_processusagent
assurance,l assureur r_processus agent,r_processusagent
banque,banquier r_processus agent,r_processusagent
bourse,boursier r_processus agent,r_processusagent
speculation,speculateur r_processus agent,r_processusagent
trading,trader r_processus agent,r_processusagent
analyse,l analyste r_processus agent,r_processusagent
education,l educateur r_processus agent,r_processusagent
instruction,l instructeur r_processus agent,r_processusagent
apprentissage,l apprenti r_processus agent,r_processusagent
etude,l etudiant r_processus agent,r_processusagent
experimentation,l experimentateur r_processus agent,r_processusagent
observation,l observateur r_processus agent,r_processusagent
synthese,synthetiseur r_processus agent,r_processusagent
redaction,redacteur r_processus agent,r_processusagent
correction,correcteur r_processus agent,r_processusagent
edition,l editeur r_processus agent,r_processusagent
publication,publicateur r_processus agent,r_processusagent
diffusion,diffuseur r_processus agent,r_processusagent
information,l informateur r_processus agent,r_processusagent
presse,journaliste r_processus agent,r_processusagent
media,mediateur r_processus agent,r_processusagent
television,presentateur r_processus agent,r_processusagent
radio,l animateur r_processus agent,r_processusagent
internet,webmaster r_processus agent,r_processusagent
reseau,networker r_processus agent,r_processusagent
developpement,developpeur r_processus agent,r_processusagent
creation,createur r_processus agent,r_processusagent
decouverte,decouvreur r_processus agent,r_processusagent
exploration,l explorateur r_processus agent,r_processusagent
aventure,l aventurier r_processus agent,r_processusagent
voyage,voyageur r_processus agent,r_processusagent
tourisme,touriste r_processus agent,r_processusagent
randonnee,randonneur r_processus agent,r_processusagent
alpinisme,l alpiniste r_processus agent,r_processusagent
plongee,plongeur r_processus agent,r_processusagent
navigation,navigateur r_processus agent,r_processusagent
conduite,conducteur r_processus agent,r_processusagent
entreposage,l entreposeur r_processus agent,r_processusagent
surveillance,surveillant r_processus agent,r_processusagent
medicine,medecin r_processus agent,r_processusagent
chirurgie,chirurgien r_processus agent,r_processusagent
dentisterie,dentiste r_processus agent,r_processusagent
pharmacie,pharmacien r_processus agent,r_processusagent
infirmerie,l infirmier r_processus agent,r_processusagent
soin,soignant r_processus agent,r_processusagent
diagnostic,diagnostiqueur r_processus agent,r_processusagent
traitement,traitant r_processus agent,r_processusagent
therapie,therapeute r_processus agent,r_processusagent
reeducation,reeducateur r_processus agent,r_processusagent
readaptation,readaptateur r_processus agent,r_processusagent
psychologie,psychologue r_processus agent,r_processusagent
psychiatrie,psychiatre r_processus agent,r_processusagent
psychanalyse,psychanalyste r_processus agent,r_processusagent
accompagnement,l accompagnateur r_processus agent,r_processusagent
soutien,souteneur r_processus agent,r_processusagent
ecoute,l ecouteur r_processus agent,r_processusagent
art,l artiste r_processus agent,r_processusagent
dessin,dessinateur r_processus agent,r_processusagent
gravure,graveur r_processus agent,r_processusagent
photographie,photographe r_processus agent,r_processusagent
cinema,cineaste r_processus agent,r_processusagent
theatre,comedien r_processus agent,r_processusagent
litterature,l ecrivain r_processus agent,r_processusagent
poesie,poete r_processus agent,r_processusagent
roman,romancier r_processus agent,r_processusagent
nouvelle,nouvelliste r_processus agent,r_processusagent
theatre,dramaturge r_processus agent,r_processusagent
cinema,scenariste r_processus agent,r_processusagent
radio,journaliste r_processus agent,r_processusagent
presse,reporter r_processus agent,r_processusagent
publication,publiciste r_processus agent,r_processusagent
journalisme,journaliste r_processus agent,r_processusagent
reportage,reporter r_processus agent,r_processusagent
interview,l intervieweur r_processus agent,r_processusagent
enquete,l enqueteur r_processus agent,r_processusagent
investigation,l investigateur r_processus agent,r_processusagent
nettoyage d une technicienne,surface r_processus agent,r_processusagent
nettoyage d une femme,chambre r_processus agent,r_processusagent
communication d une chargee,communication r_processus agent,r_processusagent
inventaire d un gestionnaire,stock r_processus agent,r_processusagent
nettoyage d une femme,menage r_processus agent,r_processusagent
analyse,donnees d un data scientist r_processus agent,r_processusagent
visualisation,donnees d une analyste r_processus agent,r_processusagent
strategie d une cheffe,projet r_processus agent,r_processusagent
chorale d un chef,chœur r_processus agent,r_processusagent
prise,vue d un cameraman r_processus agent,r_processusagent
mixage d une ingenieure,son r_processus agent,r_processusagent
distribution d une distributrice,films r_processus agent,r_processusagent
critique d une critique,cinema r_processus agent,r_processusagent
partage d un createur,contenu r_processus agent,r_processusagent
communication d une attachee,presse r_processus agent,r_processusagent
gestion d une controleur,gestion r_processus agent,r_processusagent
securite d un agent,surete r_processus agent,r_processusagent
gestion d une cheffe,projet it r_processus agent,r_processusagent
transformation d une cheffe,mission r_processus agent,r_processusagent
explication d un professeur,sciences r_processus agent,r_processusagent
enseignement d une maitresse,laboratoire r_processus agent,r_processusagent
presentation d une cheffe,produit data r_processus agent,r_processusagent
recette d un chef,projet qa r_processus agent,r_processusagent
prise,rendez vous d une assistante r_processus agent,r_processusagent
satisfaction d un charge,clientele r_processus agent,r_processusagent
protection d une agente,securite r_processus agent,r_processusagent
cle,porte r_processus instr,r_processusinstr-1
cle,voiture r_processus instr,r_processusinstr-1
cle,maison r_processus instr,r_processusinstr-1
cle,coffre r_processus instr,r_processusinstr-1
cle,cadenas r_processus instr,r_processusinstr-1
tournevis,meuble r_processus instr,r_processusinstr-1
tournevis,appareil r_processus instr,r_processusinstr-1
marteau,menuisier r_processus instr,r_processusinstr-1
marteau,forgeron r_processus instr,r_processusinstr-1
scie,bucheron r_processus instr,r_processusinstr-1
scie,chirurgien r_processus instr,r_processusinstr-1
couteau,cuisine r_processus instr,r_processusinstr-1
couteau,boucher r_processus instr,r_processusinstr-1
couteau,peintre r_processus instr,r_processusinstr-1
cutter,cartonnier r_processus instr,r_processusinstr-1
ciseaux,coiffeur r_processus instr,r_processusinstr-1
ciseaux,couturier r_processus instr,r_processusinstr-1
ciseaux,jardinier r_processus instr,r_processusinstr-1
pince,electricien r_processus instr,r_processusinstr-1
pince,chirurgien r_processus instr,r_processusinstr-1
pince,mecanicien r_processus instr,r_processusinstr-1
tenaille,charpentier r_processus instr,r_processusinstr-1
tenaille,forgeron r_processus instr,r_processusinstr-1
perceuse,bricoleur r_processus instr,r_processusinstr-1
perceuse,dentiste r_processus instr,r_processusinstr-1
rabot,menuisier r_processus instr,r_processusinstr-1
rabot,ebeniste r_processus instr,r_processusinstr-1
lime,mecanicien r_processus instr,r_processusinstr-1
lime,bijoutier r_processus instr,r_processusinstr-1
rape,cuisinier r_processus instr,r_processusinstr-1
rape,menuisier r_processus instr,r_processusinstr-1
brosse,peintre r_processus instr,r_processusinstr-1
brosse,nettoyeur r_processus instr,r_processusinstr-1
balai,concierge r_processus instr,r_processusinstr-1
balai,cantonnier r_processus instr,r_processusinstr-1
serpilliere,femme r_processus instr,r_processusinstr-1
eponge,plongeur r_processus instr,r_processusinstr-1
chiffon,vitrier r_processus instr,r_processusinstr-1
torchon,cuisinier r_processus instr,r_processusinstr-1
aspirateur,maison r_processus instr,r_processusinstr-1
aspirateur,voiture r_processus instr,r_processusinstr-1
beche,jardinier r_processus instr,r_processusinstr-1
beche,terrassier r_processus instr,r_processusinstr-1
pelle,fossoyeur r_processus instr,r_processusinstr-1
pelle,mineur r_processus instr,r_processusinstr-1
pioche,mineur r_processus instr,r_processusinstr-1
pioche,terrassier r_processus instr,r_processusinstr-1
houe,agriculteur r_processus instr,r_processusinstr-1
binette,jardinier r_processus instr,r_processusinstr-1
sarcloir,maraicher r_processus instr,r_processusinstr-1
ratisseau,jardinier r_processus instr,r_processusinstr-1
fourche,agriculteur r_processus instr,r_processusinstr-1
fourche,jardinier r_processus instr,r_processusinstr-1
rateau,jardinier r_processus instr,r_processusinstr-1
faux,faucheur r_processus instr,r_processusinstr-1
faucille,moissonneur r_processus instr,r_processusinstr-1
serpe,bucheron r_processus instr,r_processusinstr-1
hache,bucheron r_processus instr,r_processusinstr-1
cognee,bucheron r_processus instr,r_processusinstr-1
merlin,bucheron r_processus instr,r_processusinstr-1
masse,forgeron r_processus instr,r_processusinstr-1
maillet,sculpteur r_processus instr,r_processusinstr-1
burin,sculpteur r_processus instr,r_processusinstr-1
gouge,sculpteur r_processus instr,r_processusinstr-1
ciseau,sculpteur r_processus instr,r_processusinstr-1
compas,geometre r_processus instr,r_processusinstr-1
equerre,charpentier r_processus instr,r_processusinstr-1
regle,dessinateur r_processus instr,r_processusinstr-1
metre,couturier r_processus instr,r_processusinstr-1
niveau,macon r_processus instr,r_processusinstr-1
fil,macon r_processus instr,r_processusinstr-1
truelle,macon r_processus instr,r_processusinstr-1
taloche,platrier r_processus instr,r_processusinstr-1
spatule,peintre r_processus instr,r_processusinstr-1
rouleau,peintre r_processus instr,r_processusinstr-1
pinceau,artiste r_processus instr,r_processusinstr-1
palette,peintre r_processus instr,r_processusinstr-1
chevalet,peintre r_processus instr,r_processusinstr-1
toile,peintre r_processus instr,r_processusinstr-1
crayon,dessinateur r_processus instr,r_processusinstr-1
fusain,dessinateur r_processus instr,r_processusinstr-1
gomme,dessinateur r_processus instr,r_processusinstr-1
stylo,ecrivain r_processus instr,r_processusinstr-1
plume,calligraphe r_processus instr,r_processusinstr-1
encre,calligraphe r_processus instr,r_processusinstr-1
papier,ecrivain r_processus instr,r_processusinstr-1
cahier,ecolier r_processus instr,r_processusinstr-1
ardoise,ecolier r_processus instr,r_processusinstr-1
craie,professeur r_processus instr,r_processusinstr-1
tableau,professeur r_processus instr,r_processusinstr-1
ordinateur,programmeur r_processus instr,r_processusinstr-1
clavier,dactylo r_processus instr,r_processusinstr-1
souris,informaticien r_processus instr,r_processusinstr-1
ecran,concepteur r_processus instr,r_processusinstr-1
imprimante,bureau r_processus instr,r_processusinstr-1
scanner,archiviste r_processus instr,r_processusinstr-1
photocopieuse,secretaire r_processus instr,r_processusinstr-1
telephone,standardiste r_processus instr,r_processusinstr-1
micro,journaliste r_processus instr,r_processusinstr-1
camera,cineaste r_processus instr,r_processusinstr-1
appareil,photographe r_processus instr,r_processusinstr-1
objectif,photographe r_processus instr,r_processusinstr-1
trepied,photographe r_processus instr,r_processusinstr-1
flash,photographe r_processus instr,r_processusinstr-1
projecteur,eclairagiste r_processus instr,r_processusinstr-1
lampe,speleologue r_processus instr,r_processusinstr-1
torche,explorateur r_processus instr,r_processusinstr-1
loupe,horloger r_processus instr,r_processusinstr-1
microscope,biologiste r_processus instr,r_processusinstr-1
telescope,astronome r_processus instr,r_processusinstr-1
jumelles,ornithologue r_processus instr,r_processusinstr-1
boussole,navigateur r_processus instr,r_processusinstr-1
carte,navigateur r_processus instr,r_processusinstr-1
sextant,marin r_processus instr,r_processusinstr-1
gouvernail,barreur r_processus instr,r_processusinstr-1
rame,rameur r_processus instr,r_processusinstr-1
pagaie,kayakiste r_processus instr,r_processusinstr-1
cle,verrou r_processus instr,r_processusinstr-1
cle,contact r_processus instr,r_processusinstr-1
cle,antivol r_processus instr,r_processusinstr-1
cle,coffret r_processus instr,r_processusinstr-1
tournevis,montage r_processus instr,r_processusinstr-1
marteau,clouage r_processus instr,r_processusinstr-1
scie,debit r_processus instr,r_processusinstr-1
couteau,tranchage r_processus instr,r_processusinstr-1
cutter,tranchage r_processus instr,r_processusinstr-1
ciseaux,tranchage r_processus instr,r_processusinstr-1
pince,serrage r_processus instr,r_processusinstr-1
tenaille,serrage r_processus instr,r_processusinstr-1
perceuse,percage r_processus instr,r_processusinstr-1
rabot,degrossissage r_processus instr,r_processusinstr-1
lime,lissage r_processus instr,r_processusinstr-1
rape,lissage r_processus instr,r_processusinstr-1
brosse,badigeonnage r_processus instr,r_processusinstr-1
balai,nettoyage r_processus instr,r_processusinstr-1
serpilliere,nettoyage r_processus instr,r_processusinstr-1
eponge,nettoyage r_processus instr,r_processusinstr-1
chiffon,nettoyage r_processus instr,r_processusinstr-1
torchon,nettoyage r_processus instr,r_processusinstr-1
aspirateur,nettoyage r_processus instr,r_processusinstr-1
beche,bechage r_processus instr,r_processusinstr-1
pelle,pelletage r_processus instr,r_processusinstr-1
pioche,piochage r_processus instr,r_processusinstr-1
houe,houage r_processus instr,r_processusinstr-1
binette,binage r_processus instr,r_processusinstr-1
sarcloir,sarclage r_processus instr,r_processusinstr-1
ratisseau,ratissage r_processus instr,r_processusinstr-1
fourche,fourrage r_processus instr,r_processusinstr-1
rateau,ratissage r_processus instr,r_processusinstr-1
faux,fauchage r_processus instr,r_processusinstr-1
faucille,fauchage r_processus instr,r_processusinstr-1
serpe,elagage r_processus instr,r_processusinstr-1
hache,hachage r_processus instr,r_processusinstr-1
cognee,fendage r_processus instr,r_processusinstr-1
merlin,fendage r_processus instr,r_processusinstr-1
masse,matage r_processus instr,r_processusinstr-1
maillet,matraquage r_processus instr,r_processusinstr-1
burin,burinage r_processus instr,r_processusinstr-1
gouge,gougeage r_processus instr,r_processusinstr-1
ciseau,ciselage r_processus instr,r_processusinstr-1
compas,tracage r_processus instr,r_processusinstr-1
equerre,tracage r_processus instr,r_processusinstr-1
regle,tracage r_processus instr,r_processusinstr-1
metre,mesurage r_processus instr,r_processusinstr-1
niveau,nivellement r_processus instr,r_processusinstr-1
fil,tracage r_processus instr,r_processusinstr-1
truelle,lissage r_processus instr,r_processusinstr-1
taloche,lissage r_processus instr,r_processusinstr-1
spatule,lissage r_processus instr,r_processusinstr-1
rouleau,roulage r_processus instr,r_processusinstr-1
pinceau,pinceau r_processus instr,r_processusinstr-1
palette,melange r_processus instr,r_processusinstr-1
chevalet,maintien r_processus instr,r_processusinstr-1
toile,support r_processus instr,r_processusinstr-1
crayon,crayonnage r_processus instr,r_processusinstr-1
fusain,fusainement r_processus instr,r_processusinstr-1
gomme,gommage r_processus instr,r_processusinstr-1
stylo,styletage r_processus instr,r_processusinstr-1
plume,plumage r_processus instr,r_processusinstr-1
encre,encrage r_processus instr,r_processusinstr-1
papier,papier r_processus instr,r_processusinstr-1
cahier,cahier r_processus instr,r_processusinstr-1
ardoise,ardoisage r_processus instr,r_processusinstr-1
craie,craieage r_processus instr,r_processusinstr-1
tableau,tableau r_processus instr,r_processusinstr-1
ordinateur,traitement r_processus instr,r_processusinstr-1
clavier,clavieriage r_processus instr,r_processusinstr-1
souris,sourisage r_processus instr,r_processusinstr-1
ecran,ecranage r_processus instr,r_processusinstr-1
imprimante,imprimantage r_processus instr,r_processusinstr-1
scanner,scannage r_processus instr,r_processusinstr-1
photocopieuse,photocopiage r_processus instr,r_processusinstr-1
telephone,telephonage r_processus instr,r_processusinstr-1
micro,microphonage r_processus instr,r_processusinstr-1
camera,camerage r_processus instr,r_processusinstr-1
appareil,appareilage r_processus instr,r_processusinstr-1
objectif,objectivage r_processus instr,r_processusinstr-1
trepied,trepiedage r_processus instr,r_processusinstr-1
flash,flashage r_processus instr,r_processusinstr-1
projecteur,projecteurage r_processus instr,r_processusinstr-1
lampe,lampeage r_processus instr,r_processusinstr-1
torche,torchage r_processus instr,r_processusinstr-1
loupe,loupage r_processus instr,r_processusinstr-1
microscope,microscopage r_processus instr,r_processusinstr-1
telescope,telescopage r_processus instr,r_processusinstr-1
jumelles,jumelage r_processus instr,r_processusinstr-1
boussole,boussolage r_processus instr,r_processusinstr-1
carte,cartage r_processus instr,r_processusinstr-1
sextant,sextantage r_processus instr,r_processusinstr-1
gouvernail,gouvernailage r_processus instr,r_processusinstr-1
rame,ramage r_processus instr,r_processusinstr-1
pagaie,pagaiage r_processus instr,r_processusinstr-1
aviron,avironnage r_processus instr,r_processusinstr-1
voile,voilage r_processus instr,r_processusinstr-1
ancre,ancrage r_processus instr,r_processusinstr-1
filet,filetage r_processus instr,r_processusinstr-1
canne,cannage r_processus instr,r_processusinstr-1
hamecon,hameconnage r_processus instr,r_processusinstr-1
appat,appatage r_processus instr,r_processusinstr-1
nasse,nassage r_processus instr,r_processusinstr-1
harpon,harponnage r_processus instr,r_processusinstr-1
fusil,fusilage r_processus instr,r_processusinstr-1
carabine,carabinage r_processus instr,r_processusinstr-1
arc,arcage r_processus instr,r_processusinstr-1
fleche,flechage r_processus instr,r_processusinstr-1
arbalete,arbaletage r_processus instr,r_processusinstr-1
fronde,frondage r_processus instr,r_processusinstr-1
lance,lancage r_processus instr,r_processusinstr-1
epee,epeage r_processus instr,r_processusinstr-1
sabre,sabrage r_processus instr,r_processusinstr-1
fleuret,fleuretage r_processus instr,r_processusinstr-1
poignard,poignardage r_processus instr,r_processusinstr-1
dague,daguage r_processus instr,r_processusinstr-1
bouclier,bouclierage r_processus instr,r_processusinstr-1
casque,casquage r_processus instr,r_processusinstr-1
armure,armurage r_processus instr,r_processusinstr-1
cotte,cottage r_processus instr,r_processusinstr-1
heaume,heaumage r_processus instr,r_processusinstr-1
cle,boite r_processus instr,r_processusinstr-1
tournevis,vis r_processus instr,r_processusinstr-1
marteau,cheville r_processus instr,r_processusinstr-1
scie,planche r_processus instr,r_processusinstr-1
couteau,viande r_processus instr,r_processusinstr-1
cutter,decoupe r_processus instr,r_processusinstr-1
ciseaux,coupe r_processus instr,r_processusinstr-1
pince,extraction r_processus instr,r_processusinstr-1
tenaille,extraction r_processus instr,r_processusinstr-1
perceuse,perforation r_processus instr,r_processusinstr-1
rabot,surface r_processus instr,r_processusinstr-1
lime,surface r_processus instr,r_processusinstr-1
rape,surface r_processus instr,r_processusinstr-1
brosse,surface r_processus instr,r_processusinstr-1
balai,surface r_processus instr,r_processusinstr-1
serpilliere,surface r_processus instr,r_processusinstr-1
eponge,surface r_processus instr,r_processusinstr-1
chiffon,surface r_processus instr,r_processusinstr-1
torchon,surface r_processus instr,r_processusinstr-1
aspirateur,surface r_processus instr,r_processusinstr-1
beche,terre r_processus instr,r_processusinstr-1
pelle,terre r_processus instr,r_processusinstr-1
pioche,terre r_processus instr,r_processusinstr-1
houe,terre r_processus instr,r_processusinstr-1
binette,terre r_processus instr,r_processusinstr-1
sarcloir,terre r_processus instr,r_processusinstr-1
ratisseau,terre r_processus instr,r_processusinstr-1
fourche,terre r_processus instr,r_processusinstr-1
rateau,terre r_processus instr,r_processusinstr-1
faux,herbe r_processus instr,r_processusinstr-1
faucille,herbe r_processus instr,r_processusinstr-1
serpe,branche r_processus instr,r_processusinstr-1
hache,branche r_processus instr,r_processusinstr-1
cognee,branche r_processus instr,r_processusinstr-1
merlin,buche r_processus instr,r_processusinstr-1
masse,pierre r_processus instr,r_processusinstr-1
maillet,pierre r_processus instr,r_processusinstr-1
burin,pierre r_processus instr,r_processusinstr-1
gouge,pierre r_processus instr,r_processusinstr-1
ciseau,pierre r_processus instr,r_processusinstr-1
compas,mesure r_processus instr,r_processusinstr-1
equerre,mesure r_processus instr,r_processusinstr-1
regle,mesure r_processus instr,r_processusinstr-1
metre,mesure r_processus instr,r_processusinstr-1
niveau,mesure r_processus instr,r_processusinstr-1
fil,mesure r_processus instr,r_processusinstr-1
truelle,application r_processus instr,r_processusinstr-1
taloche,application r_processus instr,r_processusinstr-1
spatule,application r_processus instr,r_processusinstr-1
rouleau,application r_processus instr,r_processusinstr-1
pinceau,application r_processus instr,r_processusinstr-1
palette,application r_processus instr,r_processusinstr-1
chevalet,toile r_processus instr,r_processusinstr-1
toile,peinture r_processus instr,r_processusinstr-1
crayon,esquisse r_processus instr,r_processusinstr-1
fusain,esquisse r_processus instr,r_processusinstr-1
gomme,correction r_processus instr,r_processusinstr-1
stylo,ecriture r_processus instr,r_processusinstr-1
plume,ecriture r_processus instr,r_processusinstr-1
encre,ecriture r_processus instr,r_processusinstr-1
papier,ecriture r_processus instr,r_processusinstr-1
cahier,ecriture r_processus instr,r_processusinstr-1
ardoise,ecriture r_processus instr,r_processusinstr-1
craie,ecriture r_processus instr,r_processusinstr-1
tableau,ecriture r_processus instr,r_processusinstr-1
ordinateur,saisie r_processus instr,r_processusinstr-1
clavier,saisie r_processus instr,r_processusinstr-1
souris,saisie r_processus instr,r_processusinstr-1
ecran,saisie r_processus instr,r_processusinstr-1
imprimante,impression r_processus instr,r_processusinstr-1
scanner,numerisation r_processus instr,r_processusinstr-1
photocopieuse,copie r_processus instr,r_processusinstr-1
telephone,communication r_processus instr,r_processusinstr-1
micro,captation r_processus instr,r_processusinstr-1
camera,captation r_processus instr,r_processusinstr-1
appareil,prise r_processus instr,r_processusinstr-1
objectif,prise r_processus instr,r_processusinstr-1
trepied,stabilisation r_processus instr,r_processusinstr-1
flash,illumination r_processus instr,r_processusinstr-1
projecteur,illumination r_processus instr,r_processusinstr-1
lampe,illumination r_processus instr,r_processusinstr-1
torche,illumination r_processus instr,r_processusinstr-1
loupe,observation r_processus instr,r_processusinstr-1
microscope,observation r_processus instr,r_processusinstr-1
telescope,observation r_processus instr,r_processusinstr-1
jumelles,observation r_processus instr,r_processusinstr-1
boussole,orientation r_processus instr,r_processusinstr-1
carte,navigation r_processus instr,r_processusinstr-1
sextant,navigation r_processus instr,r_processusinstr-1
gouvernail,direction r_processus instr,r_processusinstr-1
rame,propulsion r_processus instr,r_processusinstr-1
pagaie,propulsion r_processus instr,r_processusinstr-1
aviron,propulsion r_processus instr,r_processusinstr-1
voile,propulsion r_processus instr,r_processusinstr-1
ancre,fixation r_processus instr,r_processusinstr-1
filet,capture r_processus instr,r_processusinstr-1
canne,peche r_processus instr,r_processusinstr-1
hamecon,prise r_processus instr,r_processusinstr-1
appat,peche r_processus instr,r_processusinstr-1
nasse,capture r_processus instr,r_processusinstr-1
harpon,capture r_processus instr,r_processusinstr-1
fusil,chasse r_processus instr,r_processusinstr-1
carabine,chasse r_processus instr,r_processusinstr-1
arc,chasse r_processus instr,r_processusinstr-1
fleche,chasse r_processus instr,r_processusinstr-1
arbalete,chasse r_processus instr,r_processusinstr-1
fronde,projection r_processus instr,r_processusinstr-1
lance,attaque r_processus instr,r_processusinstr-1
epee,attaque r_processus instr,r_processusinstr-1
sabre,attaque r_processus instr,r_processusinstr-1
fleuret,attaque r_processus instr,r_processusinstr-1
poignard,attaque r_processus instr,r_processusinstr-1
dague,attaque r_processus instr,r_processusinstr-1
bouclier,defense r_processus instr,r_processusinstr-1
casque,protection r_processus instr,r_processusinstr-1
armure,protection r_processus instr,r_processusinstr-1
cotte,protection r_processus instr,r_processusinstr-1
heaume,protection r_processus instr,r_processusinstr-1
fourchette,table r_processus instr,r_processusinstr-1
couteau,table r_processus instr,r_processusinstr-1
cuillere,soupe r_processus instr,r_processusinstr-1
louche,service r_processus instr,r_processusinstr-1
ecumoire,cuisine r_processus instr,r_processusinstr-1
passoire,cuisine r_processus instr,r_processusinstr-1
tamis,cuisine r_processus instr,r_processusinstr-1
chinois,cuisine r_processus instr,r_processusinstr-1
fouet,cuisine r_processus instr,r_processusinstr-1
batteur,cuisine r_processus instr,r_processusinstr-1
mixeur,cuisine r_processus instr,r_processusinstr-1
blender,cuisine r_processus instr,r_processusinstr-1
robot,cuisine r_processus instr,r_processusinstr-1
hachoir,cuisine r_processus instr,r_processusinstr-1
moulin,cuisine r_processus instr,r_processusinstr-1
presse,cuisine r_processus instr,r_processusinstr-1
rouleau,patisserie r_processus instr,r_processusinstr-1
emporte piece,patisserie r_processus instr,r_processusinstr-1
moule,patisserie r_processus instr,r_processusinstr-1
plaque,cuisson r_processus instr,r_processusinstr-1
casserole,cuisson r_processus instr,r_processusinstr-1
poele,cuisson r_processus instr,r_processusinstr-1
marmite,cuisson r_processus instr,r_processusinstr-1
faitout,cuisson r_processus instr,r_processusinstr-1
cocotte,cuisson r_processus instr,r_processusinstr-1
sauteuse,cuisson r_processus instr,r_processusinstr-1
wok,cuisson r_processus instr,r_processusinstr-1
grill,cuisson r_processus instr,r_processusinstr-1
four,cuisson r_processus instr,r_processusinstr-1
cuisiniere,cuisson r_processus instr,r_processusinstr-1
micro onde,rechauffage r_processus instr,r_processusinstr-1
grille pain,cuisson r_processus instr,r_processusinstr-1
bouilloire,chauffage r_processus instr,r_processusinstr-1
cafetiere,preparation r_processus instr,r_processusinstr-1
theiere,infusion r_processus instr,r_processusinstr-1
carafe,service r_processus instr,r_processusinstr-1
pichet,service r_processus instr,r_processusinstr-1
verre,boisson r_processus instr,r_processusinstr-1
tasse,boisson r_processus instr,r_processusinstr-1
bol,boisson r_processus instr,r_processusinstr-1
assiette,repas r_processus instr,r_processusinstr-1
plat,service r_processus instr,r_processusinstr-1
saladier,service r_processus instr,r_processusinstr-1
compotier,service r_processus instr,r_processusinstr-1
soupiere,service r_processus instr,r_processusinstr-1
sauciere,service r_processus instr,r_processusinstr-1
beurrier,service r_processus instr,r_processusinstr-1
saliere,service r_processus instr,r_processusinstr-1
poivriere,service r_processus instr,r_processusinstr-1
moutardier,service r_processus instr,r_processusinstr-1
huilier,service r_processus instr,r_processusinstr-1
vinaigrier,service r_processus instr,r_processusinstr-1
nappe,protection r_processus instr,r_processusinstr-1
set,protection r_processus instr,r_processusinstr-1
serviette,essuyage r_processus instr,r_processusinstr-1
decapsuleur,bouteille r_processus instr,r_processusinstr-1
tire bouchon,bouteille r_processus instr,r_processusinstr-1
ouvre boite,conserve r_processus instr,r_processusinstr-1
econome,epluchage r_processus instr,r_processusinstr-1
mandoline,tranchage r_processus instr,r_processusinstr-1
trancheuse,decoupe r_processus instr,r_processusinstr-1
balance,pesee r_processus instr,r_processusinstr-1
verre,mesure r_processus instr,r_processusinstr-1
minuteur,cuisson r_processus instr,r_processusinstr-1
thermometre,temperature r_processus instr,r_processusinstr-1
sonde,temperature r_processus instr,r_processusinstr-1
entonnoir,versement r_processus instr,r_processusinstr-1
bocal,conservation r_processus instr,r_processusinstr-1
pot,conservation r_processus instr,r_processusinstr-1
boite,conservation r_processus instr,r_processusinstr-1
panier,conservation r_processus instr,r_processusinstr-1
corbeille,presentation r_processus instr,r_processusinstr-1
plateau,service r_processus instr,r_processusinstr-1
cloche,protection r_processus instr,r_processusinstr-1
film,protection r_processus instr,r_processusinstr-1
papier,protection r_processus instr,r_processusinstr-1
papier,cuisson r_processus instr,r_processusinstr-1
gant,protection r_processus instr,r_processusinstr-1
manique,protection r_processus instr,r_processusinstr-1
tablier,protection r_processus instr,r_processusinstr-1
torchon,essuyage r_processus instr,r_processusinstr-1
lavette,nettoyage r_processus instr,r_processusinstr-1
evier,nettoyage r_processus instr,r_processusinstr-1
lave vaisselle,nettoyage r_processus instr,r_processusinstr-1
egouttoir,sechage r_processus instr,r_processusinstr-1
panier,rangement r_processus instr,r_processusinstr-1
placard,rangement r_processus instr,r_processusinstr-1
tiroir,rangement r_processus instr,r_processusinstr-1
etagere,rangement r_processus instr,r_processusinstr-1
armoire,rangement r_processus instr,r_processusinstr-1
buffet,rangement r_processus instr,r_processusinstr-1
vaisselier,rangement r_processus instr,r_processusinstr-1
desserte,service r_processus instr,r_processusinstr-1
chariot,service r_processus instr,r_processusinstr-1
table,preparation r_processus instr,r_processusinstr-1
plan,travail r_processus instr,r_processusinstr-1
billot,decoupe r_processus instr,r_processusinstr-1
planche,decoupe r_processus instr,r_processusinstr-1
pelle,jardinage r_processus instr,r_processusinstr-1
transplantoir,jardinage r_processus instr,r_processusinstr-1
griffe,jardinage r_processus instr,r_processusinstr-1
serfouette,jardinage r_processus instr,r_processusinstr-1
plantoir,jardinage r_processus instr,r_processusinstr-1
cordeau,jardinage r_processus instr,r_processusinstr-1
tuteur,jardinage r_processus instr,r_processusinstr-1
tuteur,soutien r_processus instr,r_processusinstr-1
attache,fixation r_processus instr,r_processusinstr-1
raphia,fixation r_processus instr,r_processusinstr-1
ficelle,fixation r_processus instr,r_processusinstr-1
arrosoir,arrosage r_processus instr,r_processusinstr-1
tuyau,arrosage r_processus instr,r_processusinstr-1
lance,arrosage r_processus instr,r_processusinstr-1
pistolet,arrosage r_processus instr,r_processusinstr-1
asperseur,arrosage r_processus instr,r_processusinstr-1
brumisateur,arrosage r_processus instr,r_processusinstr-1
pulverisateur,traitement r_processus instr,r_processusinstr-1
vaporisateur,traitement r_processus instr,r_processusinstr-1
sulfateuse,traitement r_processus instr,r_processusinstr-1
pompe,traitement r_processus instr,r_processusinstr-1
cisaille,taille r_processus instr,r_processusinstr-1
secateur,taille r_processus instr,r_processusinstr-1
coupe branche,taille r_processus instr,r_processusinstr-1
ebrancheur,taille r_processus instr,r_processusinstr-1
echenilloir,taille r_processus instr,r_processusinstr-1
taille haie,taille r_processus instr,r_processusinstr-1
tondeuse,tonte r_processus instr,r_processusinstr-1
debroussailleuse,debroussaillage r_processus instr,r_processusinstr-1
motoculteur,labour r_processus instr,r_processusinstr-1
scarificateur,scarification r_processus instr,r_processusinstr-1
rouleau,tassement r_processus instr,r_processusinstr-1
souffleur,nettoyage r_processus instr,r_processusinstr-1
ramasse feuille,collecte r_processus instr,r_processusinstr-1
brouette,transport r_processus instr,r_processusinstr-1
bac,transport r_processus instr,r_processusinstr-1
sac,collecte r_processus instr,r_processusinstr-1
composteur,compostage r_processus instr,r_processusinstr-1
silo,stockage r_processus instr,r_processusinstr-1
serre,culture r_processus instr,r_processusinstr-1
chassis,culture r_processus instr,r_processusinstr-1
voile,protection r_processus instr,r_processusinstr-1
filet,protection r_processus instr,r_processusinstr-1
grillage,protection r_processus instr,r_processusinstr-1
treillage,support r_processus instr,r_processusinstr-1
pergola,support r_processus instr,r_processusinstr-1
tonnelle,support r_processus instr,r_processusinstr-1
arceau,support r_processus instr,r_processusinstr-1
tige,support r_processus instr,r_processusinstr-1
piquet,support r_processus instr,r_processusinstr-1
poteau,support r_processus instr,r_processusinstr-1
pot,culture r_processus instr,r_processusinstr-1
jardiniere,culture r_processus instr,r_processusinstr-1
bac,culture r_processus instr,r_processusinstr-1
terreau,culture r_processus instr,r_processusinstr-1
substrat,culture r_processus instr,r_processusinstr-1
engrais,fertilisation r_processus instr,r_processusinstr-1
amendement,amelioration r_processus instr,r_processusinstr-1
paillage,protection r_processus instr,r_processusinstr-1
mulch,protection r_processus instr,r_processusinstr-1
geotextile,protection r_processus instr,r_processusinstr-1
bache,protection r_processus instr,r_processusinstr-1
toile,protection r_processus instr,r_processusinstr-1
seau,transport r_processus instr,r_processusinstr-1
bassine,transport r_processus instr,r_processusinstr-1
cuvette,transport r_processus instr,r_processusinstr-1
recipient,stockage r_processus instr,r_processusinstr-1
caisse,rangement r_processus instr,r_processusinstr-1
coffre,rangement r_processus instr,r_processusinstr-1
abri,rangement r_processus instr,r_processusinstr-1
remise,rangement r_processus instr,r_processusinstr-1
cabane,rangement r_processus instr,r_processusinstr-1
cabanon,rangement r_processus instr,r_processusinstr-1
salopette,protection r_processus instr,r_processusinstr-1
genouillere,protection r_processus instr,r_processusinstr-1
botte,protection r_processus instr,r_processusinstr-1
chapeau,protection r_processus instr,r_processusinstr-1
lunette,protection r_processus instr,r_processusinstr-1
masque,protection r_processus instr de rameur r_processus instr,r_processusinstr-1
voile,navigateur r_processus instr,r_processusinstr-1
ancre,marin r_processus instr,r_processusinstr-1
filet,pecheur r_processus instr,r_processusinstr-1
canne,pecheur r_processus instr,r_processusinstr-1
hamecon,pecheur r_processus instr,r_processusinstr-1
appat,pecheur r_processus instr,r_processusinstr-1
nasse,pecheur r_processus instr,r_processusinstr-1
harpon,pecheur r_processus instr,r_processusinstr-1
fusil,chasseur r_processus instr,r_processusinstr-1
carabine,chasseur r_processus instr,r_processusinstr-1
arc,archer r_processus instr,r_processusinstr-1
fleche,archer r_processus instr,r_processusinstr-1
arbalete,arbaletrier r_processus instr,r_processusinstr-1
fronde,frondeur r_processus instr,r_processusinstr-1
lance,lancier r_processus instr,r_processusinstr-1
epee,escrimeur r_processus instr,r_processusinstr-1
sabre,sabreur r_processus instr,r_processusinstr-1
fleuret,escrimeur r_processus instr,r_processusinstr-1
poignard,combattant r_processus instr,r_processusinstr-1
dague,combattant r_processus instr,r_processusinstr-1
bouclier,guerrier r_processus instr,r_processusinstr-1
casque,soldat r_processus instr,r_processusinstr-1
armure,chevalier r_processus instr,r_processusinstr-1
cotte,chevalier r_processus instr,r_processusinstr-1
heaume,chevalier r_processus instr,r_processusinstr-1
cle,portail r_processus instr,r_processusinstr-1
cle,garage r_processus instr,r_processusinstr-1
cle,vehicule r_processus instr,r_processusinstr-1
cle,appartement r_processus instr,r_processusinstr-1
cle,bureau r_processus instr,r_processusinstr-1
tournevis,electricien r_processus instr,r_processusinstr-1
tournevis,bricoleur r_processus instr,r_processusinstr-1
marteau,charpentier r_processus instr,r_processusinstr-1
marteau,macon r_processus instr,r_processusinstr-1
scie,menuisier r_processus instr,r_processusinstr-1
scie,charpentier r_processus instr,r_processusinstr-1
couteau,sculpteur r_processus instr,r_processusinstr-1
couteau,graveur r_processus instr,r_processusinstr-1
cutter,maquettiste r_processus instr,r_processusinstr-1
ciseaux,barbier r_processus instr,r_processusinstr-1
ciseaux,tailleur r_processus instr,r_processusinstr-1
pince,plombier r_processus instr,r_processusinstr-1
pince,serrurier r_processus instr,r_processusinstr-1
tenaille,marechal r_processus instr,r_processusinstr-1
perceuse,artisan r_processus instr,r_processusinstr-1
lime,ajusteur r_processus instr,r_processusinstr-1
rape,fromager r_processus instr,r_processusinstr-1
brosse,decorateur r_processus instr,r_processusinstr-1
balai,balayeur r_processus instr,r_processusinstr-1
balai,ramoneur r_processus instr,r_processusinstr-1
aspirateur,nettoyeur r_processus instr,r_processusinstr-1
beche,fossoyeur r_processus instr,r_processusinstr-1
pelle,cantonnier r_processus instr,r_processusinstr-1
pioche,carrier r_processus instr,r_processusinstr-1
houe,paysan r_processus instr,r_processusinstr-1
sarcloir,agriculteur r_processus instr,r_processusinstr-1
fourche,palefrenier r_processus instr,r_processusinstr-1
rateau,cantonnier r_processus instr,r_processusinstr-1
faux,agriculteur r_processus instr,r_processusinstr-1
faucille,paysan r_processus instr,r_processusinstr-1
serpe,vigneron r_processus instr,r_processusinstr-1
hache,charpentier r_processus instr,r_processusinstr-1
masse,carrier r_processus instr,r_processusinstr-1
maillet,graveur r_processus instr,r_processusinstr-1
burin,graveur r_processus instr,r_processusinstr-1
gouge,ebeniste r_processus instr,r_processusinstr-1
ciseau,menuisier r_processus instr,r_processusinstr-1
compas,architecte r_processus instr,r_processusinstr-1
equerre,architecte r_processus instr,r_processusinstr-1
regle,architecte r_processus instr,r_processusinstr-1
metre,tailleur r_processus instr,r_processusinstr-1
niveau,charpentier r_processus instr,r_processusinstr-1
fil,cordier r_processus instr,r_processusinstr-1
truelle,ouvrier r_processus instr,r_processusinstr-1
taloche,ouvrier r_processus instr,r_processusinstr-1
spatule,decorateur r_processus instr,r_processusinstr-1
rouleau,decorateur r_processus instr,r_processusinstr-1
pinceau,decorateur r_processus instr,r_processusinstr-1
palette,artiste r_processus instr,r_processusinstr-1
chevalet,artiste r_processus instr,r_processusinstr-1
toile,artiste r_processus instr,r_processusinstr-1
crayon,artiste r_processus instr,r_processusinstr-1
fusain,artiste r_processus instr,r_processusinstr-1
gomme,correcteur r_processus instr,r_processusinstr-1
stylo,notaire r_processus instr,r_processusinstr-1
plume,ecrivain r_processus instr,r_processusinstr-1
encre,imprimeur r_processus instr,r_processusinstr-1
papier,imprimeur r_processus instr,r_processusinstr-1
cahier,etudiant r_processus instr,r_processusinstr-1
ardoise,instituteur r_processus instr,r_processusinstr-1
craie,instituteur r_processus instr,r_processusinstr-1
tableau,enseignant r_processus instr,r_processusinstr-1
ordinateur,informaticien r_processus instr,r_processusinstr-1
clavier,secretaire r_processus instr,r_processusinstr-1
souris,graphiste r_processus instr,r_processusinstr-1
ecran,monteur r_processus instr,r_processusinstr-1
imprimante,secretariat r_processus instr,r_processusinstr-1
scanner,documentaliste r_processus instr,r_processusinstr-1
telephone,receptionniste r_processus instr,r_processusinstr-1
micro,commentateur r_processus instr,r_processusinstr-1
camera,cameraman r_processus instr,r_processusinstr-1
appareil,reporter r_processus instr,r_processusinstr-1
objectif,cameraman r_processus instr,r_processusinstr-1
trepied,videaste r_processus instr,r_processusinstr-1
flash,reporter r_processus instr,r_processusinstr-1
projecteur,technicien r_processus instr,r_processusinstr-1
lampe,mineur r_processus instr,r_processusinstr-1
torche,plongeur r_processus instr,r_processusinstr-1
loupe,bijoutier r_processus instr,r_processusinstr-1
microscope,chercheur r_processus instr,r_processusinstr-1
telescope,observateur r_processus instr,r_processusinstr-1
jumelles,observateur r_processus instr,r_processusinstr-1
boussole,randonneur r_processus instr,r_processusinstr-1
carte,randonneur r_processus instr,r_processusinstr-1
sextant,navigateur r_processus instr,r_processusinstr-1
gouvernail,capitaine r_processus instr,r_processusinstr-1
rame,gondolier r_processus instr,r_processusinstr-1
pagaie,canoeiste r_processus instr,r_processusinstr-1
aviron,gondolier r_processus instr,r_processusinstr-1
voile,skipper r_processus instr,r_processusinstr-1
ancre,capitaine r_processus instr,r_processusinstr-1
filet,chalutier r_processus instr,r_processusinstr-1
fusil,tireur r_processus instr,r_processusinstr-1
carabine,tireur r_processus instr,r_processusinstr-1
arc,tireur r_processus instr,r_processusinstr-1
fleche,tireur r_processus instr,r_processusinstr-1
lance,guerrier r_processus instr,r_processusinstr-1
epee,chevalier r_processus instr,r_processusinstr-1
sabre,cavalier r_processus instr,r_processusinstr-1
fleuret,tireur r_processus instr,r_processusinstr-1
bouclier,soldat r_processus instr,r_processusinstr-1
casque,motard r_processus instr,r_processusinstr-1
armure,combattant r_processus instr,r_processusinstr-1
cle,serrure r_processus instr,r_processusinstr-1
cle,portiere r_processus instr,r_processusinstr-1
cle,malle r_processus instr,r_processusinstr-1
marteau,forge r_processus instr,r_processusinstr-1
scie,coupe r_processus instr,r_processusinstr-1
couteau,decoupe r_processus instr,r_processusinstr-1
pince,saisie r_processus instr,r_processusinstr-1
tenaille,traction r_processus instr,r_processusinstr-1
rabot,planification r_processus instr,r_processusinstr-1
lime,finition r_processus instr,r_processusinstr-1
rape,finition r_processus instr,r_processusinstr-1
brosse,peinture r_processus instr,r_processusinstr-1
balai,proprete r_processus instr,r_processusinstr-1
serpilliere,proprete r_processus instr,r_processusinstr-1
eponge,vaisselle r_processus instr,r_processusinstr-1
chiffon,vitre r_processus instr,r_processusinstr-1
torchon,cuisine r_processus instr,r_processusinstr-1
houe,culture r_processus instr,r_processusinstr-1
binette,culture r_processus instr,r_processusinstr-1
sarcloir,culture r_processus instr,r_processusinstr-1
ratisseau,culture r_processus instr,r_processusinstr-1
fourche,recolte r_processus instr,r_processusinstr-1
rateau,collecte r_processus instr,r_processusinstr-1
faux,fauche r_processus instr,r_processusinstr-1
faucille,moisson r_processus instr,r_processusinstr-1
serpe,taille r_processus instr,r_processusinstr-1
hache,coupe r_processus instr,r_processusinstr-1
cognee,coupe r_processus instr,r_processusinstr-1
merlin,fente r_processus instr,r_processusinstr-1
masse,frappe r_processus instr,r_processusinstr-1
maillet,frappe r_processus instr,r_processusinstr-1
burin,gravure r_processus instr,r_processusinstr-1
gouge,sculpture r_processus instr,r_processusinstr-1
ciseau,taille r_processus instr,r_processusinstr-1
truelle,pose r_processus instr,r_processusinstr-1
taloche,pose r_processus instr,r_processusinstr-1
spatule,pose r_processus instr,r_processusinstr-1
rouleau,peinture r_processus instr,r_processusinstr-1
pinceau,peinture r_processus instr,r_processusinstr-1
palette,peinture r_processus instr,r_processusinstr-1
chevalet,peinture r_processus instr,r_processusinstr-1
crayon,ecriture r_processus instr,r_processusinstr-1
fusain,dessin r_processus instr,r_processusinstr-1
clavier,frappe r_processus instr,r_processusinstr-1
souris,navigation r_processus instr,r_processusinstr-1
ecran,visualisation r_processus instr,r_processusinstr-1
ouverture,porte r_processus patient,r_processuspatient
fermeture,fenetre r_processus patient,r_processuspatient
cassure,verre r_processus patient,r_processuspatient
rupture,cable r_processus patient,r_processuspatient
bris,vitre r_processus patient,r_processuspatient
coupure,fil r_processus patient,r_processuspatient
eclatement,ballon r_processus patient,r_processuspatient
explosion,moteur r_processus patient,r_processuspatient
dechirure,tissu r_processus patient,r_processuspatient
usure,roue r_processus patient,r_processuspatient
corrosion,metal r_processus patient,r_processuspatient
fusion,metal r_processus patient,r_processuspatient
oxydation,fer r_processus patient,r_processuspatient
mouillage,papier r_processus patient,r_processuspatient
chauffage,l eau r_processus patient,r_processuspatient
refroidissement,l air r_processus patient,r_processuspatient
evaporation,l eau r_processus patient,r_processuspatient
condensation,vapeur r_processus patient,r_processuspatient
cristallisation,sel r_processus patient,r_processuspatient
ebullition,liquide r_processus patient,r_processuspatient
mouvement,levier r_processus patient,r_processuspatient
rotation,roue r_processus patient,r_processuspatient
vibration,moteur r_processus patient,r_processuspatient
oscillation,pendule r_processus patient,r_processuspatient
chute,pierre r_processus patient,r_processuspatient
deplacement,vehicule r_processus patient,r_processuspatient
arret,train r_processus patient,r_processuspatient
demarrage,moteur r_processus patient,r_processuspatient
atterrissage,l avion r_processus patient,r_processuspatient
decollage,l avion r_processus patient,r_processuspatient
freinage,camion r_processus patient,r_processuspatient
acceleration,voiture r_processus patient,r_processuspatient
ralentissement,bus r_processus patient,r_processuspatient
arret,machine r_processus patient,r_processuspatient
activation,systeme r_processus patient,r_processuspatient
desactivation,dispositif r_processus patient,r_processuspatient
mise en marche,moteur r_processus patient,r_processuspatient
allumage,lampe r_processus patient,r_processuspatient
extinction,lumiere r_processus patient,r_processuspatient
allumage,feu r_processus patient,r_processuspatient
eclatement,pneu r_processus patient,r_processuspatient
percement,mur r_processus patient,r_processuspatient
creusement,trou r_processus patient,r_processuspatient
remplissage,reservoir r_processus patient,r_processuspatient
vidage,bouteille r_processus patient,r_processuspatient
deplacement,meuble r_processus patient,r_processuspatient
transport,colis r_processus patient,r_processuspatient
dechargement,camion r_processus patient,r_processuspatient
chargement,voiture r_processus patient,r_processuspatient
lavage,linge r_processus patient,r_processuspatient
nettoyage,table r_processus patient,r_processuspatient
essuyage,verre r_processus patient,r_processuspatient
balayage,sol r_processus patient,r_processuspatient
repassage,chemise r_processus patient,r_processuspatient
pliage,serviette r_processus patient,r_processuspatient
decoupage,papier r_processus patient,r_processuspatient
collage,l affiche r_processus patient,r_processuspatient
peinture,mur r_processus patient,r_processuspatient
vernissage,meuble r_processus patient,r_processuspatient
decoration,salle r_processus patient,r_processuspatient
amenagement,bureau r_processus patient,r_processuspatient
renovation,maison r_processus patient,r_processuspatient
construction,batiment r_processus patient,r_processuspatient
demolition,mur r_processus patient,r_processuspatient
reparation,machine r_processus patient,r_processuspatient
entretien,jardin r_processus patient,r_processuspatient
tonte,gazon r_processus patient,r_processuspatient
arrosage,plantes r_processus patient,r_processuspatient
taille,haie r_processus patient,r_processuspatient
nettoyage,bassin r_processus patient,r_processuspatient
vidange,reservoir r_processus patient,r_processuspatient
remplissage,seau r_processus patient,r_processuspatient
melange,ciment r_processus patient,r_processuspatient
application,peinture r_processus patient,r_processuspatient
fixation,cadre r_processus patient,r_processuspatient
assemblage,meuble r_processus patient,r_processuspatient
desassemblage,moteur r_processus patient,r_processuspatient
remontage,montre r_processus patient,r_processuspatient
lubrification,mecanisme r_processus patient,r_processuspatient
graissage,chaine r_processus patient,r_processuspatient
entretien,bicyclette r_processus patient,r_processuspatient
revision,moteur r_processus patient,r_processuspatient
remplacement,filtre r_processus patient,r_processuspatient
nettoyage,carburateur r_processus patient,r_processuspatient
vidange,l huile r_processus patient,r_processuspatient
changement,roue r_processus patient,r_processuspatient
remontage,roue r_processus patient,r_processuspatient
demontage,pneu r_processus patient,r_processuspatient
installation,logiciel r_processus patient,r_processuspatient
desinstallation,programme r_processus patient,r_processuspatient
mise a jour,systeme r_processus patient,r_processuspatient
reinitialisation,l appareil r_processus patient,r_processuspatient
sauvegarde,fichier r_processus patient,r_processuspatient
suppression,document r_processus patient,r_processuspatient
ouverture,dossier r_processus patient,r_processuspatient
fermeture,fichier r_processus patient,r_processuspatient
compression,dossier r_processus patient,r_processuspatient
transfert,message r_processus patient,r_processuspatient
envoi,courriel r_processus patient,r_processuspatient
reception,courrier r_processus patient,r_processuspatient
affichage,page r_processus patient,r_processuspatient
chargement,site r_processus patient,r_processuspatient
telechargement,fichier r_processus patient,r_processuspatient
impression,document r_processus patient,r_processuspatient
numerisation,photo r_processus patient,r_processuspatient
copie,texte r_processus patient,r_processuspatient
collage,texte r_processus patient,r_processuspatient
effacement,tableau r_processus patient,r_processuspatient
ecriture,phrase r_processus patient,r_processuspatient
lecture,livre r_processus patient,r_processuspatient
traduction,texte r_processus patient,r_processuspatient
correction,faute r_processus patient,r_processuspatient
analyse,mot r_processus patient,r_processuspatient
extraction,mot r_processus patient,r_processuspatient
suppression,mot r_processus patient,r_processuspatient
ajout,mot r_processus patient,r_processuspatient
remplacement,mot r_processus patient,r_processuspatient
modification,texte r_processus patient,r_processuspatient
edition,document r_processus patient,r_processuspatient
impression,page r_processus patient,r_processuspatient
publication,livre r_processus patient,r_processuspatient
diffusion,message r_processus patient,r_processuspatient
enregistrement,son r_processus patient,r_processuspatient
lecture,disque r_processus patient,r_processuspatient
gravure,disque r_processus patient,r_processuspatient
effacement,piste r_processus patient,r_processuspatient
repetition,morceau r_processus patient,r_processuspatient
interpretation,chanson r_processus patient,r_processuspatient
diffusion,film r_processus patient,r_processuspatient
projection,film r_processus patient,r_processuspatient
montage,film r_processus patient,r_processuspatient
tournage,film r_processus patient,r_processuspatient
prise,plan r_processus patient,r_processuspatient
capture,l image r_processus patient,r_processuspatient
retouche,photo r_processus patient,r_processuspatient
correction,couleur r_processus patient,r_processuspatient
ajustement,contraste r_processus patient,r_processuspatient
reduction,bruit r_processus patient,r_processuspatient
amelioration,nettete r_processus patient,r_processuspatient
stabilisation,l image r_processus patient,r_processuspatient
exportation,fichier r_processus patient,r_processuspatient
sauvegarde,projet r_processus patient,r_processuspatient
fermeture,programme r_processus patient,r_processuspatient
arret,serveur r_processus patient,r_processuspatient
redemarrage,systeme r_processus patient,r_processuspatient
activation,service r_processus patient,r_processuspatient
desactivation,service r_processus patient,r_processuspatient
connexion,cable r_processus patient,r_processuspatient
deconnexion,cable r_processus patient,r_processuspatient
transmission,signal r_processus patient,r_processuspatient
reception,signal r_processus patient,r_processuspatient
interruption,courant r_processus patient,r_processuspatient
passage,courant r_processus patient,r_processuspatient
augmentation,tension r_processus patient,r_processuspatient
diminution,temperature r_processus patient,r_processuspatient
variation,pression r_processus patient,r_processuspatient
circulation,l air r_processus patient,r_processuspatient
filtration,l eau r_processus patient,r_processuspatient
purification,liquide r_processus patient,r_processuspatient
desinfection,surface r_processus patient,r_processuspatient
sterilisation,materiel r_processus patient,r_processuspatient
contamination,l eau r_processus patient,r_processuspatient
pollution,l air r_processus patient,r_processuspatient
nettoyage,riviere r_processus patient,r_processuspatient
epuration,l eau r_processus patient,r_processuspatient
traitement,dechet r_processus patient,r_processuspatient
recyclage,plastique r_processus patient,r_processuspatient
compostage,dechet r_processus patient,r_processuspatient
incineration,dechet r_processus patient,r_processuspatient
collecte,l ordure r_processus patient,r_processuspatient
tri,papier r_processus patient,r_processuspatient
emballage,produit r_processus patient,r_processuspatient
ouverture,colis r_processus patient,r_processuspatient
livraison,paquet r_processus patient,r_processuspatient
reception,commande r_processus patient,r_processuspatient
distribution,courrier r_processus patient,r_processuspatient
transport,passager r_processus patient,r_processuspatient
deplacement,train r_processus patient,r_processuspatient
stationnement,voiture r_processus patient,r_processuspatient
arret,bus r_processus patient,r_processuspatient
cuisson,viande r_processus patient,r_processuspatient
reparation,voiture r_processus patient,r_processuspatient
nettoyage,sol r_processus patient,r_processuspatient
construction,maison r_processus patient,r_processuspatient
destruction,batiment r_processus patient,r_processuspatient
plantation,arbre r_processus patient,r_processuspatient
recolte,fruit r_processus patient,r_processuspatient
coupe,cheveu r_processus patient,r_processuspatient
ecriture,lettre r_processus patient,r_processuspatient
signature,contrat r_processus patient,r_processuspatient
validation,document r_processus patient,r_processuspatient
archivage,dossier r_processus patient,r_processuspatient
impression,texte r_processus patient,r_processuspatient
suppression,fichier r_processus patient,r_processuspatient
sauvegarde,donnee r_processus patient,r_processuspatient
restauration,base r_processus patient,r_processuspatient
chiffrement,message r_processus patient,r_processuspatient
dechiffrement,code r_processus patient,r_processuspatient
compression,archive r_processus patient,r_processuspatient
decompression,paquet r_processus patient,r_processuspatient
telechargement,application r_processus patient,r_processuspatient
reception,colis r_processus patient,r_processuspatient
livraison,marchandise r_processus patient,r_processuspatient
expedition,paquet r_processus patient,r_processuspatient
transport,bagage r_processus patient,r_processuspatient
chargement,camion r_processus patient,r_processuspatient
dechargement,container r_processus patient,r_processuspatient
stockage,produit r_processus patient,r_processuspatient
rangement,outil r_processus patient,r_processuspatient
classement,papier r_processus patient,r_processuspatient
tri,dechet r_processus patient,r_processuspatient
incineration,ordure r_processus patient,r_processuspatient
compostage,reste r_processus patient,r_processuspatient
broyage,branche r_processus patient,r_processuspatient
decoupage,planche r_processus patient,r_processuspatient
sciage,bois r_processus patient,r_processuspatient
poncage,surface r_processus patient,r_processuspatient
polissage,metal r_processus patient,r_processuspatient
soudure,piece r_processus patient,r_processuspatient
assemblage,composant r_processus patient,r_processuspatient
montage,structure r_processus patient,r_processuspatient
demontage,appareil r_processus patient,r_processuspatient
revision,machine r_processus patient,r_processuspatient
entretien,equipement r_processus patient,r_processuspatient
graissage,mecanisme r_processus patient,r_processuspatient
huilage,chaine r_processus patient,r_processuspatient
gonflage,pneu r_processus patient,r_processuspatient
degonflage,ballon r_processus patient,r_processuspatient
vidange,cuve r_processus patient,r_processuspatient
drainage,terrain r_processus patient,r_processuspatient
irrigation,champ r_processus patient,r_processuspatient
arrosage,plante r_processus patient,r_processuspatient
tonte,pelouse r_processus patient,r_processuspatient
desherbage,jardin r_processus patient,r_processuspatient
bechage,terre r_processus patient,r_processuspatient
labourage,sol r_processus patient,r_processuspatient
hersage,parcelle r_processus patient,r_processuspatient
semis,graine r_processus patient,r_processuspatient
repiquage,plant r_processus patient,r_processuspatient
greffe,branche r_processus patient,r_processuspatient
elagage,arbre r_processus patient,r_processuspatient
abattage,tronc r_processus patient,r_processuspatient
debroussaillage,zone r_processus patient,r_processuspatient
defrichement,terrain r_processus patient,r_processuspatient
nivellement,surface r_processus patient,r_processuspatient
terrassement,site r_processus patient,r_processuspatient
ouverture,robinet r_processus patient,r_processuspatient
fermeture,volet r_processus patient,r_processuspatient
allumage,four r_processus patient,r_processuspatient
extinction,feu r_processus patient,r_processuspatient
reglage,thermostat r_processus patient,r_processuspatient
arret,vehicule r_processus patient,r_processuspatient
freinage,train r_processus patient,r_processuspatient
acceleration,bolide r_processus patient,r_processuspatient
ralentissement,convoi r_processus patient,r_processuspatient
stationnement,camion r_processus patient,r_processuspatient
remorquage,vehicule r_processus patient,r_processuspatient
sechage,tissu r_processus patient,r_processuspatient
repassage,vetement r_processus patient,r_processuspatient
pliage,drap r_processus patient,r_processuspatient
racommodage,pantalon r_processus patient,r_processuspatient
rapiecage,manteau r_processus patient,r_processuspatient
detachage,chemisier r_processus patient,r_processuspatient
blanchiment,linge r_processus patient,r_processuspatient
teinture,textile r_processus patient,r_processuspatient
decoloration,tissu r_processus patient,r_processuspatient
essorage,linge r_processus patient,r_processuspatient
rincage,vetement r_processus patient,r_processuspatient
trempage,linge r_processus patient,r_processuspatient
brossage,manteau r_processus patient,r_processuspatient
depoussierage,meuble r_processus patient,r_processuspatient
cirage,parquet r_processus patient,r_processuspatient
lavage,carrelage r_processus patient,r_processuspatient
recurage,plan r_processus patient,r_processuspatient
debouchage,evier r_processus patient,r_processuspatient
detartrage,robinet r_processus patient,r_processuspatient
desinfection,sanitaire r_processus patient,r_processuspatient
javellisation,mur r_processus patient,r_processuspatient
aeration,local r_processus patient,r_processuspatient
chauffage,logement r_processus patient,r_processuspatient
refroidissement,batiment r_processus patient,r_processuspatient
climatisation,bureau r_processus patient,r_processuspatient
ventilation,grenier r_processus patient,r_processuspatient
isolation,toit r_processus patient,r_processuspatient
etancheification,mur r_processus patient,r_processuspatient
crepissage,facade r_processus patient,r_processuspatient
ravalement,immeuble r_processus patient,r_processuspatient
rejointoiement,mur r_processus patient,r_processuspatient
platrage,plafond r_processus patient,r_processuspatient
carrelage,sol r_processus patient,r_processuspatient
dallage,terrain r_processus patient,r_processuspatient
pavage,chemin r_processus patient,r_processuspatient
goudronnage,route r_processus patient,r_processuspatient
betonnage,sol r_processus patient,r_processuspatient
coulage,beton r_processus patient,r_processuspatient
coffrage,mur r_processus patient,r_processuspatient
ferraillage,dalle r_processus patient,r_processuspatient
armature,poteau r_processus patient,r_processuspatient
scellement,portail r_processus patient,r_processuspatient
fixation,panneau r_processus patient,r_processuspatient
clouage,planche r_processus patient,r_processuspatient
vissage,cadre r_processus patient,r_processuspatient
collage,papier r_processus patient,r_processuspatient
agrafage,document r_processus patient,r_processuspatient
perforation,feuille r_processus patient,r_processuspatient
decoupage,carton r_processus patient,r_processuspatient
pliage,papier r_processus patient,r_processuspatient
froissage,tissu r_processus patient,r_processuspatient
defroissage,linge r_processus patient,r_processuspatient
aplatissement,carton r_processus patient,r_processuspatient
roulage,tapis r_processus patient,r_processuspatient
deroulement,cable r_processus patient,r_processuspatient
enroulement,fil r_processus patient,r_processuspatient
devissement,boulon r_processus patient,r_processuspatient
serrage,ecrou r_processus patient,r_processuspatient
desserrage,joint r_processus patient,r_processuspatient
ajustement,mecanisme r_processus patient,r_processuspatient
calibrage,instrument r_processus patient,r_processuspatient
etalonnage,appareil r_processus patient,r_processuspatient
verification,systeme r_processus patient,r_processuspatient
controle,dispositif r_processus patient,r_processuspatient
inspection,materiel r_processus patient,r_processuspatient
examen,produit r_processus patient,r_processuspatient
ouverture,boite r_processus patient,r_processuspatient
fermeture,valise r_processus patient,r_processuspatient
cuisson,pate r_processus patient,r_processuspatient
preparation,sauce r_processus patient,r_processuspatient
decoupe,viande r_processus patient,r_processuspatient
hachage,chair r_processus patient,r_processuspatient
mixage,preparation r_processus patient,r_processuspatient
petrissage,pate r_processus patient,r_processuspatient
levee,pate r_processus patient,r_processuspatient
cuisson,pizza r_processus patient,r_processuspatient
friture,pomme r_processus patient,r_processuspatient
ebullition,eau r_processus patient,r_processuspatient
congelation,soupe r_processus patient,r_processuspatient
decongelation,viande r_processus patient,r_processuspatient
marinade,volaille r_processus patient,r_processuspatient
assaisonnement,salade r_processus patient,r_processuspatient
epluchage,carotte r_processus patient,r_processuspatient
lavage,laitue r_processus patient,r_processuspatient
essorage,salade r_processus patient,r_processuspatient
extraction,pulpe r_processus patient,r_processuspatient
pressage,orange r_processus patient,r_processuspatient
filtration,boisson r_processus patient,r_processuspatient
distillation,eau r_processus patient,r_processuspatient
pasteurisation,lait r_processus patient,r_processuspatient
sterilisation,conserve r_processus patient,r_processuspatient
fermentation,pate r_processus patient,r_processuspatient
maturation,fromage r_processus patient,r_processuspatient
affinage,charcuterie r_processus patient,r_processuspatient
fumage,viande r_processus patient,r_processuspatient
salaison,chair r_processus patient,r_processuspatient
sechage,herbe r_processus patient,r_processuspatient
deshydratation,fruit r_processus patient,r_processuspatient
lyophilisation,substance r_processus patient,r_processuspatient
torrefaction,graine r_processus patient,r_processuspatient
mouture,cafe r_processus patient,r_processuspatient
broyage,epice r_processus patient,r_processuspatient
pilage,ail r_processus patient,r_processuspatient
rapage,fromage r_processus patient,r_processuspatient
emincage,oignon r_processus patient,r_processuspatient
ciselage,herbe r_processus patient,r_processuspatient
fouettage,creme r_processus patient,r_processuspatient
montage,neige r_processus patient,r_processuspatient
incorporation,farine r_processus patient,r_processuspatient
melange,preparation r_processus patient,r_processuspatient
dilution,solution r_processus patient,r_processuspatient
dissolution,poudre r_processus patient,r_processuspatient
emulsion,sauce r_processus patient,r_processuspatient
reduction,sauce r_processus patient,r_processuspatient
clarification,gelee r_processus patient,r_processuspatient
glacage,patisserie r_processus patient,r_processuspatient
nappement,tarte r_processus patient,r_processuspatient
decoration,gateau r_processus patient,r_processuspatient
dressage,assiette r_processus patient,r_processuspatient
presentation,plat r_processus patient,r_processuspatient
reparation,chaussure r_processus patient,r_processuspatient
ressemelage,botte r_processus patient,r_processuspatient
couture,robe r_processus patient,r_processuspatient
broderie,nappe r_processus patient,r_processuspatient
tricotage,echarpe r_processus patient,r_processuspatient
tissage,toile r_processus patient,r_processuspatient
filage,laine r_processus patient,r_processuspatient
cardage,fibre r_processus patient,r_processuspatient
peignage,bourre r_processus patient,r_processuspatient
blanchiment,toile r_processus patient,r_processuspatient
impression,tissu r_processus patient,r_processuspatient
teinture,laine r_processus patient,r_processuspatient
fixation,couleur r_processus patient,r_processuspatient
delavage,jean r_processus patient,r_processuspatient
stonewashing,toile r_processus patient,r_processuspatient
froissage,etoffe r_processus patient,r_processuspatient
calandrage,tissu r_processus patient,r_processuspatient
appretage,etoffe r_processus patient,r_processuspatient
mercerisation,coton r_processus patient,r_processuspatient
feutrage,laine r_processus patient,r_processuspatient
impermeabilisation,toile r_processus patient,r_processuspatient
ignifugation,tissu r_processus patient,r_processuspatient
decoupe,toile r_processus patient,r_processuspatient
coupe,tissu r_processus patient,r_processuspatient
taille,patron r_processus patient,r_processuspatient
assemblage,piece r_processus patient,r_processuspatient
ouverture,coffre r_processus patient,r_processuspatient
fermeture,tiroir r_processus patient,r_processuspatient
installation,systeme r_processus patient,r_processuspatient
configuration,appareil r_processus patient,r_processuspatient
parametrage,dispositif r_processus patient,r_processuspatient
reglage,instrument r_processus patient,r_processuspatient
calibrage,outil r_processus patient,r_processuspatient
etalonnage,capteur r_processus patient,r_processuspatient
activation,dispositif r_processus patient,r_processuspatient
desactivation,systeme r_processus patient,r_processuspatient
declenchement,mecanisme r_processus patient,r_processuspatient
enclenchement,systeme r_processus patient,r_processuspatient
deverrouillage,cadenas r_processus patient,r_processuspatient
verrouillage,coffre r_processus patient,r_processuspatient
blocage,mecanisme r_processus patient,r_processuspatient
deblocage,systeme r_processus patient,r_processuspatient
demarrage,processus r_processus patient,r_processuspatient
lancement,programme r_processus patient,r_processuspatient
execution,script r_processus patient,r_processuspatient
interruption,processus r_processus patient,r_processuspatient
suspension,programme r_processus patient,r_processuspatient
reprise,processus r_processus patient,r_processuspatient
reinitialisation,appareil r_processus patient,r_processuspatient
formatage,disque r_processus patient,r_processuspatient
partitionnement,disque r_processus patient,r_processuspatient
clonage,disque r_processus patient,r_processuspatient
duplication,fichier r_processus patient,r_processuspatient
copie,document r_processus patient,r_processuspatient
deplacement,fichier r_processus patient,r_processuspatient
renommage,fichier r_processus patient,r_processuspatient
effacement,fichier r_processus patient,r_processuspatient
recuperation,fichier r_processus patient,r_processuspatient
restauration,systeme r_processus patient,r_processuspatient
reconstruction,fichier r_processus patient,r_processuspatient
reparation,systeme r_processus patient,r_processuspatient
optimisation,systeme r_processus patient,r_processuspatient
defragmentation,disque r_processus patient,r_processuspatient
nettoyage,disque r_processus patient,r_processuspatient
vidage,cache r_processus patient,r_processuspatient
purge,systeme r_processus patient,r_processuspatient
analyse,fichier r_processus patient,r_processuspatient
scan,document r_processus patient,r_processuspatient
numerisation,document r_processus patient,r_processuspatient
ocerisation,document r_processus patient,r_processuspatient
reconnaissance,texte r_processus patient,r_processuspatient
indexation,document r_processus patient,r_processuspatient
catalogage,livre r_processus patient,r_processuspatient
referencement,site r_processus patient,r_processuspatient
archivage,document r_processus patient,r_processuspatient
stockage,fichier r_processus patient,r_processuspatient
synchronisation,fichier r_processus patient,r_processuspatient
transfert,fichier r_processus patient,r_processuspatient
televersement,fichier r_processus patient,r_processuspatient
envoi,message r_processus patient,r_processuspatient
reception,message r_processus patient,r_processuspatient
diffusion,signal r_processus patient,r_processuspatient
emission,signal r_processus patient,r_processuspatient
amplification,signal r_processus patient,r_processuspatient
attenuation,signal r_processus patient,r_processuspatient
filtrage,signal r_processus patient,r_processuspatient
modulation,signal r_processus patient,r_processuspatient
demodulation,signal r_processus patient,r_processuspatient
encodage,message r_processus patient,r_processuspatient
decodage,message r_processus patient,r_processuspatient
cryptage,message r_processus patient,r_processuspatient
decryptage,message r_processus patient,r_processuspatient
hachage,fichier r_processus patient,r_processuspatient
signature,document r_processus patient,r_processuspatient
certification,document r_processus patient,r_processuspatient
verification,document r_processus patient,r_processuspatient
authentification,document r_processus patient,r_processuspatient
horodatage,document r_processus patient,r_processuspatient
ouverture,fenetre r_processus patient,r_processuspatient
fermeture,porte r_processus patient,r_processuspatient
installation,application r_processus patient,r_processuspatient
desinstallation,application r_processus patient,r_processuspatient
configuration,machine r_processus patient,r_processuspatient
initialisation,base r_processus patient,r_processuspatient
creation,table r_processus patient,r_processuspatient
suppression,table r_processus patient,r_processuspatient
modification,table r_processus patient,r_processuspatient
mise a jour,table r_processus patient,r_processuspatient
insertion,ligne r_processus patient,r_processuspatient
extraction,ligne r_processus patient,r_processuspatient
lecture,donnee r_processus patient,r_processuspatient
ecriture,donnee r_processus patient,r_processuspatient
correction,erreur r_processus patient,r_processuspatient
rectification,erreur r_processus patient,r_processuspatient
resolution,erreur r_processus patient,r_processuspatient
detection,erreur r_processus patient,r_processuspatient
identification,erreur r_processus patient,r_processuspatient
localisation,erreur r_processus patient,r_processuspatient
isolation,erreur r_processus patient,r_processuspatient
reproduction,erreur r_processus patient,r_processuspatient
documentation,erreur r_processus patient,r_processuspatient
compilation,source r_processus patient,r_processuspatient
interpretation,source r_processus patient,r_processuspatient
execution,commande r_processus patient,r_processuspatient
invocation,fonction r_processus patient,r_processuspatient
appel,methode r_processus patient,r_processuspatient
instanciation,classe r_processus patient,r_processuspatient
initialisation,variable r_processus patient,r_processuspatient
declaration,variable r_processus patient,r_processuspatient
affectation,variable r_processus patient,r_processuspatient
incrementation,variable r_processus patient,r_processuspatient
decrementation,variable r_processus patient,r_processuspatient
reinitialisation,variable r_processus patient,r_processuspatient
conversion,donnee r_processus patient,r_processuspatient
transformation,donnee r_processus patient,r_processuspatient
normalisation,donnee r_processus patient,r_processuspatient
standardisation,donnee r_processus patient,r_processuspatient
validation,donnee r_processus patient,r_processuspatient
sanitisation,donnee r_processus patient,r_processuspatient
sterilisation,surface r_processus patient,r_processuspatient
pasteurisation,substance r_processus patient,r_processuspatient
autoclavage,substance r_processus patient,r_processuspatient
ebullition,substance r_processus patient,r_processuspatient
chauffage,substance r_processus patient,r_processuspatient
refroidissement,substance r_processus patient,r_processuspatient
congelation,substance r_processus patient,r_processuspatient
decongelation,substance r_processus patient,r_processuspatient
surgelation,substance r_processus patient,r_processuspatient
cryogenisation,substance r_processus patient,r_processuspatient
atomisation,substance r_processus patient,r_processuspatient
nebulisation,substance r_processus patient,r_processuspatient
pulverisation,substance r_processus patient,r_processuspatient
vaporisation,substance r_processus patient,r_processuspatient
gazeification,substance r_processus patient,r_processuspatient
liquefaction,substance r_processus patient,r_processuspatient
solidification,substance r_processus patient,r_processuspatient
cristallisation,substance r_processus patient,r_processuspatient
recristallisation,substance r_processus patient,r_processuspatient
precipitation,substance r_processus patient,r_processuspatient
sedimentation,substance r_processus patient,r_processuspatient
centrifugation,substance r_processus patient,r_processuspatient
ultracentrifugation,substance r_processus patient,r_processuspatient
separation,substance r_processus patient,r_processuspatient
purification,substance r_processus patient,r_processuspatient
raffinage,substance r_processus patient,r_processuspatient
distillation,substance r_processus patient,r_processuspatient
rectification,substance r_processus patient,r_processuspatient
extraction,substance r_processus patient,r_processuspatient
lixiviation,substance r_processus patient,r_processuspatient
percolation,substance r_processus patient,r_processuspatient
maceration,substance r_processus patient,r_processuspatient
infusion,substance r_processus patient,r_processuspatient
decoction,substance r_processus patient,r_processuspatient
digestion,substance r_processus patient,r_processuspatient
hydrolyse,substance r_processus patient,r_processuspatient
oxydation,substance r_processus patient,r_processuspatient
brulage,dechet r_processus patient,r_processuspatient
combustion,matiere r_processus patient,r_processuspatient
calcination,mineral r_processus patient,r_processuspatient
torrefaction,cafe r_processus patient,r_processuspatient
grillage,viande r_processus patient,r_processuspatient
rotissage,poulet r_processus patient,r_processuspatient
braiser,legume r_processus patient,r_processuspatient
poelage,poisson r_processus patient,r_processuspatient
saute,crevette r_processus patient,r_processuspatient
blanchi,asperge r_processus patient,r_processuspatient
pochage,œuf r_processus patient,r_processuspatient
bouillir,pate r_processus patient,r_processuspatient
mijoter,ragout r_processus patient,r_processuspatient
reduire,sauce r_processus patient,r_processuspatient
flambage,crepe r_processus patient,r_processuspatient
caramelisation,sucre r_processus patient,r_processuspatient
confisage,fruit r_processus patient,r_processuspatient
candissage,ecorce r_processus patient,r_processuspatient
glacage,gateau r_processus patient,r_processuspatient
nappage,entremet r_processus patient,r_processuspatient
trempage,biscuit r_processus patient,r_processuspatient
imbibition,genoise r_processus patient,r_processuspatient
fourrage,patisserie r_processus patient,r_processuspatient
garnissage,tarte r_processus patient,r_processuspatient
montage,entremet r_processus patient,r_processuspatient
demoulage,gateau r_processus patient,r_processuspatient
refroidissement,preparation r_processus patient,r_processuspatient
surgelation,plat r_processus patient,r_processuspatient
rechauffage,repas r_processus patient,r_processuspatient
maintien,temperature r_processus patient,r_processuspatient
conservation,aliment r_processus patient,r_processuspatient
conditionnement,marchandise r_processus patient,r_processuspatient
ensachage,grain r_processus patient,r_processuspatient
mise en boite,conserve r_processus patient,r_processuspatient
mise en pot,confiture r_processus patient,r_processuspatient
mise en bouteille,vin r_processus patient,r_processuspatient
embouteillage,liquide r_processus patient,r_processuspatient
capsulage,bouteille r_processus patient,r_processuspatient
bouchage,flacon r_processus patient,r_processuspatient
etiquetage,produit r_processus patient,r_processuspatient
marquage,colis r_processus patient,r_processuspatient
codage,article r_processus patient,r_processuspatient
pesage,marchandise r_processus patient,r_processuspatient
mesure,quantite r_processus patient,r_processuspatient
comptage,piece r_processus patient,r_processuspatient
inventaire,stock r_processus patient,r_processuspatient
recensement,bien r_processus patient,r_processuspatient
evaluation,marchandise r_processus patient,r_processuspatient
estimation,valeur r_processus patient,r_processuspatient
cotation,produit r_processus patient,r_processuspatient
tarification,service r_processus patient,r_processuspatient
facturation,prestation r_processus patient,r_processuspatient
encaissement,paiement r_processus patient,r_processuspatient
perception,taxe r_processus patient,r_processuspatient
recouvrement,creance r_processus patient,r_processuspatient
remboursement,somme r_processus patient,r_processuspatient
versement,montant r_processus patient,r_processuspatient
paiement,facture r_processus patient,r_processuspatient
reglement,dette r_processus patient,r_processuspatient
acquittement,charge r_processus patient,r_processuspatient
prelevement,somme r_processus patient,r_processuspatient
retrait,argent r_processus patient,r_processuspatient
depot,espece r_processus patient,r_processuspatient
virement,fonds r_processus patient,r_processuspatient
transfert,montant r_processus patient,r_processuspatient
conversion,devise r_processus patient,r_processuspatient
change,monnaie r_processus patient,r_processuspatient
echange,billet r_processus patient,r_processuspatient
achat,marchandise r_processus patient,r_processuspatient
vente,produit r_processus patient,r_processuspatient
location,bien r_processus patient,r_processuspatient
credit,montant r_processus patient,r_processuspatient
debit,compte r_processus patient,r_processuspatient
inscription,ecriture r_processus patient,r_processuspatient
enregistrement,operation r_processus patient,r_processuspatient
comptabilisation,mouvement r_processus patient,r_processuspatient
saisie,donnee r_processus patient,r_processuspatient
report,information r_processus patient,r_processuspatient
transcription,texte r_processus patient,r_processuspatient
traduction,document r_processus patient,r_processuspatient
interpretation,texte r_processus patient,r_processuspatient
annotation,document r_processus patient,r_processuspatient
commentaire,texte r_processus patient,r_processuspatient
revision,document r_processus patient,r_processuspatient
relecture,texte r_processus patient,r_processuspatient
correction,epreuve r_processus patient,r_processuspatient
amendement,document r_processus patient,r_processuspatient
reformulation,phrase r_processus patient,r_processuspatient
reecriture,paragraphe r_processus patient,r_processuspatient
paraphrase,texte r_processus patient,r_processuspatient
resume,article r_processus patient,r_processuspatient
synthese,rapport r_processus patient,r_processuspatient
abregement,texte r_processus patient,r_processuspatient
expansion,note r_processus patient,r_processuspatient
developpement,idee r_processus patient,r_processuspatient
elaboration,concept r_processus patient,r_processuspatient
explicitation,notion r_processus patient,r_processuspatient
clarification,propos r_processus patient,r_processuspatient
simplification,texte r_processus patient,r_processuspatient
vulgarisation,concept r_processus patient,r_processuspatient
adaptation,texte r_processus patient,r_processuspatient
transposition,œuvre r_processus patient,r_processuspatient
redaction,rapport r_processus patient,r_processuspatient
composition,texte r_processus patient,r_processuspatient
confection,document r_processus patient,r_processuspatient
elaboration,dossier r_processus patient,r_processuspatient
preparation,document r_processus patient,r_processuspatient
mise en page,texte r_processus patient,r_processuspatient
mise en forme,document r_processus patient,r_processuspatient
formatage,texte r_processus patient,r_processuspatient
structuration,document r_processus patient,r_processuspatient
organisation,contenu r_processus patient,r_processuspatient
hierarchisation,information r_processus patient,r_processuspatient
ordonnancement,element r_processus patient,r_processuspatient
agencement,partie r_processus patient,r_processuspatient
disposition,section r_processus patient,r_processuspatient
repartition,contenu r_processus patient,r_processuspatient
distribution,element r_processus patient,r_processuspatient
allocation,ressource r_processus patient,r_processuspatient
attribution,tache r_processus patient,r_processuspatient
assignation,mission r_processus patient,r_processuspatient
affectation,poste r_processus patient,r_processuspatient
nomination,responsable r_processus patient,r_processuspatient
designation,representant r_processus patient,r_processuspatient
election,delegue r_processus patient,r_processuspatient
selection,candidat r_processus patient,r_processuspatient
choix,option r_processus patient,r_processuspatient
tri,element r_processus patient,r_processuspatient
filtrage,donnee r_processus patient,r_processuspatient
tamisage,matiere r_processus patient,r_processuspatient
criblage,grain r_processus patient,r_processuspatient
vannage,cereale r_processus patient,r_processuspatient
battage,ble r_processus patient,r_processuspatient
egrenage,mais r_processus patient,r_processuspatient
decorticage,noix r_processus patient,r_processuspatient
ecalage,graine r_processus patient,r_processuspatient
ecossage,pois r_processus patient,r_processuspatient
epluchage,fruit r_processus patient,r_processuspatient
pelage,pomme r_processus patient,r_processuspatient
mondage,amande r_processus patient,r_processuspatient
blanchiment,amande r_processus patient,r_processuspatient
emondage,arbre r_processus patient,r_processuspatient
ecimage,arbre r_processus patient,r_processuspatient
etetage,arbre r_processus patient,r_processuspatient
recepage,arbuste r_processus patient,r_processuspatient
rabattage,haie r_processus patient,r_processuspatient
taille,vigne r_processus patient,r_processuspatient
emondage,branche r_processus patient,r_processuspatient
eclaircissage,foret r_processus patient,r_processuspatient
ebranchage,tronc r_processus patient,r_processuspatient
ecorcage,tronc r_processus patient,r_processuspatient
debitage,bois r_processus patient,r_processuspatient
refente,planche r_processus patient,r_processuspatient
delignage,grume r_processus patient,r_processuspatient
equarrissage,tronc r_processus patient,r_processuspatient
corroyage,bois r_processus patient,r_processuspatient
degauchissage,planche r_processus patient,r_processuspatient
rabotage,surface r_processus patient,r_processuspatient
dressage,piece r_processus patient,r_processuspatient
aplanissement,surface r_processus patient,r_processuspatient
egalisation,niveau r_processus patient,r_processuspatient
uniformisation,surface r_processus patient,r_processuspatient
lissage,surface r_processus patient,r_processuspatient
polissage,surface r_processus patient,r_processuspatient
lustrage,surface r_processus patient,r_processuspatient
brillantage,surface r_processus patient,r_processuspatient
satinage,surface r_processus patient,r_processuspatient
glacage,surface r_processus patient,r_processuspatient
vernissage,surface r_processus patient,r_processuspatient
laquage,surface r_processus patient,r_processuspatient
emaillage,surface r_processus patient,r_processuspatient
vitrification,surface r_processus patient,r_processuspatient
ceramisation,surface r_processus patient,r_processuspatient
zingage,surface r_processus patient,r_processuspatient
chromage,surface r_processus patient,r_processuspatient
nickelage,surface r_processus patient,r_processuspatient
argenture,surface r_processus patient,r_processuspatient
dorure,surface r_processus patient,r_processuspatient
placage,surface r_processus patient,r_processuspatient
revetement,surface r_processus patient,r_processuspatient
enduction,surface r_processus patient,r_processuspatient
enrobage,surface r_processus patient,r_processuspatient
pelliculage,surface r_processus patient,r_processuspatient
laminage,surface r_processus patient,r_processuspatient
stratification,surface r_processus patient,r_processuspatient
feuilletage,pate r_processus patient,r_processuspatient
abaissement,pate r_processus patient,r_processuspatient
etalage,pate r_processus patient,r_processuspatient
etalement,pate r_processus patient,r_processuspatient
aplatissement,pate r_processus patient,r_processuspatient
detente,pate r_processus patient,r_processuspatient
repos,pate r_processus patient,r_processuspatient
pousse,pate r_processus patient,r_processuspatient
panification,pate r_processus patient,r_processuspatient
faconnage,pate r_processus patient,r_processuspatient
modelage,pate r_processus patient,r_processuspatient
moulage,pate r_processus patient,r_processuspatient
coulage,pate r_processus patient,r_processuspatient
versement,pate r_processus patient,r_processuspatient
enfournement,pate r_processus patient,r_processuspatient
defournement,pain r_processus patient,r_processuspatient
ressuage,pain r_processus patient,r_processuspatient
tranchage,pain r_processus patient,r_processuspatient
decoupe,pain r_processus patient,r_processuspatient
tartinage,pain r_processus patient,r_processuspatient
beurrure,pain r_processus patient,r_processuspatient
garniture,sandwich r_processus patient,r_processuspatient
confection,sandwich r_processus patient,r_processuspatient
preparation,repas r_processus patient,r_processuspatient
elaboration,menu r_processus patient,r_processuspatient
planification,repas r_processus patient,r_processuspatient
organisation,evenement r_processus patient,r_processuspatient
coordination,activite r_processus patient,r_processuspatient
gestion,projet r_processus patient,r_processuspatient
pilotage,projet r_processus patient,r_processuspatient
conduite,projet r_processus patient,r_processuspatient
direction,projet r_processus patient,r_processuspatient
supervision,projet r_processus patient,r_processuspatient
surveillance,projet r_processus patient,r_processuspatient
controle,projet r_processus patient,r_processuspatient
suivi,projet r_processus patient,r_processuspatient
monitoring,systeme r_processus patient,r_processuspatient
tracabilite,produit r_processus patient,r_processuspatient
pistage,colis r_processus patient,r_processuspatient
localisation,objet r_processus patient,r_processuspatient
geolocalisation,vehicule r_processus patient,r_processuspatient
reperage,position r_processus patient,r_processuspatient
balisage,zone r_processus patient,r_processuspatient
jalonnement,terrain r_processus patient,r_processuspatient
piquetage,terrain r_processus patient,r_processuspatient
arpentage,terrain r_processus patient,r_processuspatient
mesurage,terrain r_processus patient,r_processuspatient
bornage,terrain r_processus patient,r_processuspatient
delimitation,terrain r_processus patient,r_processuspatient
demarcation,zone r_processus patient,r_processuspatient
circonscription,zone r_processus patient,r_processuspatient
cloture,terrain r_processus patient,r_processuspatient
enclosure,terrain r_processus patient,r_processuspatient
grillage,terrain r_processus patient,r_processuspatient
palissade,terrain r_processus patient,r_processuspatient
murage,terrain r_processus patient,r_processuspatient
emmurement,ouverture r_processus patient,r_processuspatient
condamnation,ouverture r_processus patient,r_processuspatient
scellement,ouverture r_processus patient,r_processuspatient
obstruction,passage r_processus patient,r_processuspatient
barrage,route r_processus patient,r_processuspatient
blocage,route r_processus patient,r_processuspatient
fermeture,route r_processus patient,r_processuspatient
interdiction,acces r_processus patient,r_processuspatient
restriction,acces r_processus patient,r_processuspatient
limitation,acces r_processus patient,r_processuspatient
controle,acces r_processus patient,r_processuspatient
filtrage,acces r_processus patient,r_processuspatient
securisation,acces r_processus patient,r_processuspatient
protection,acces r_processus patient,r_processuspatient
gardiennage,site r_processus patient,r_processuspatient
surveillance,site r_processus patient,r_processuspatient
videosurveillance,site r_processus patient,r_processuspatient
telesurveillance,site r_processus patient,r_processuspatient
alarme,site r_processus patient,r_processuspatient
detection,intrusion r_processus patient,r_processuspatient
signalement,intrusion r_processus patient,r_processuspatient
alerte,intrusion r_processus patient,r_processuspatient
avertissement,danger r_processus patient,r_processuspatient
notification,evenement r_processus patient,r_processuspatient
communication,information r_processus patient,r_processuspatient
transmission,information r_processus patient,r_processuspatient
diffusion,information r_processus patient,r_processuspatient
propagation,information r_processus patient,r_processuspatient
divulgation,information r_processus patient,r_processuspatient
revelation,information r_processus patient,r_processuspatient
publication,information r_processus patient,r_processuspatient
edition,livre r_processus patient,r_processuspatient
impression,livre r_processus patient,r_processuspatient
tirage,livre r_processus patient,r_processuspatient
reliure,livre r_processus patient,r_processuspatient
brochage,livre r_processus patient,r_processuspatient
massicotage,livre r_processus patient,r_processuspatient
rognage,livre r_processus patient,r_processuspatient
decoupe,livre r_processus patient,r_processuspatient
pelliculage,couverture r_processus patient,r_processuspatient
plastification,document r_processus patient,r_processuspatient
contrecollage,affiche r_processus patient,r_processuspatient
encadrement,affiche r_processus patient,r_processuspatient
montage,affiche r_processus patient,r_processuspatient
pose,affiche r_processus patient,r_processuspatient
collage,affiche r_processus patient,r_processuspatient
placardage,affiche r_processus patient,r_processuspatient
affichage,annonce r_processus patient,r_processuspatient
publication,annonce r_processus patient,r_processuspatient
insertion,annonce r_processus patient,r_processuspatient
parution,article r_processus patient,r_processuspatient
diffusion,journal r_processus patient,r_processuspatient
distribution,journal r_processus patient,r_processuspatient
livraison,journal r_processus patient,r_processuspatient
portage,journal r_processus patient,r_processuspatient
acheminement,courrier r_processus patient,r_processuspatient
portrait,picasso r_product_of,r_product_of
sculpture,rodin r_product_of,r_product_of
peinture,monet r_product_of,r_product_of
fresque,michel ange r_product_of,r_product_of
tableau,rembrandt r_product_of,r_product_of
œuvre,leonard r_product_of,r_product_of
dessin,matisse r_product_of,r_product_of
gravure,durer r_product_of,r_product_of
statue,phidias r_product_of,r_product_of
bas relief,ghiberti r_product_of,r_product_of
toile,cezanne r_product_of,r_product_of
aquarelle,turner r_product_of,r_product_of
esquisse,degas r_product_of,r_product_of
pochoir,banksy r_product_of,r_product_of
collage,braque r_product_of,r_product_of
assemblage,duchamp r_product_of,r_product_of
installation,christo r_product_of,r_product_of
performance,abramovic r_product_of,r_product_of
photographie,cartier bresson r_product_of,r_product_of
cliche,doisneau r_product_of,r_product_of
tirage,adams r_product_of,r_product_of
portrait,nadar r_product_of,r_product_of
film,kubrick r_product_of,r_product_of
long metrage,truffaut r_product_of,r_product_of
court metrage,melies r_product_of,r_product_of
documentaire,herzog r_product_of,r_product_of
western,leone r_product_of,r_product_of
thriller,hitchcock r_product_of,r_product_of
comedie,chaplin r_product_of,r_product_of
drame,bergman r_product_of,r_product_of
animation,miyazaki r_product_of,r_product_of
dessin anime,disney r_product_of,r_product_of
serie,lynch r_product_of,r_product_of
clip,gondry r_product_of,r_product_of
video,cunningham r_product_of,r_product_of
roman,balzac r_product_of,r_product_of
nouvelle,maupassant r_product_of,r_product_of
recit,proust r_product_of,r_product_of
conte,perrault r_product_of,r_product_of
fable,la fontaine r_product_of,r_product_of
poeme,baudelaire r_product_of,r_product_of
sonnet,shakespeare r_product_of,r_product_of
ode,ronsard r_product_of,r_product_of
elegie,chenier r_product_of,r_product_of
ballade,villon r_product_of,r_product_of
vers,verlaine r_product_of,r_product_of
strophe,hugo r_product_of,r_product_of
essai,montaigne r_product_of,r_product_of
traite,rousseau r_product_of,r_product_of
pamphlet,voltaire r_product_of,r_product_of
manifeste,breton r_product_of,r_product_of
discours,ciceron r_product_of,r_product_of
plaidoyer,demosthene r_product_of,r_product_of
oraison,bossuet r_product_of,r_product_of
sermon,massillon r_product_of,r_product_of
theatre,moliere r_product_of,r_product_of
tragedie,racine r_product_of,r_product_of
comedie,beaumarchais r_product_of,r_product_of
drame,corneille r_product_of,r_product_of
farce,feydeau r_product_of,r_product_of
vaudeville,labiche r_product_of,r_product_of
piece,ionesco r_product_of,r_product_of
sketch,coluche r_product_of,r_product_of
monologue,devos r_product_of,r_product_of
spectacle,bourvil r_product_of,r_product_of
opera,verdi r_product_of,r_product_of
operette,offenbach r_product_of,r_product_of
oratorio,haendel r_product_of,r_product_of
cantate,bach r_product_of,r_product_of
messe,mozart r_product_of,r_product_of
requiem,faure r_product_of,r_product_of
symphonie,beethoven r_product_of,r_product_of
concerto,vivaldi r_product_of,r_product_of
sonate,scarlatti r_product_of,r_product_of
fugue,bach r_product_of,r_product_of
prelude,chopin r_product_of,r_product_of
etude,liszt r_product_of,r_product_of
nocturne,field r_product_of,r_product_of
ballade,brahms r_product_of,r_product_of
rhapsodie,gershwin r_product_of,r_product_of
impromptu,schubert r_product_of,r_product_of
fantaisie,schumann r_product_of,r_product_of
caprice,paganini r_product_of,r_product_of
mazurka,chopin r_product_of,r_product_of
valse,strauss r_product_of,r_product_of
polka,smetana r_product_of,r_product_of
bolero,ravel r_product_of,r_product_of
tango,piazzolla r_product_of,r_product_of
jazz,armstrong r_product_of,r_product_of
blues,king r_product_of,r_product_of
rock,presley r_product_of,r_product_of
soul,franklin r_product_of,r_product_of
funk,brown r_product_of,r_product_of
disco,summer r_product_of,r_product_of
rap,tupac r_product_of,r_product_of
hip hop,grandmaster r_product_of,r_product_of
reggae,marley r_product_of,r_product_of
ska,perry r_product_of,r_product_of
punk,ramones r_product_of,r_product_of
metal,sabbath r_product_of,r_product_of
grunge,cobain r_product_of,r_product_of
folk,dylan r_product_of,r_product_of
country,cash r_product_of,r_product_of
gospel,jackson r_product_of,r_product_of
spiritual,anderson r_product_of,r_product_of
chanson,brel r_product_of,r_product_of
melodie,brassens r_product_of,r_product_of
titre,gainsbourg r_product_of,r_product_of
single,piaf r_product_of,r_product_of
album,bowie r_product_of,r_product_of
disque,beatles r_product_of,r_product_of
compilation,presley r_product_of,r_product_of
remix,moroder r_product_of,r_product_of
morceau,hendrix r_product_of,r_product_of
composition,debussy r_product_of,r_product_of
arrangement,evans r_product_of,r_product_of
orchestration,stravinsky r_product_of,r_product_of
partition,satie r_product_of,r_product_of
musique,williams r_product_of,r_product_of
bande son,morricone r_product_of,r_product_of
theme,mancini r_product_of,r_product_of
generique,legrand r_product_of,r_product_of
ballet,tchaikovski r_product_of,r_product_of
choregraphie,balanchine r_product_of,r_product_of
danse,graham r_product_of,r_product_of
numero,astaire r_product_of,r_product_of
cascade,chan r_product_of,r_product_of
exploit,phelps r_product_of,r_product_of
record,bolt r_product_of,r_product_of
performance,jordan r_product_of,r_product_of
victoire,ali r_product_of,r_product_of
triomphe,nadal r_product_of,r_product_of
medaille,phelps r_product_of,r_product_of
titre,federer r_product_of,r_product_of
trophee,messi r_product_of,r_product_of
coupe,pele r_product_of,r_product_of
decouverte,curie r_product_of,r_product_of
invention,edison r_product_of,r_product_of
theorie,einstein r_product_of,r_product_of
loi,newton r_product_of,r_product_of
principe,archimede r_product_of,r_product_of
theoreme,pythagore r_product_of,r_product_of
postulat,euclide r_product_of,r_product_of
axiome,peano r_product_of,r_product_of
conjecture,fermat r_product_of,r_product_of
hypothese,riemann r_product_of,r_product_of
equation,schrodinger r_product_of,r_product_of
formule,maxwell r_product_of,r_product_of
modele,bohr r_product_of,r_product_of
paradoxe,zenon r_product_of,r_product_of
experience,galilee r_product_of,r_product_of
observation,hubble r_product_of,r_product_of
mesure,planck r_product_of,r_product_of
calcul,leibniz r_product_of,r_product_of
demonstration,godel r_product_of,r_product_of
preuve,wiles r_product_of,r_product_of
solution,nash r_product_of,r_product_of
algorithme,dijkstra r_product_of,r_product_of
methode,gauss r_product_of,r_product_of
transformation,fourier r_product_of,r_product_of
fonction,dirac r_product_of,r_product_of
constante,boltzmann r_product_of,r_product_of
nombre,avogadro r_product_of,r_product_of
tableau,mendeleiev r_product_of,r_product_of
classification,linne r_product_of,r_product_of
nomenclature,lavoisier r_product_of,r_product_of
systeme,copernic r_product_of,r_product_of
modele,ptolemee r_product_of,r_product_of
cosmologie,hawking r_product_of,r_product_of
univers,lemaitre r_product_of,r_product_of
geometrie,lobatchevski r_product_of,r_product_of
espace,hilbert r_product_of,r_product_of
ensemble,cantor r_product_of,r_product_of
groupe,galois r_product_of,r_product_of
anneau,noether r_product_of,r_product_of
corps,grothendieck r_product_of,r_product_of
topologie,poincare r_product_of,r_product_of
variete,riemann r_product_of,r_product_of
tenseur,ricci r_product_of,r_product_of
matrice,pauli r_product_of,r_product_of
operateur,laplace r_product_of,r_product_of
integrale,lebesgue r_product_of,r_product_of
derivee,cauchy r_product_of,r_product_of
limite,weierstrass r_product_of,r_product_of
serie,taylor r_product_of,r_product_of
developpement,maclaurin r_product_of,r_product_of
fraction,farey r_product_of,r_product_of
suite,fibonacci r_product_of,r_product_of
spirale,archimede r_product_of,r_product_of
courbe,bezier r_product_of,r_product_of
fractale,mandelbrot r_product_of,r_product_of
attracteur,lorenz r_product_of,r_product_of
chaos,poincare r_product_of,r_product_of
theorie,darwin r_product_of,r_product_of
selection,wallace r_product_of,r_product_of
evolution,lamarck r_product_of,r_product_of
heredite,mendel r_product_of,r_product_of
gene,morgan r_product_of,r_product_of
chromosome,flemming r_product_of,r_product_of
cellule,schwann r_product_of,r_product_of
bacterie,koch r_product_of,r_product_of
virus,pasteur r_product_of,r_product_of
vaccin,jenner r_product_of,r_product_of
antibiotique,fleming r_product_of,r_product_of
penicilline,chain r_product_of,r_product_of
serum,behring r_product_of,r_product_of
antitoxine,roux r_product_of,r_product_of
remede,paracelse r_product_of,r_product_of
traitement,freud r_product_of,r_product_of
cure,charcot r_product_of,r_product_of
therapie,jung r_product_of,r_product_of
psychanalyse,lacan r_product_of,r_product_of
diagnostic,hippocrate r_product_of,r_product_of
syndrome,asperger r_product_of,r_product_of
maladie,parkinson r_product_of,r_product_of
mal,alzheimer r_product_of,r_product_of
trouble,tourette r_product_of,r_product_of
prototype,ford r_product_of,r_product_of
modele,tesla r_product_of,r_product_of
moteur,diesel r_product_of,r_product_of
turbine,parsons r_product_of,r_product_of
machine,watt r_product_of,r_product_of
locomotive,stephenson r_product_of,r_product_of
avion,wright r_product_of,r_product_of
helicoptere,sikorsky r_product_of,r_product_of
fusee,goddard r_product_of,r_product_of
satellite,spoutnik r_product_of,r_product_of
navette,nasa r_product_of,r_product_of
telescope,hubble r_product_of,r_product_of
microscope,leeuwenhoek r_product_of,r_product_of
lunette,galilee r_product_of,r_product_of
telegraphe,morse r_product_of,r_product_of
telephone,bell r_product_of,r_product_of
phonographe,edison r_product_of,r_product_of
gramophone,berliner r_product_of,r_product_of
radio,marconi r_product_of,r_product_of
television,baird r_product_of,r_product_of
ordinateur,turing r_product_of,r_product_of
calculateur,babbage r_product_of,r_product_of
transistor,bardeen r_product_of,r_product_of
circuit,kilby r_product_of,r_product_of
puce,noyce r_product_of,r_product_of
microprocesseur,intel r_product_of,r_product_of
systeme,gates r_product_of,r_product_of
interface,jobs r_product_of,r_product_of
algorithme,page r_product_of,r_product_of
moteur,brin r_product_of,r_product_of
reseau,berners lee r_product_of,r_product_of
protocole,cerf r_product_of,r_product_of
architecture,von neumann r_product_of,r_product_of
code,turing r_product_of,r_product_of
langage,backus r_product_of,r_product_of
programmation,knuth r_product_of,r_product_of
compilation,hopper r_product_of,r_product_of
systeme,torvalds r_product_of,r_product_of
noyau,stallman r_product_of,r_product_of
logiciel,ritchie r_product_of,r_product_of
unix,thompson r_product_of,r_product_of
base,codd r_product_of,r_product_of
modele,chen r_product_of,r_product_of
cryptographie,rivest r_product_of,r_product_of
chiffrement,diffie r_product_of,r_product_of
signature,merkle r_product_of,r_product_of
blockchain,nakamoto r_product_of,r_product_of
bitcoin,satoshi r_product_of,r_product_of
architecture,gaudi r_product_of,r_product_of
cathedrale,brunelleschi r_product_of,r_product_of
dome,mansart r_product_of,r_product_of
palais,le vau r_product_of,r_product_of
chateau,chambord r_product_of,r_product_of
tour,eiffel r_product_of,r_product_of
pont,roebling r_product_of,r_product_of
viaduc,eiffel r_product_of,r_product_of
gratte ciel,wright r_product_of,r_product_of
building,mies r_product_of,r_product_of
structure,calatrava r_product_of,r_product_of
musee,gehry r_product_of,r_product_of
opera,garnier r_product_of,r_product_of
bibliotheque,labrouste r_product_of,r_product_of
gare,dutert r_product_of,r_product_of
halle,baltard r_product_of,r_product_of
marche,horta r_product_of,r_product_of
jardin,le notre r_product_of,r_product_of
parc,olmsted r_product_of,r_product_of
paysage,capability brown r_product_of,r_product_of
plan,haussmann r_product_of,r_product_of
urbanisme,le corbusier r_product_of,r_product_of
cite,howard r_product_of,r_product_of
quartier,patte r_product_of,r_product_of
avenue,alphand r_product_of,r_product_of
boulevard,hittorff r_product_of,r_product_of
place,hardouin mansart r_product_of,r_product_of
fontaine,bernini r_product_of,r_product_of
obelisque,champollion r_product_of,r_product_of
colonne,trajan r_product_of,r_product_of
arc,chalgrin r_product_of,r_product_of
monument,bartholdi r_product_of,r_product_of
memorial,lin r_product_of,r_product_of
cenotaphe,lutyens r_product_of,r_product_of
tombe,imhotep r_product_of,r_product_of
pyramide,kheops r_product_of,r_product_of
sphinx,khephren r_product_of,r_product_of
temple,pericles r_product_of,r_product_of
parthenon,ictinos r_product_of,r_product_of
colisee,vespasien r_product_of,r_product_of
pantheon,agrippa r_product_of,r_product_of
forum,cesar r_product_of,r_product_of
basilique,constantin r_product_of,r_product_of
aqueduc,segovia r_product_of,r_product_of
thermes,caracalla r_product_of,r_product_of
villa,palladio r_product_of,r_product_of
palazzo,alberti r_product_of,r_product_of
loggia,brunelleschi r_product_of,r_product_of
chapelle,michel ange r_product_of,r_product_of
coupole,bramante r_product_of,r_product_of
facade,della porta r_product_of,r_product_of
escalier,borromini r_product_of,r_product_of
galerie,mansart r_product_of,r_product_of
salon,le brun r_product_of,r_product_of
decor,boucher r_product_of,r_product_of
tapisserie,le brun r_product_of,r_product_of
carton,raphael r_product_of,r_product_of
vitrail,chagall r_product_of,r_product_of
mosaique,klimt r_product_of,r_product_of
fresque,giotto r_product_of,r_product_of
retable,van eyck r_product_of,r_product_of
polyptyque,bosch r_product_of,r_product_of
triptyque,rubens r_product_of,r_product_of
diptyque,memling r_product_of,r_product_of
icone,roublev r_product_of,r_product_of
enluminure,limbourg r_product_of,r_product_of
miniature,fouquet r_product_of,r_product_of
manuscrit,alcuin r_product_of,r_product_of
codex,vinci r_product_of,r_product_of
grimoire,tritheme r_product_of,r_product_of
parchemin,copiste r_product_of,r_product_of
incunable,gutenberg r_product_of,r_product_of
bible,luther r_product_of,r_product_of
encyclopedie,diderot r_product_of,r_product_of
dictionnaire,littre r_product_of,r_product_of
atlas,mercator r_product_of,r_product_of
carte,cassini r_product_of,r_product_of
globe,coronelli r_product_of,r_product_of
planisphere,waldseemuller r_product_of,r_product_of
portulan,dulcert r_product_of,r_product_of
cadastre,bertier r_product_of,r_product_of
œuvre,renaissance r_product_of,r_product_of
peinture,joconde r_product_of,r_product_of
sculpture,pieta r_product_of,r_product_of
fresque,sixtine r_product_of,r_product_of
tableau,cene r_product_of,r_product_of
portrait,joconde r_product_of,r_product_of
statue,liberte r_product_of,r_product_of
monument,bastille r_product_of,r_product_of
cathedrale,sagrada familia r_product_of,r_product_of
tour,tour eiffel r_product_of,r_product_of
palais,versailles r_product_of,r_product_of
chateau,loire r_product_of,r_product_of
basilique,saint pierre r_product_of,r_product_of
chapelle,sixtine r_product_of,r_product_of
eglise,madeleine r_product_of,r_product_of
mosquee,mecque r_product_of,r_product_of
temple,concorde r_product_of,r_product_of
pyramide,gizeh r_product_of,r_product_of
sphinx,gizeh r_product_of,r_product_of
colonne,vendome r_product_of,r_product_of
arc,defense r_product_of,r_product_of
obelisque,concorde r_product_of,r_product_of
fontaine,trevi r_product_of,r_product_of
pont,concorde r_product_of,r_product_of
viaduc,millau r_product_of,r_product_of
aqueduc,pont du gard r_product_of,r_product_of
colisee,rome r_product_of,r_product_of
forum,rome r_product_of,r_product_of
acropole,athenes r_product_of,r_product_of
parthenon,grece r_product_of,r_product_of
villa,rotonde r_product_of,r_product_of
palais,alhambra r_product_of,r_product_of
forteresse,bastille r_product_of,r_product_of
citadelle,carcassonne r_product_of,r_product_of
rempart,jericho r_product_of,r_product_of
muraille,chine r_product_of,r_product_of
enceinte,avignon r_product_of,r_product_of
donjon,vincennes r_product_of,r_product_of
beffroi,bruges r_product_of,r_product_of
campanile,venise r_product_of,r_product_of
clocher,notre dame r_product_of,r_product_of
fleche,sainte chapelle r_product_of,r_product_of
dome,florence r_product_of,r_product_of
coupole,saint pierre r_product_of,r_product_of
voute,sainte chapelle r_product_of,r_product_of
nef,notre dame r_product_of,r_product_of
chœur,chartres r_product_of,r_product_of
abside,saint sernin r_product_of,r_product_of
transept,cluny r_product_of,r_product_of
portail,notre dame r_product_of,r_product_of
porche,vezelay r_product_of,r_product_of
tympan,moissac r_product_of,r_product_of
rosace,notre dame r_product_of,r_product_of
vitrail,chartres r_product_of,r_product_of
verriere,sainte chapelle r_product_of,r_product_of
mosaique,ravenne r_product_of,r_product_of
tapisserie,bayeux r_product_of,r_product_of
tenture,apocalypse r_product_of,r_product_of
retable,gand r_product_of,r_product_of
triptyque,portinari r_product_of,r_product_of
polyptyque,agneau r_product_of,r_product_of
icone,trinite r_product_of,r_product_of
miniature,heures r_product_of,r_product_of
manuscrit,kells r_product_of,r_product_of
codex,atlanticus r_product_of,r_product_of
parchemin,chancery r_product_of,r_product_of
bible,gutenberg r_product_of,r_product_of
evangile,lindisfarne r_product_of,r_product_of
psautier,utrecht r_product_of,r_product_of
missel,rome r_product_of,r_product_of
breviaire,belleville r_product_of,r_product_of
livre d heures,bedford r_product_of,r_product_of
dictionnaire,academie r_product_of,r_product_of
atlas,blaeu r_product_of,r_product_of
cadastre,napoleon r_product_of,r_product_of
plan,paris r_product_of,r_product_of
vue,venise r_product_of,r_product_of
panorama,rome r_product_of,r_product_of
perspective,florence r_product_of,r_product_of
dessin,vinci r_product_of,r_product_of
croquis,michel ange r_product_of,r_product_of
esquisse,raphael r_product_of,r_product_of
etude,titien r_product_of,r_product_of
ebauche,rubens r_product_of,r_product_of
eau forte,rembrandt r_product_of,r_product_of
burin,callot r_product_of,r_product_of
pointe seche,piranese r_product_of,r_product_of
lithographie,daumier r_product_of,r_product_of
serigraphie,warhol r_product_of,r_product_of
linogravure,matisse r_product_of,r_product_of
xylographie,hokusai r_product_of,r_product_of
estampe,utamaro r_product_of,r_product_of
affiche,toulouse lautrec r_product_of,r_product_of
poster,mucha r_product_of,r_product_of
chromolithographie,cheret r_product_of,r_product_of
photographie,nadar r_product_of,r_product_of
daguerreotype,daguerre r_product_of,r_product_of
calotype,talbot r_product_of,r_product_of
ambrotype,archer r_product_of,r_product_of
ferrotype,smith r_product_of,r_product_of
cyanotype,herschel r_product_of,r_product_of
heliographie,niepce r_product_of,r_product_of
photogravure,talbot r_product_of,r_product_of
collodion,scott r_product_of,r_product_of
gelatine,maddox r_product_of,r_product_of
bromure,eastman r_product_of,r_product_of
plaque,lumiere r_product_of,r_product_of
negatif,kodak r_product_of,r_product_of
pellicule,eastman r_product_of,r_product_of
film,pathe r_product_of,r_product_of
bobine,gaumont r_product_of,r_product_of
bande,edison r_product_of,r_product_of
long metrage,griffith r_product_of,r_product_of
documentaire,flaherty r_product_of,r_product_of
actualites,pathe r_product_of,r_product_of
journal,gaumont r_product_of,r_product_of
cinematographe,lumiere r_product_of,r_product_of
kinetoscope,edison r_product_of,r_product_of
graphophone,bell r_product_of,r_product_of
cylindre,edison r_product_of,r_product_of
disque,berliner r_product_of,r_product_of
tours,columbia r_product_of,r_product_of
tours,rca r_product_of,r_product_of
microsillon,goldmark r_product_of,r_product_of
vinyle,rca r_product_of,r_product_of
stereo,blumlein r_product_of,r_product_of
quadriphonie,sansui r_product_of,r_product_of
cassette,philips r_product_of,r_product_of
cartouche,fidelipac r_product_of,r_product_of
bande,basf r_product_of,r_product_of
magnetophone,aeg r_product_of,r_product_of
magnetoscope,ampex r_product_of,r_product_of
videocassette,jvc r_product_of,r_product_of
vhs,jvc r_product_of,r_product_of
betamax,sony r_product_of,r_product_of
video,philips r_product_of,r_product_of
laserdisc,philips r_product_of,r_product_of
cd,philips r_product_of,r_product_of
dvd,sony r_product_of,r_product_of
blu ray,sony r_product_of,r_product_of
disquette,ibm r_product_of,r_product_of
disque dur,ibm r_product_of,r_product_of
cle usb,ibm r_product_of,r_product_of
carte sd,panasonic r_product_of,r_product_of
memoire flash,toshiba r_product_of,r_product_of
ssd,samsung r_product_of,r_product_of
processeur,intel r_product_of,r_product_of
puce,intel r_product_of,r_product_of
circuit,fairchild r_product_of,r_product_of
transistor,bell r_product_of,r_product_of
tube,de forest r_product_of,r_product_of
diode,fleming r_product_of,r_product_of
triode,de forest r_product_of,r_product_of
pentode,philips r_product_of,r_product_of
magnetron,raytheon r_product_of,r_product_of
klystron,varian r_product_of,r_product_of
thyratron,general electric r_product_of,r_product_of
oscilloscope,tektronix r_product_of,r_product_of
voltmetre,fluke r_product_of,r_product_of
amperemetre,metrix r_product_of,r_product_of
ohmmetre,chauvin r_product_of,r_product_of
multimetre,keithley r_product_of,r_product_of
oscillateur,hewlett packard r_product_of,r_product_of
generateur,agilent r_product_of,r_product_of
alimentation,lambda r_product_of,r_product_of
transformateur,legrand r_product_of,r_product_of
condensateur,sprague r_product_of,r_product_of
resistance,vishay r_product_of,r_product_of
bobine,coilcraft r_product_of,r_product_of
relais,omron r_product_of,r_product_of
contacteur,schneider r_product_of,r_product_of
disjoncteur,merlin gerin r_product_of,r_product_of
interrupteur,legrand r_product_of,r_product_of
commutateur,alps r_product_of,r_product_of
bouton poussoir,marquardt r_product_of,r_product_of
potentiometre,bourns r_product_of,r_product_of
encodeur,bourns r_product_of,r_product_of
connecteur,molex r_product_of,r_product_of
prise,amphenol r_product_of,r_product_of
fiche,neutrik r_product_of,r_product_of
jack,switchcraft r_product_of,r_product_of
xlr,cannon r_product_of,r_product_of
rca,radio corporation r_product_of,r_product_of
din,deutsches institut r_product_of,r_product_of
scart,peritel r_product_of,r_product_of
hdmi,hitachi r_product_of,r_product_of
displayport,vesa r_product_of,r_product_of
usb,intel r_product_of,r_product_of
firewire,apple r_product_of,r_product_of
thunderbolt,intel r_product_of,r_product_of
ethernet,xerox r_product_of,r_product_of
wi fi,ieee r_product_of,r_product_of
bluetooth,ericsson r_product_of,r_product_of
nfc,sony r_product_of,r_product_of
rfid,auto id r_product_of,r_product_of
gps,navstar r_product_of,r_product_of
galileo,union europeenne r_product_of,r_product_of
glonass,russie r_product_of,r_product_of
beidou,chine r_product_of,r_product_of
telescripteur,baudot r_product_of,r_product_of
telex,western union r_product_of,r_product_of
fax,bain r_product_of,r_product_of
modem,bell r_product_of,r_product_of
minitel,france telecom r_product_of,r_product_of
telecopie,xerox r_product_of,r_product_of
teleimprimeur,teletype r_product_of,r_product_of
televiseur,rca r_product_of,r_product_of
ecran,sony r_product_of,r_product_of
tube cathodique,braun r_product_of,r_product_of
lcd,sharp r_product_of,r_product_of
led,samsung r_product_of,r_product_of
oled,lg r_product_of,r_product_of
plasma,fujitsu r_product_of,r_product_of
projecteur,epson r_product_of,r_product_of
retroprojecteur,m r_product_of,r_product_of
camera,kodak r_product_of,r_product_of
appareil photo,leica r_product_of,r_product_of
reflex,canon r_product_of,r_product_of
compact,olympus r_product_of,r_product_of
bridge,fujifilm r_product_of,r_product_of
hybride,sony r_product_of,r_product_of
numerique,nikon r_product_of,r_product_of
argentique,pentax r_product_of,r_product_of
instantane,polaroid r_product_of,r_product_of
objectif,zeiss r_product_of,r_product_of
zoom,tamron r_product_of,r_product_of
focale,sigma r_product_of,r_product_of
grand angle,tokina r_product_of,r_product_of
teleobjectif,nikon r_product_of,r_product_of
macro,canon r_product_of,r_product_of
fish eye,samyang r_product_of,r_product_of
tilt shift,canon r_product_of,r_product_of
filtre,hoya r_product_of,r_product_of
polarisant,b w r_product_of,r_product_of
uv,tiffen r_product_of,r_product_of
nd,lee r_product_of,r_product_of
flash,nikon r_product_of,r_product_of
stroboscope,profoto r_product_of,r_product_of
torche,godox r_product_of,r_product_of
softbox,westcott r_product_of,r_product_of
parapluie,lastolite r_product_of,r_product_of
reflecteur,phottix r_product_of,r_product_of
diffuseur,gary fong r_product_of,r_product_of
trepied,manfrotto r_product_of,r_product_of
monopode,gitzo r_product_of,r_product_of
rotule,arca swiss r_product_of,r_product_of
stabilisateur,dji r_product_of,r_product_of
gimbal,zhiyun r_product_of,r_product_of
steadicam,tiffen r_product_of,r_product_of
drone,dji r_product_of,r_product_of
quadricoptere,parrot r_product_of,r_product_of
helicoptere,bell r_product_of,r_product_of
avion,boeing r_product_of,r_product_of
jet,dassault r_product_of,r_product_of
fusee,spacex r_product_of,r_product_of
lanceur,ariane r_product_of,r_product_of
sonde,voyager r_product_of,r_product_of
rover,curiosity r_product_of,r_product_of
module,apollo r_product_of,r_product_of
capsule,soyouz r_product_of,r_product_of
vaisseau,dragon r_product_of,r_product_of
navette,columbia r_product_of,r_product_of
station,iss r_product_of,r_product_of
microscope,zeiss r_product_of,r_product_of
spectroscope,bunsen r_product_of,r_product_of
chromatographe,agilent r_product_of,r_product_of
spectrometre,bruker r_product_of,r_product_of
diffractometre,rigaku r_product_of,r_product_of
resonance,varian r_product_of,r_product_of
sequenceur,illumina r_product_of,r_product_of
pcr,bio rad r_product_of,r_product_of
electrophorese,pharmacia r_product_of,r_product_of
centrifugeuse,beckman r_product_of,r_product_of
ultracentrifugeuse,spinco r_product_of,r_product_of
autoclave,tuttnauer r_product_of,r_product_of
etuve,memmert r_product_of,r_product_of
incubateur,heraeus r_product_of,r_product_of
fermenteur,sartorius r_product_of,r_product_of
bioreacteur,new brunswick r_product_of,r_product_of
cryostat,leica r_product_of,r_product_of
microtome,reichert r_product_of,r_product_of
ultramicrotome,lkb r_product_of,r_product_of
congelateur,thermo r_product_of,r_product_of
refrigerateur,liebherr r_product_of,r_product_of
surgelateur,haier r_product_of,r_product_of
glaciere,igloo r_product_of,r_product_of
isotherme,coleman r_product_of,r_product_of
thermos,stanley r_product_of,r_product_of
gourde,nalgene r_product_of,r_product_of
bidon,camelbak r_product_of,r_product_of
bouteille,evian r_product_of,r_product_of
canette,coca cola r_product_of,r_product_of
brique,tetra pak r_product_of,r_product_of
carton,smurfit r_product_of,r_product_of
emballage,ball r_product_of,r_product_of
conditionnement,crown r_product_of,r_product_of
bocal,le parfait r_product_of,r_product_of
conserve,bonduelle r_product_of,r_product_of
boite,campbell r_product_of,r_product_of
œuvre,picasso r_product_of,r_product_of
portrait,rembrandt r_product_of,r_product_of
tableau,cezanne r_product_of,r_product_of
toile,van gogh r_product_of,r_product_of
epopee,homere r_product_of,r_product_of
iliade,homere r_product_of,r_product_of
odyssee,homere r_product_of,r_product_of
eneide,virgile r_product_of,r_product_of
divine comedie,dante r_product_of,r_product_of
paradis perdu,milton r_product_of,r_product_of
chanson de geste,roland r_product_of,r_product_of
chanson de roland,turold r_product_of,r_product_of
decameron,boccace r_product_of,r_product_of
cantorbery,chaucer r_product_of,r_product_of
don quichotte,cervantes r_product_of,r_product_of
gargantua,rabelais r_product_of,r_product_of
pantagruel,rabelais r_product_of,r_product_of
faust,goethe r_product_of,r_product_of
werther,goethe r_product_of,r_product_of
candide,voltaire r_product_of,r_product_of
zadig,voltaire r_product_of,r_product_of
micromegas,voltaire r_product_of,r_product_of
lettres persanes,montesquieu r_product_of,r_product_of
nouvelle heloise,rousseau r_product_of,r_product_of
emile,rousseau r_product_of,r_product_of
contrat social,rousseau r_product_of,r_product_of
esprit des lois,montesquieu r_product_of,r_product_of
prince,machiavel r_product_of,r_product_of
utopie,more r_product_of,r_product_of
republique,platon r_product_of,r_product_of
politique,aristote r_product_of,r_product_of
ethique,aristote r_product_of,r_product_of
metaphysique,aristote r_product_of,r_product_of
poetique,aristote r_product_of,r_product_of
rhetorique,aristote r_product_of,r_product_of
organon,aristote r_product_of,r_product_of
physique,aristote r_product_of,r_product_of
dialogue,platon r_product_of,r_product_of
banquet,platon r_product_of,r_product_of
phedon,platon r_product_of,r_product_of
phedre,platon r_product_of,r_product_of
apologie,platon r_product_of,r_product_of
criton,platon r_product_of,r_product_of
timee,platon r_product_of,r_product_of
parmenide,platon r_product_of,r_product_of
sophiste,platon r_product_of,r_product_of
politique,platon r_product_of,r_product_of
lois,platon r_product_of,r_product_of
cratyle,platon r_product_of,r_product_of
theetete,platon r_product_of,r_product_of
menon,platon r_product_of,r_product_of
protagoras,platon r_product_of,r_product_of
gorgias,platon r_product_of,r_product_of
hippias,platon r_product_of,r_product_of
ion,platon r_product_of,r_product_of
euthyphron,platon r_product_of,r_product_of
laches,platon r_product_of,r_product_of
charmide,platon r_product_of,r_product_of
lysis,platon r_product_of,r_product_of
alcibiade,platon r_product_of,r_product_of
guerre,herodote r_product_of,r_product_of
enquete,herodote r_product_of,r_product_of
chronique,herodote r_product_of,r_product_of
guerre,thucydide r_product_of,r_product_of
anabase,xenophon r_product_of,r_product_of
cyropedie,xenophon r_product_of,r_product_of
vie,alexandre r_product_of,r_product_of
biographie,alexandre r_product_of,r_product_of
conquete,alexandre r_product_of,r_product_of
campagne,alexandre r_product_of,r_product_of
legende,alexandre r_product_of,r_product_of
saga,alexandre r_product_of,r_product_of
chanson,alexandre r_product_of,r_product_of
republique,athenes r_product_of,r_product_of
democratie,athenes r_product_of,r_product_of
constitution,athenes r_product_of,r_product_of
cite,athenes r_product_of,r_product_of
agora,athenes r_product_of,r_product_of
tragedie,eschyle r_product_of,r_product_of
trilogie,eschyle r_product_of,r_product_of
orestie,eschyle r_product_of,r_product_of
antigone,antigone r_product_of,r_product_of
œdipe,œdipe r_product_of,r_product_of
electre,electre r_product_of,r_product_of
medee,euripide r_product_of,r_product_of
hippolyte,euripide r_product_of,r_product_of
bacchante,euripide r_product_of,r_product_of
iphigenie,euripide r_product_of,r_product_of
alceste,euripide r_product_of,r_product_of
andromaque,euripide r_product_of,r_product_of
hecube,euripide r_product_of,r_product_of
heracles,euripide r_product_of,r_product_of
oreste,euripide r_product_of,r_product_of
phenicie,euripide r_product_of,r_product_of
troyen,euripide r_product_of,r_product_of
comedie,aristophane r_product_of,r_product_of
nuee,aristophane r_product_of,r_product_of
guepe,aristophane r_product_of,r_product_of
grenouille,aristophane r_product_of,r_product_of
oiseau,aristophane r_product_of,r_product_of
paix,aristophane r_product_of,r_product_of
lysistrata,aristophane r_product_of,r_product_of
assemblee,aristophane r_product_of,r_product_of
histoire,herodote r_product_of,r_product_of
perse,herodote r_product_of,r_product_of
scythe,herodote r_product_of,r_product_of
egypte,herodote r_product_of,r_product_of
libye,herodote r_product_of,r_product_of
babylone,herodote r_product_of,r_product_of
grece,herodote r_product_of,r_product_of
annale,herodote r_product_of,r_product_of
memoire,herodote r_product_of,r_product_of
relation,herodote r_product_of,r_product_of
narration,herodote r_product_of,r_product_of
description,herodote r_product_of,r_product_of
peloponnese,thucydide r_product_of,r_product_of
athenes,thucydide r_product_of,r_product_of
sparte,thucydide r_product_of,r_product_of
bataille,thucydide r_product_of,r_product_of
expedition,thucydide r_product_of,r_product_of
oraison,thucydide r_product_of,r_product_of
hellenique,xenophon r_product_of,r_product_of
memorable,xenophon r_product_of,r_product_of
economique,xenophon r_product_of,r_product_of
apologie,xenophon r_product_of,r_product_of
cynegetique,xenophon r_product_of,r_product_of
equitation,xenophon r_product_of,r_product_of
parallele,alexandre r_product_of,r_product_of
empire,alexandre r_product_of,r_product_of
victoire,alexandre r_product_of,r_product_of
gloire,alexandre r_product_of,r_product_of
geste,alexandre r_product_of,r_product_of
fable,alexandre r_product_of,r_product_of
apologue,alexandre r_product_of,r_product_of
parabole,alexandre r_product_of,r_product_of
allegorie,alexandre r_product_of,r_product_of
devise,alexandre r_product_of,r_product_of
armoirie,alexandre r_product_of,r_product_of
banniere,alexandre r_product_of,r_product_of
enseigne,alexandre r_product_of,r_product_of
oriflamme,alexandre r_product_of,r_product_of
flamme,alexandre r_product_of,r_product_of
oligarchie,athenes r_product_of,r_product_of
tyrannie,athenes r_product_of,r_product_of
monarchie,athenes r_product_of,r_product_of
empire,athenes r_product_of,r_product_of
polis,athenes r_product_of,r_product_of
ecclesia,athenes r_product_of,r_product_of
boule,athenes r_product_of,r_product_of
heliee,athenes r_product_of,r_product_of
tribu,athenes r_product_of,r_product_of
phratrie,athenes r_product_of,r_product_of
famille,athenes r_product_of,r_product_of
descendance,athenes r_product_of,r_product_of
posterite,athenes r_product_of,r_product_of
progeniture,athenes r_product_of,r_product_of
continuation,athenes r_product_of,r_product_of
suite,athenes r_product_of,r_product_of
sequelle,athenes r_product_of,r_product_of
consequence,athenes r_product_of,r_product_of
conclusion,athenes r_product_of,r_product_of
realisation,athenes r_product_of,r_product_of
execution,athenes r_product_of,r_product_of
performance,athenes r_product_of,r_product_of
prouesse,achille r_product_of,r_product_of
action,achille r_product_of,r_product_of
aventure,achille r_product_of,r_product_of
epopee,achille r_product_of,r_product_of
saga,achille r_product_of,r_product_of
legende,achille r_product_of,r_product_of
histoire,achille r_product_of,r_product_of
narration,achille r_product_of,r_product_of
relation,achille r_product_of,r_product_of
chronique,achille r_product_of,r_product_of
annale,achille r_product_of,r_product_of
memoire,achille r_product_of,r_product_of
reminiscence,achille r_product_of,r_product_of
evocation,achille r_product_of,r_product_of
commemoration,achille r_product_of,r_product_of
celebration,achille r_product_of,r_product_of
ceremonie,achille r_product_of,r_product_of
liturgie,achille r_product_of,r_product_of
veneration,achille r_product_of,r_product_of
reverence,achille r_product_of,r_product_of
deference,achille r_product_of,r_product_of
consideration,achille r_product_of,r_product_of
estime,achille r_product_of,r_product_of
admiration,achille r_product_of,r_product_of
appreciation,achille r_product_of,r_product_of
evaluation,achille r_product_of,r_product_of
opinion,achille r_product_of,r_product_of
pensee,achille r_product_of,r_product_of
idee,achille r_product_of,r_product_of
notion,achille r_product_of,r_product_of
conception,achille r_product_of,r_product_of
representation,achille r_product_of,r_product_of
image,achille r_product_of,r_product_of
portrait,achille r_product_of,r_product_of
effigie,achille r_product_of,r_product_of
figure,achille r_product_of,r_product_of
statue,achille r_product_of,r_product_of
sculpture,achille r_product_of,r_product_of
tete,achille r_product_of,r_product_of
empreinte,achille r_product_of,r_product_of
trace,achille r_product_of,r_product_of
relique,achille r_product_of,r_product_of
monument,achille r_product_of,r_product_of
sepulture,achille r_product_of,r_product_of
tombe,achille r_product_of,r_product_of
urne,achille r_product_of,r_product_of
cendre,achille r_product_of,r_product_of
depouille,achille r_product_of,r_product_of
cuirasse,achille r_product_of,r_product_of
armure,achille r_product_of,r_product_of
lance,achille r_product_of,r_product_of
epee,achille r_product_of,r_product_of
arme,achille r_product_of,r_product_of
fleche,ulysse r_product_of,r_product_of
javeline,ulysse r_product_of,r_product_of
pique,ulysse r_product_of,r_product_of
hallebarde,ulysse r_product_of,r_product_of
hache,ulysse r_product_of,r_product_of
massue,ulysse r_product_of,r_product_of
canne,ulysse r_product_of,r_product_of
fourche,ulysse r_product_of,r_product_of
faux,ulysse r_product_of,r_product_of
faucille,ulysse r_product_of,r_product_of
serpe,ulysse r_product_of,r_product_of
serpette,ulysse r_product_of,r_product_of
dague,ulysse r_product_of,r_product_of
rapiere,ulysse r_product_of,r_product_of
chaine,ulysse r_product_of,r_product_of
masse,ulysse r_product_of,r_product_of
cognee,ulysse r_product_of,r_product_of
doloire,ulysse r_product_of,r_product_of
herminette,ulysse r_product_of,r_product_of
plane,ulysse r_product_of,r_product_of
varlope,ulysse r_product_of,r_product_of
equerre,ulysse r_product_of,r_product_of
regle,ulysse r_product_of,r_product_of
jauge,ulysse r_product_of,r_product_of
empreinte,ulysse r_product_of,r_product_of
trace,ulysse r_product_of,r_product_of
relique,ulysse r_product_of,r_product_of
frontiere,ulysse r_product_of,r_product_of
limite,ulysse r_product_of,r_product_of
borne,ulysse r_product_of,r_product_of
extremite,ulysse r_product_of,r_product_of
lisiere,ulysse r_product_of,r_product_of
oree,ulysse r_product_of,r_product_of
marge,ulysse r_product_of,r_product_of
peripherie,ulysse r_product_of,r_product_of
circonference,ulysse r_product_of,r_product_of
alliance,ulysse r_product_of,r_product_of
chevaliere,ulysse r_product_of,r_product_of
estampille,ulysse r_product_of,r_product_of
marque,ulysse r_product_of,r_product_of
œuvre,marie curie r_product_of,r_product_of
decouverte,marie curie r_product_of,r_product_of
recherche,marie curie r_product_of,r_product_of
etude,marie curie r_product_of,r_product_of
experience,marie curie r_product_of,r_product_of
observation,marie curie r_product_of,r_product_of
theorie,marie curie r_product_of,r_product_of
these,marie curie r_product_of,r_product_of
publication,marie curie r_product_of,r_product_of
article,marie curie r_product_of,r_product_of
memoire,marie curie r_product_of,r_product_of
rapport,marie curie r_product_of,r_product_of
communication,marie curie r_product_of,r_product_of
conference,marie curie r_product_of,r_product_of
lecon,marie curie r_product_of,r_product_of
cours,marie curie r_product_of,r_product_of
enseignement,marie curie r_product_of,r_product_of
pedagogie,marie curie r_product_of,r_product_of
methode,marie curie r_product_of,r_product_of
technique,marie curie r_product_of,r_product_of
procede,marie curie r_product_of,r_product_of
protocole,marie curie r_product_of,r_product_of
demarche,marie curie r_product_of,r_product_of
approche,marie curie r_product_of,r_product_of
strategie,marie curie r_product_of,r_product_of
plan,marie curie r_product_of,r_product_of
projet,marie curie r_product_of,r_product_of
programme,marie curie r_product_of,r_product_of
initiative,marie curie r_product_of,r_product_of
entreprise,marie curie r_product_of,r_product_of
realisation,marie curie r_product_of,r_product_of
accomplissement,marie curie r_product_of,r_product_of
succes,marie curie r_product_of,r_product_of
victoire,marie curie r_product_of,r_product_of
triomphe,marie curie r_product_of,r_product_of
consecration,marie curie r_product_of,r_product_of
reconnaissance,marie curie r_product_of,r_product_of
hommage,marie curie r_product_of,r_product_of
distinction,marie curie r_product_of,r_product_of
recompense,marie curie r_product_of,r_product_of
medaille,marie curie r_product_of,r_product_of
prix,marie curie r_product_of,r_product_of
nobel,marie curie r_product_of,r_product_of
laureat,marie curie r_product_of,r_product_of
palmares,marie curie r_product_of,r_product_of
gloire,marie curie r_product_of,r_product_of
renommee,marie curie r_product_of,r_product_of
celebrite,marie curie r_product_of,r_product_of
notoriete,marie curie r_product_of,r_product_of
reputation,marie curie r_product_of,r_product_of
prestige,marie curie r_product_of,r_product_of
autorite,marie curie r_product_of,r_product_of
influence,marie curie r_product_of,r_product_of
impact,marie curie r_product_of,r_product_of
empreinte,marie curie r_product_of,r_product_of
trace,marie curie r_product_of,r_product_of
heritage,marie curie r_product_of,r_product_of
legs,marie curie r_product_of,r_product_of
testament,marie curie r_product_of,r_product_of
succession,marie curie r_product_of,r_product_of
posterite,marie curie r_product_of,r_product_of
souvenir,marie curie r_product_of,r_product_of
biographie,marie curie r_product_of,r_product_of
vie,marie curie r_product_of,r_product_of
existence,marie curie r_product_of,r_product_of
parcours,marie curie r_product_of,r_product_of
carriere,marie curie r_product_of,r_product_of
trajectoire,marie curie r_product_of,r_product_of
destinee,marie curie r_product_of,r_product_of
destin,marie curie r_product_of,r_product_of
vocation,marie curie r_product_of,r_product_of
mission,marie curie r_product_of,r_product_of
engagement,marie curie r_product_of,r_product_of
combat,marie curie r_product_of,r_product_of
lutte,marie curie r_product_of,r_product_of
bataille,marie curie r_product_of,r_product_of
campagne,marie curie r_product_of,r_product_of
croisade,marie curie r_product_of,r_product_of
cause,marie curie r_product_of,r_product_of
ideal,marie curie r_product_of,r_product_of
conviction,marie curie r_product_of,r_product_of
foi,marie curie r_product_of,r_product_of
croyance,marie curie r_product_of,r_product_of
certitude,marie curie r_product_of,r_product_of
confiance,marie curie r_product_of,r_product_of
esperance,marie curie r_product_of,r_product_of
espoir,marie curie r_product_of,r_product_of
vision,marie curie r_product_of,r_product_of
reve,marie curie r_product_of,r_product_of
ambition,marie curie r_product_of,r_product_of
aspiration,marie curie r_product_of,r_product_of
desir,marie curie r_product_of,r_product_of
volonte,marie curie r_product_of,r_product_of
determination,marie curie r_product_of,r_product_of
resolution,marie curie r_product_of,r_product_of
tenacite,marie curie r_product_of,r_product_of
perseverance,marie curie r_product_of,r_product_of
obstination,marie curie r_product_of,r_product_of
opiniatrete,marie curie r_product_of,r_product_of
acharnement,marie curie r_product_of,r_product_of
courage,marie curie r_product_of,r_product_of
bravoure,marie curie r_product_of,r_product_of
vaillance,marie curie r_product_of,r_product_of
heroisme,marie curie r_product_of,r_product_of
audace,marie curie r_product_of,r_product_of
hardiesse,marie curie r_product_of,r_product_of
temerite,marie curie r_product_of,r_product_of
intrepidite,marie curie r_product_ofportrait du picasso r_product_of,r_product_of
roman,hugo r_product_of,r_product_of
film,spielberg r_product_of,r_product_of
musique,beethoven r_product_of,r_product_of
symphonie,mozart r_product_of,r_product_of
roman,zola r_product_of,r_product_of
piece,moliere r_product_of,r_product_of
theatre,shakespeare r_product_of,r_product_of
sonnet,ronsard r_product_of,r_product_of
poesie,rimbaud r_product_of,r_product_of
œuvre,camus r_product_of,r_product_of
texte,sartre r_product_of,r_product_of
biographie,maurois r_product_of,r_product_of
chronique,voltaire r_product_of,r_product_of
pamphlet,zola r_product_of,r_product_of
sculpture,giacometti r_product_of,r_product_of
installation,buren r_product_of,r_product_of
ready made,duchamp r_product_of,r_product_of
collage,picasso r_product_of,r_product_of
estampe,hokusai r_product_of,r_product_of
lithographie,toulouse lautrec r_product_of,r_product_of
film,truffaut r_product_of,r_product_of
cinema,godard r_product_of,r_product_of
documentaire,cousteau r_product_of,r_product_of
long metrage,hitchcock r_product_of,r_product_of
western,ford r_product_of,r_product_of
musique,debussy r_product_of,r_product_of
sonate,chopin r_product_of,r_product_of
nocturne,chopin r_product_of,r_product_of
requiem,mozart r_product_of,r_product_of
messe,bach r_product_of,r_product_of
opera,wagner r_product_of,r_product_of
lied,schubert r_product_of,r_product_of
chanson,piaf r_product_of,r_product_of
album,beatles r_product_of,r_product_of
disque,dylan r_product_of,r_product_of
morceau,coltrane r_product_of,r_product_of
composition,gershwin r_product_of,r_product_of
comedie,feydeau r_product_of,r_product_of
spectacle,ionesco r_product_of,r_product_of
mise,vitez r_product_of,r_product_of
choregraphie,bejart r_product_of,r_product_of
danse,nijinski r_product_of,r_product_of
architecture,corbusier r_product_of,r_product_of
batiment,gaudi r_product_of,r_product_of
cathedrale,viollet le duc r_product_of,r_product_of
palais,mansart r_product_of,r_product_of
chateau,vauban r_product_of,r_product_of
pont,eiffel r_product_of,r_product_of
mobilier,eames r_product_of,r_product_of
chaise,starck r_product_of,r_product_of
lampe,starck r_product_of,r_product_of
design,rams r_product_of,r_product_of
affiche,mucha r_product_of,r_product_of
graphisme,cassandre r_product_of,r_product_of
typographie,garamond r_product_of,r_product_of
logo,rand r_product_of,r_product_of
mode,chanel r_product_of,r_product_of
collection,dior r_product_of,r_product_of
robe,saint laurent r_product_of,r_product_of
parfum,guerlain r_product_of,r_product_of
haute couture,givenchy r_product_of,r_product_of
cuisine,bocuse r_product_of,r_product_of
recette,escoffier r_product_of,r_product_of
plat,robuchon r_product_of,r_product_of
patisserie,lenotre r_product_of,r_product_of
vin,petrus r_product_of,r_product_of
champagne,dom perignon r_product_of,r_product_of
cognac,hennessy r_product_of,r_product_of
whisky,jack daniel r_product_of,r_product_of
formule,einstein r_product_of,r_product_of
systeme,linne r_product_of,r_product_of
classification,darwin r_product_of,r_product_of
doctrine,freud r_product_of,r_product_of
concept,jung r_product_of,r_product_of
pensee,descartes r_product_of,r_product_of
philosophie,kant r_product_of,r_product_of
logique,aristote r_product_of,r_product_of
dialectique,hegel r_product_of,r_product_of
methode,descartes r_product_of,r_product_of
systeme,spinoza r_product_of,r_product_of
critique,kant r_product_of,r_product_of
grammaire,grevisse r_product_of,r_product_of
projection,mercator r_product_of,r_product_of
calendrier,gregor r_product_of,r_product_of
heure,travail r_quantificateur,r_quantificateur
jour,repos r_quantificateur,r_quantificateur
semaine,vacances r_quantificateur,r_quantificateur
mois,formation r_quantificateur,r_quantificateur
seconde,reflexion r_quantificateur,r_quantificateur
instant,bonheur r_quantificateur,r_quantificateur
moment,silence r_quantificateur,r_quantificateur
trimestre,croissance r_quantificateur,r_quantificateur
decennie,paix r_quantificateur,r_quantificateur
epoque,prosperite r_quantificateur,r_quantificateur
ere,progres r_quantificateur,r_quantificateur
gramme,sel r_quantificateur,r_quantificateur
kilogramme,farine r_quantificateur,r_quantificateur
tonne,charbon r_quantificateur,r_quantificateur
once,precaution r_quantificateur,r_quantificateur
livre,beurre r_quantificateur,r_quantificateur
quintal,ble r_quantificateur,r_quantificateur
milligramme,substance r_quantificateur,r_quantificateur
carat,diamant r_quantificateur,r_quantificateur
millilitre,sirop r_quantificateur,r_quantificateur
decilitre,creme r_quantificateur,r_quantificateur
hectolitre,vin r_quantificateur,r_quantificateur
baril,petrole r_quantificateur,r_quantificateur
pinte,biere r_quantificateur,r_quantificateur
verre,lait r_quantificateur,r_quantificateur
tasse,cafe r_quantificateur,r_quantificateur
cuillere,sucre r_quantificateur,r_quantificateur
goutte,pluie r_quantificateur,r_quantificateur
dose,medicament r_quantificateur,r_quantificateur
metre,tissu r_quantificateur,r_quantificateur
kilometre,route r_quantificateur,r_quantificateur
centimetre,ruban r_quantificateur,r_quantificateur
millimetre,precision r_quantificateur,r_quantificateur
pouce,terrain r_quantificateur,r_quantificateur
pied,profondeur r_quantificateur,r_quantificateur
yard,cable r_quantificateur,r_quantificateur
mile,distance r_quantificateur,r_quantificateur
lieue,voyage r_quantificateur,r_quantificateur
coudee,longueur r_quantificateur,r_quantificateur
brasse,cordage r_quantificateur,r_quantificateur
degre,temperature r_quantificateur,r_quantificateur
grade,pente r_quantificateur,r_quantificateur
pourcentage,reussite r_quantificateur,r_quantificateur
fraction,total r_quantificateur,r_quantificateur
part,marche r_quantificateur,r_quantificateur
portion,gateau r_quantificateur,r_quantificateur
tranche,pain r_quantificateur,r_quantificateur
morceau,fromage r_quantificateur,r_quantificateur
bout,ficelle r_quantificateur,r_quantificateur
bouchee,nourriture r_quantificateur,r_quantificateur
gorgee,boisson r_quantificateur,r_quantificateur
pincee,sel r_quantificateur,r_quantificateur
poignee,riz r_quantificateur,r_quantificateur
brassee,fleurs r_quantificateur,r_quantificateur
tas,sable r_quantificateur,r_quantificateur
pile,livres r_quantificateur,r_quantificateur
amas,pierres r_quantificateur,r_quantificateur
paquet,cigarettes r_quantificateur,r_quantificateur
boite,conserve r_quantificateur,r_quantificateur
carton,demenagement r_quantificateur,r_quantificateur
caisse,pommes r_quantificateur,r_quantificateur
ballot,foin r_quantificateur,r_quantificateur
botte,radis r_quantificateur,r_quantificateur
bouquet,roses r_quantificateur,r_quantificateur
gerbe,ble r_quantificateur,r_quantificateur
fagot,bois r_quantificateur,r_quantificateur
buche,chauffage r_quantificateur,r_quantificateur
planche,chene r_quantificateur,r_quantificateur
poutre,soutien r_quantificateur,r_quantificateur
brique,construction r_quantificateur,r_quantificateur
tuile,toiture r_quantificateur,r_quantificateur
carreau,ceramique r_quantificateur,r_quantificateur
dalle,marbre r_quantificateur,r_quantificateur
pave,rue r_quantificateur,r_quantificateur
barre,fer r_quantificateur,r_quantificateur
tige,metal r_quantificateur,r_quantificateur
fil,cuivre r_quantificateur,r_quantificateur
corde,chanvre r_quantificateur,r_quantificateur
ficelle,lin r_quantificateur,r_quantificateur
ruban,soie r_quantificateur,r_quantificateur
bande,tissu r_quantificateur,r_quantificateur
rouleau,papier r_quantificateur,r_quantificateur
feuille,carton r_quantificateur,r_quantificateur
page,journal r_quantificateur,r_quantificateur
ligne,texte r_quantificateur,r_quantificateur
mot,passe r_quantificateur,r_quantificateur
chiffre,code r_quantificateur,r_quantificateur
numero,serie r_quantificateur,r_quantificateur
quantite,matiere r_quantificateur,r_quantificateur
volume,liquide r_quantificateur,r_quantificateur
masse,substance r_quantificateur,r_quantificateur
poids,colis r_quantificateur,r_quantificateur
charge,camion r_quantificateur,r_quantificateur
fardeau,responsabilite r_quantificateur,r_quantificateur
minute,chronometre r_quantificateur,r_quantificateur
heure,reveil r_quantificateur,r_quantificateur
jour,calendrier r_quantificateur,r_quantificateur
semaine,planning r_quantificateur,r_quantificateur
mois,trimestre r_quantificateur,r_quantificateur
annee,siecle r_quantificateur,r_quantificateur
seconde,compte r_quantificateur,r_quantificateur
instant,moment r_quantificateur,r_quantificateur
periode,cycle r_quantificateur,r_quantificateur
phase,projet r_quantificateur,r_quantificateur
etape,parcours r_quantificateur,r_quantificateur
stade,developpement r_quantificateur,r_quantificateur
taux,croissance r_quantificateur,r_quantificateur
ratio,conversion r_quantificateur,r_quantificateur
coefficient,performance r_quantificateur,r_quantificateur
indice,satisfaction r_quantificateur,r_quantificateur
score,reussite r_quantificateur,r_quantificateur
point,bonus r_quantificateur,r_quantificateur
unite,mesure r_quantificateur,r_quantificateur
multiple,base r_quantificateur,r_quantificateur
diviseur,nombre r_quantificateur,r_quantificateur
facteur,multiplication r_quantificateur,r_quantificateur
puissance,calcul r_quantificateur,r_quantificateur
somme,total r_quantificateur,r_quantificateur
difference,valeur r_quantificateur,r_quantificateur
produit,facteurs r_quantificateur,r_quantificateur
quotient,division r_quantificateur,r_quantificateur
reste,partage r_quantificateur,r_quantificateur
kilogramme,sucre r_quantificateur,r_quantificateur
once,parfum r_quantificateur,r_quantificateur
milligramme,medicament r_quantificateur,r_quantificateur
litre,lait r_quantificateur,r_quantificateur
decilitre,vin r_quantificateur,r_quantificateur
centilitre,rhum r_quantificateur,r_quantificateur
hectolitre,cidre r_quantificateur,r_quantificateur
gallon,carburant r_quantificateur,r_quantificateur
pinte,liquide r_quantificateur,r_quantificateur
verre,jus r_quantificateur,r_quantificateur
tasse,the r_quantificateur,r_quantificateur
cuillere,miel r_quantificateur,r_quantificateur
goutte,serum r_quantificateur,r_quantificateur
dose,traitement r_quantificateur,r_quantificateur
metre,cable r_quantificateur,r_quantificateur
kilometre,trajet r_quantificateur,r_quantificateur
millimetre,fil r_quantificateur,r_quantificateur
pouce,clou r_quantificateur,r_quantificateur
pied,mur r_quantificateur,r_quantificateur
yard,terrain r_quantificateur,r_quantificateur
mile,parcours r_quantificateur,r_quantificateur
lieue,chemin r_quantificateur,r_quantificateur
coudee,baton r_quantificateur,r_quantificateur
brasse,filet r_quantificateur,r_quantificateur
degre,four r_quantificateur,r_quantificateur
grade,thermometre r_quantificateur,r_quantificateur
radian,cercle r_quantificateur,r_quantificateur
pourcentage,total r_quantificateur,r_quantificateur
fraction,nombre r_quantificateur,r_quantificateur
part,gateau r_quantificateur,r_quantificateur
portion,repas r_quantificateur,r_quantificateur
tranche,jambon r_quantificateur,r_quantificateur
morceau,pain r_quantificateur,r_quantificateur
bout,bois r_quantificateur,r_quantificateur
bouchee,plat r_quantificateur,r_quantificateur
gorgee,breuvage r_quantificateur,r_quantificateur
pincee,poivre r_quantificateur,r_quantificateur
poignee,sable r_quantificateur,r_quantificateur
brassee,foin r_quantificateur,r_quantificateur
tas,gravier r_quantificateur,r_quantificateur
pile,linge r_quantificateur,r_quantificateur
amas,dechet r_quantificateur,r_quantificateur
paquet,tabac r_quantificateur,r_quantificateur
boite,chocolat r_quantificateur,r_quantificateur
carton,vin r_quantificateur,r_quantificateur
caisse,materiel r_quantificateur,r_quantificateur
ballot,coton r_quantificateur,r_quantificateur
botte,persil r_quantificateur,r_quantificateur
bouquet,muguet r_quantificateur,r_quantificateur
gerbe,seigle r_quantificateur,r_quantificateur
fagot,sarment r_quantificateur,r_quantificateur
buche,chene r_quantificateur,r_quantificateur
planche,sapin r_quantificateur,r_quantificateur
poutre,toit r_quantificateur,r_quantificateur
brique,mur r_quantificateur,r_quantificateur
tuile,toit r_quantificateur,r_quantificateur
carreau,sol r_quantificateur,r_quantificateur
dalle,plancher r_quantificateur,r_quantificateur
pave,chemin r_quantificateur,r_quantificateur
lingot,metal r_quantificateur,r_quantificateur
tige,bambou r_quantificateur,r_quantificateur
fil,coton r_quantificateur,r_quantificateur
cable,telephone r_quantificateur,r_quantificateur
corde,puits r_quantificateur,r_quantificateur
ficelle,paquet r_quantificateur,r_quantificateur
ruban,cadeau r_quantificateur,r_quantificateur
bande,pansement r_quantificateur,r_quantificateur
rouleau,scotch r_quantificateur,r_quantificateur
feuille,papier r_quantificateur,r_quantificateur
page,livre r_quantificateur,r_quantificateur
ligne,cahier r_quantificateur,r_quantificateur
mot,texte r_quantificateur,r_quantificateur
lettre,message r_quantificateur,r_quantificateur
chiffre,nombre r_quantificateur,r_quantificateur
numero,billet r_quantificateur,r_quantificateur
quantite,produit r_quantificateur,r_quantificateur
volume,reservoir r_quantificateur,r_quantificateur
minute,pause r_quantificateur,r_quantificateur
heure,reunion r_quantificateur,r_quantificateur
jour,semaine r_quantificateur,r_quantificateur
semaine,formation r_quantificateur,r_quantificateur
mois,saison r_quantificateur,r_quantificateur
annee,decennie r_quantificateur,r_quantificateur
seconde,minute r_quantificateur,r_quantificateur
instant,vie r_quantificateur,r_quantificateur
moment,journee r_quantificateur,r_quantificateur
periode,crise r_quantificateur,r_quantificateur
trimestre,fiscalite r_quantificateur,r_quantificateur
decennie,carriere r_quantificateur,r_quantificateur
siecle,civilisation r_quantificateur,r_quantificateur
millenaire,culture r_quantificateur,r_quantificateur
epoque,renaissance r_quantificateur,r_quantificateur
ere,technologie r_quantificateur,r_quantificateur
gramme,poudre r_quantificateur,r_quantificateur
kilogramme,viande r_quantificateur,r_quantificateur
tonne,marchandise r_quantificateur,r_quantificateur
once,sagesse r_quantificateur,r_quantificateur
livre,provision r_quantificateur,r_quantificateur
quintal,recolte r_quantificateur,r_quantificateur
milligramme,dose r_quantificateur,r_quantificateur
carat,pierre r_quantificateur,r_quantificateur
litre,boisson r_quantificateur,r_quantificateur
millilitre,solution r_quantificateur,r_quantificateur
decilitre,sauce r_quantificateur,r_quantificateur
centilitre,liqueur r_quantificateur,r_quantificateur
hectolitre,production r_quantificateur,r_quantificateur
gallon,peinture r_quantificateur,r_quantificateur
baril,biere r_quantificateur,r_quantificateur
pinte,mesure r_quantificateur,r_quantificateur
verre,degustation r_quantificateur,r_quantificateur
tasse,collation r_quantificateur,r_quantificateur
cuillere,recette r_quantificateur,r_quantificateur
goutte,perfusion r_quantificateur,r_quantificateur
dose,prescription r_quantificateur,r_quantificateur
metre,distance r_quantificateur,r_quantificateur
kilometre,course r_quantificateur,r_quantificateur
centimetre,mesure r_quantificateur,r_quantificateur
pouce,taille r_quantificateur,r_quantificateur
pied,hauteur r_quantificateur,r_quantificateur
yard,largeur r_quantificateur,r_quantificateur
mile,randonnee r_quantificateur,r_quantificateur
lieue,marche r_quantificateur,r_quantificateur
coudee,mesure r_quantificateur,r_quantificateur
brasse,natation r_quantificateur,r_quantificateur
degre,cuisson r_quantificateur,r_quantificateur
radian,rotation r_quantificateur,r_quantificateur
pourcentage,remise r_quantificateur,r_quantificateur
fraction,quantite r_quantificateur,r_quantificateur
part,succession r_quantificateur,r_quantificateur
portion,tarte r_quantificateur,r_quantificateur
tranche,pasteque r_quantificateur,r_quantificateur
morceau,viande r_quantificateur,r_quantificateur
bout,corde r_quantificateur,r_quantificateur
bouchee,bouchee r_quantificateur,r_quantificateur
gorgee,gorgee r_quantificateur,r_quantificateur
pincee,pincee r_quantificateur,r_quantificateur
poignee,terre r_quantificateur,r_quantificateur
brassee,paille r_quantificateur,r_quantificateur
tas,neige r_quantificateur,r_quantificateur
pile,vaisselle r_quantificateur,r_quantificateur
amas,ferraille r_quantificateur,r_quantificateur
paquet,lessive r_quantificateur,r_quantificateur
boite,collection r_quantificateur,r_quantificateur
carton,livraison r_quantificateur,r_quantificateur
caisse,reserve r_quantificateur,r_quantificateur
ballot,toile r_quantificateur,r_quantificateur
botte,menthe r_quantificateur,r_quantificateur
bouquet,mariee r_quantificateur,r_quantificateur
gerbe,moisson r_quantificateur,r_quantificateur
fagot,vigne r_quantificateur,r_quantificateur
buche,buche r_quantificateur,r_quantificateur
planche,planche r_quantificateur,r_quantificateur
poutre,charpente r_quantificateur,r_quantificateur
brique,facade r_quantificateur,r_quantificateur
tuile,couverture r_quantificateur,r_quantificateur
carreau,mosaique r_quantificateur,r_quantificateur
dalle,terrasse r_quantificateur,r_quantificateur
pave,place r_quantificateur,r_quantificateur
lingot,banque r_quantificateur,r_quantificateur
barre,grille r_quantificateur,r_quantificateur
tige,tige r_quantificateur,r_quantificateur
fil,broderie r_quantificateur,r_quantificateur
cable,transmission r_quantificateur,r_quantificateur
corde,guitare r_quantificateur,r_quantificateur
ficelle,ficelle r_quantificateur,r_quantificateur
ruban,decoration r_quantificateur,r_quantificateur
bande,bande r_quantificateur,r_quantificateur
rouleau,tapisserie r_quantificateur,r_quantificateur
feuille,feuille r_quantificateur,r_quantificateur
page,page r_quantificateur,r_quantificateur
ligne,ligne r_quantificateur,r_quantificateur
mot,phrase r_quantificateur,r_quantificateur
lettre,lettre r_quantificateur,r_quantificateur
chiffre,statistique r_quantificateur,r_quantificateur
numero,loterie r_quantificateur,r_quantificateur
quantite,commande r_quantificateur,r_quantificateur
volume,cuve r_quantificateur,r_quantificateur
minute,retard r_quantificateur,r_quantificateur
heure,vol r_quantificateur,r_quantificateur
jour,stage r_quantificateur,r_quantificateur
semaine,chantier r_quantificateur,r_quantificateur
mois,abonnement r_quantificateur,r_quantificateur
annee,contrat r_quantificateur,r_quantificateur
seconde,eclair r_quantificateur,r_quantificateur
instant,regard r_quantificateur,r_quantificateur
moment,echange r_quantificateur,r_quantificateur
periode,bail r_quantificateur,r_quantificateur
trimestre,exercice r_quantificateur,r_quantificateur
decennie,regne r_quantificateur,r_quantificateur
siecle,empire r_quantificateur,r_quantificateur
millenaire,age r_quantificateur,r_quantificateur
epoque,mouvement r_quantificateur,r_quantificateur
ere,age r_quantificateur,r_quantificateur
gramme,ingredient r_quantificateur,r_quantificateur
kilogramme,produit r_quantificateur,r_quantificateur
tonne,chargement r_quantificateur,r_quantificateur
once,element r_quantificateur,r_quantificateur
livre,article r_quantificateur,r_quantificateur
quintal,stock r_quantificateur,r_quantificateur
milligramme,composant r_quantificateur,r_quantificateur
carat,bijou r_quantificateur,r_quantificateur
litre,fluide r_quantificateur,r_quantificateur
millilitre,echantillon r_quantificateur,r_quantificateur
decilitre,melange r_quantificateur,r_quantificateur
centilitre,spiritueux r_quantificateur,r_quantificateur
hectolitre,brassin r_quantificateur,r_quantificateur
gallon,reservoir r_quantificateur,r_quantificateur
baril,fut r_quantificateur,r_quantificateur
pinte,recipient r_quantificateur,r_quantificateur
verre,service r_quantificateur,r_quantificateur
tasse,ensemble r_quantificateur,r_quantificateur
cuillere,assortiment r_quantificateur,r_quantificateur
goutte,flacon r_quantificateur,r_quantificateur
dose,vaccin r_quantificateur,r_quantificateur
metre,rouleau r_quantificateur,r_quantificateur
kilometre,itineraire r_quantificateur,r_quantificateur
centimetre,segment r_quantificateur,r_quantificateur
millimetre,ecart r_quantificateur,r_quantificateur
pouce,espace r_quantificateur,r_quantificateur
pied,escalier r_quantificateur,r_quantificateur
yard,tissu r_quantificateur,r_quantificateur
mile,marathon r_quantificateur,r_quantificateur
lieue,periple r_quantificateur,r_quantificateur
coudee,monument r_quantificateur,r_quantificateur
brasse,bassin r_quantificateur,r_quantificateur
degre,angle r_quantificateur,r_quantificateur
grade,niveau r_quantificateur,r_quantificateur
radian,arc r_quantificateur,r_quantificateur
pourcentage,resultat r_quantificateur,r_quantificateur
fraction,ensemble r_quantificateur,r_quantificateur
part,heritage r_quantificateur,r_quantificateur
portion,menu r_quantificateur,r_quantificateur
tranche,salaire r_quantificateur,r_quantificateur
morceau,puzzle r_quantificateur,r_quantificateur
bout,cable r_quantificateur,r_quantificateur
bouchee,sandwich r_quantificateur,r_quantificateur
gorgee,cocktail r_quantificateur,r_quantificateur
pincee,assaisonnement r_quantificateur,r_quantificateur
poignee,outil r_quantificateur,r_quantificateur
brassee,bouquet r_quantificateur,r_quantificateur
tas,amas r_quantificateur,r_quantificateur
pile,stock r_quantificateur,r_quantificateur
amas,depot r_quantificateur,r_quantificateur
paquet,envoi r_quantificateur,r_quantificateur
boite,lot r_quantificateur,r_quantificateur
carton,container r_quantificateur,r_quantificateur
caisse,inventaire r_quantificateur,r_quantificateur
ballot,chargement r_quantificateur,r_quantificateur
botte,fagot r_quantificateur,r_quantificateur
bouquet,arrangement r_quantificateur,r_quantificateur
gerbe,champ r_quantificateur,r_quantificateur
fagot,tas r_quantificateur,r_quantificateur
buche,feu r_quantificateur,r_quantificateur
planche,plancher r_quantificateur,r_quantificateur
poutre,batiment r_quantificateur,r_quantificateur
brique,edifice r_quantificateur,r_quantificateur
carreau,carrelage r_quantificateur,r_quantificateur
dalle,dallage r_quantificateur,r_quantificateur
pave,pavage r_quantificateur,r_quantificateur
lingot,tresor r_quantificateur,r_quantificateur
barre,acier r_quantificateur,r_quantificateur
tige,support r_quantificateur,r_quantificateur
fil,tissage r_quantificateur,r_quantificateur
cable,reseau r_quantificateur,r_quantificateur
corde,instrument r_quantificateur,r_quantificateur
ficelle,emballage r_quantificateur,r_quantificateur
ruban,ruban r_quantificateur,r_quantificateur
bande,rouleau r_quantificateur,r_quantificateur
rouleau,stock r_quantificateur,r_quantificateur
feuille,bloc r_quantificateur,r_quantificateur
page,document r_quantificateur,r_quantificateur
ligne,paragraphe r_quantificateur,r_quantificateur
mot,discours r_quantificateur,r_quantificateur
lettre,courrier r_quantificateur,r_quantificateur
chiffre,montant r_quantificateur,r_quantificateur
numero,tirage r_quantificateur,r_quantificateur
quantite,stock r_quantificateur,r_quantificateur
volume,contenant r_quantificateur,r_quantificateur
minute,duree r_quantificateur,r_quantificateur
heure,journee r_quantificateur,r_quantificateur
jour,periode r_quantificateur,r_quantificateur
semaine,session r_quantificateur,r_quantificateur
mois,annee r_quantificateur,r_quantificateur
annee,epoque r_quantificateur,r_quantificateur
seconde,course r_quantificateur,r_quantificateur
instant,eternite r_quantificateur,r_quantificateur
moment,existence r_quantificateur,r_quantificateur
periode,phase r_quantificateur,r_quantificateur
trimestre,annee r_quantificateur,r_quantificateur
decennie,vie r_quantificateur,r_quantificateur
siecle,ere r_quantificateur,r_quantificateur
millenaire,histoire r_quantificateur,r_quantificateur
epoque,civilisation r_quantificateur,r_quantificateur
ere,periode r_quantificateur,r_quantificateur
gramme,quantite r_quantificateur,r_quantificateur
kilogramme,masse r_quantificateur,r_quantificateur
tonne,charge r_quantificateur,r_quantificateur
once,mesure r_quantificateur,r_quantificateur
livre,livre r_quantificateur,r_quantificateur
quintal,cargaison r_quantificateur,r_quantificateur
milligramme,trace r_quantificateur,r_quantificateur
carat,gemme r_quantificateur,r_quantificateur
litre,contenance r_quantificateur,r_quantificateur
millilitre,dose r_quantificateur,r_quantificateur
decilitre,mesure r_quantificateur,r_quantificateur
centilitre,quantite r_quantificateur,r_quantificateur
hectolitre,cuve r_quantificateur,r_quantificateur
gallon,capacite r_quantificateur,r_quantificateur
baril,production r_quantificateur,r_quantificateur
pinte,contenance r_quantificateur,r_quantificateur
verre,consommation r_quantificateur,r_quantificateur
tasse,infusion r_quantificateur,r_quantificateur
cuillere,preparation r_quantificateur,r_quantificateur
goutte,administration r_quantificateur,r_quantificateur
dose,posologie r_quantificateur,r_quantificateur
metre,longueur r_quantificateur,r_quantificateur
kilometre,etendue r_quantificateur,r_quantificateur
centimetre,dimension r_quantificateur,r_quantificateur
millimetre,epaisseur r_quantificateur,r_quantificateur
pouce,hauteur r_quantificateur,r_quantificateur
pied,longueur r_quantificateur,r_quantificateur
yard,distance r_quantificateur,r_quantificateur
mile,etendue r_quantificateur,r_quantificateur
lieue,distance r_quantificateur,r_quantificateur
brasse,profondeur r_quantificateur,r_quantificateur
grade,inclinaison r_quantificateur,r_quantificateur
radian,mesure r_quantificateur,r_quantificateur
pourcentage,proportion r_quantificateur,r_quantificateur
fraction,division r_quantificateur,r_quantificateur
part,repartition r_quantificateur,r_quantificateur
portion,distribution r_quantificateur,r_quantificateur
tranche,division r_quantificateur,r_quantificateur
morceau,division r_quantificateur,r_quantificateur
bout,extremite r_quantificateur,r_quantificateur
bouchee,portion r_quantificateur,r_quantificateur
gorgee,quantite r_quantificateur,r_quantificateur
pincee,mesure r_quantificateur,r_quantificateur
poignee,quantite r_quantificateur,r_quantificateur
brassee,charge r_quantificateur,r_quantificateur
tas,accumulation r_quantificateur,r_quantificateur
pile,accumulation r_quantificateur,r_quantificateur
amas,accumulation r_quantificateur,r_quantificateur
paquet,quantite r_quantificateur,r_quantificateur
boite,contenance r_quantificateur,r_quantificateur
carton,capacite r_quantificateur,r_quantificateur
caisse,contenance r_quantificateur,r_quantificateur
ballot,quantite r_quantificateur,r_quantificateur
botte,quantite r_quantificateur,r_quantificateur
bouquet,composition r_quantificateur,r_quantificateur
gerbe,recolte r_quantificateur,r_quantificateur
fagot,quantite r_quantificateur,r_quantificateur
buche,quantite r_quantificateur,r_quantificateur
planche,epaisseur r_quantificateur,r_quantificateur
poutre,section r_quantificateur,r_quantificateur
brique,dimension r_quantificateur,r_quantificateur
tuile,surface r_quantificateur,r_quantificateur
carreau,dimension r_quantificateur,r_quantificateur
dalle,surface r_quantificateur,r_quantificateur
pave,dimension r_quantificateur,r_quantificateur
lingot,masse r_quantificateur,r_quantificateur
barre,longueur r_quantificateur,r_quantificateur
tige,longueur r_quantificateur,r_quantificateur
fil,longueur r_quantificateur,r_quantificateur
cable,longueur r_quantificateur,r_quantificateur
corde,longueur r_quantificateur,r_quantificateur
ficelle,longueur r_quantificateur,r_quantificateur
ruban,longueur r_quantificateur,r_quantificateur
bande,longueur r_quantificateur,r_quantificateur
rouleau,longueur r_quantificateur,r_quantificateur
feuille,surface r_quantificateur,r_quantificateur
page,surface r_quantificateur,r_quantificateur
ligne,longueur r_quantificateur,r_quantificateur
mot,longueur r_quantificateur,r_quantificateur
lettre,taille r_quantificateur,r_quantificateur
chiffre,valeur r_quantificateur,r_quantificateur
numero,valeur r_quantificateur,r_quantificateur
quantite,mesure r_quantificateur,r_quantificateur
volume,capacite r_quantificateur,r_quantificateur
masse,quantite r_quantificateur,r_quantificateur
poids,mesure r_quantificateur,r_quantificateur
charge,capacite r_quantificateur,r_quantificateur
fardeau,quantite r_quantificateur,r_quantificateur
dose,concentration r_quantificateur,r_quantificateur
taux,proportion r_quantificateur,r_quantificateur
ratio,relation r_quantificateur,r_quantificateur
coefficient,mesure r_quantificateur,r_quantificateur
indice,valeur r_quantificateur,r_quantificateur
score,evaluation r_quantificateur,r_quantificateur
note,appreciation r_quantificateur,r_quantificateur
point,mesure r_quantificateur,r_quantificateur
unite,quantite r_quantificateur,r_quantificateur
multiple,quantite r_quantificateur,r_quantificateur
diviseur,quantite r_quantificateur,r_quantificateur
facteur,quantite r_quantificateur,r_quantificateur
puissance,quantite r_quantificateur,r_quantificateur
racine,quantite r_quantificateur,r_quantificateur
somme,addition r_quantificateur,r_quantificateur
difference,soustraction r_quantificateur,r_quantificateur
produit,multiplication r_quantificateur,r_quantificateur
reste,division r_quantificateur,r_quantificateur
niveau,mesure r_quantificateur,r_quantificateur
degre,intensite r_quantificateur,r_quantificateur
stade,evolution r_quantificateur,r_quantificateur
phase,progression r_quantificateur,r_quantificateur
etape,evolution r_quantificateur,r_quantificateur
palier,progression r_quantificateur,r_quantificateur
echelon,hierarchie r_quantificateur,r_quantificateur
rang,classification r_quantificateur,r_quantificateur
position,classification r_quantificateur,r_quantificateur
place,hierarchie r_quantificateur,r_quantificateur
ordre,serie r_quantificateur,r_quantificateur
serie,suite r_quantificateur,r_quantificateur
suite,sequence r_quantificateur,r_quantificateur
sequence,serie r_quantificateur,r_quantificateur
cycle,repetition r_quantificateur,r_quantificateur
tour,rotation r_quantificateur,r_quantificateur
rotation,repetition r_quantificateur,r_quantificateur
revolution,rotation r_quantificateur,r_quantificateur
oscillation,vibration r_quantificateur,r_quantificateur
vibration,oscillation r_quantificateur,r_quantificateur
frequence,repetition r_quantificateur,r_quantificateur
amplitude,oscillation r_quantificateur,r_quantificateur
longueur,onde r_quantificateur,r_quantificateur
periode,oscillation r_quantificateur,r_quantificateur
vitesse,propagation r_quantificateur,r_quantificateur
acceleration,variation r_quantificateur,r_quantificateur
debit,circulation r_quantificateur,r_quantificateur
flux,circulation r_quantificateur,r_quantificateur
courant,circulation r_quantificateur,r_quantificateur
pression,force r_quantificateur,r_quantificateur
tension,force r_quantificateur,r_quantificateur
force,intensite r_quantificateur,r_quantificateur
energie,quantite r_quantificateur,r_quantificateur
puissance,intensite r_quantificateur,r_quantificateur
travail,quantite r_quantificateur,r_quantificateur
chaleur,quantite r_quantificateur,r_quantificateur
lumiere,intensite r_quantificateur,r_quantificateur
son,intensite r_quantificateur,r_quantificateur
bruit,intensite r_quantificateur,r_quantificateur
intensite,force r_quantificateur,r_quantificateur
magnitude,force r_quantificateur,r_quantificateur
amplitude,force r_quantificateur,r_quantificateur
portee,distance r_quantificateur,r_quantificateur
etendue,surface r_quantificateur,r_quantificateur
superficie,surface r_quantificateur,r_quantificateur
aire,surface r_quantificateur,r_quantificateur
surface,etendue r_quantificateur,r_quantificateur
espace,etendue r_quantificateur,r_quantificateur
capacite,contenance r_quantificateur,r_quantificateur
contenance,capacite r_quantificateur,r_quantificateur
densite,concentration r_quantificateur,r_quantificateur
concentration,densite r_quantificateur,r_quantificateur
dilution,concentration r_quantificateur,r_quantificateur
saturation,concentration r_quantificateur,r_quantificateur
purete,concentration r_quantificateur,r_quantificateur
teneur,concentration r_quantificateur,r_quantificateur
titre,concentration r_quantificateur,r_quantificateur
richesse,concentration r_quantificateur,r_quantificateur
abondance,quantite r_quantificateur,r_quantificateur
rarete,quantite r_quantificateur,r_quantificateur
profusion,quantite r_quantificateur,r_quantificateur
penurie,quantite r_quantificateur,r_quantificateur
exces,quantite r_quantificateur,r_quantificateur
deficit,quantite r_quantificateur,r_quantificateur
surplus,quantite r_quantificateur,r_quantificateur
manque,quantite r_quantificateur,r_quantificateur
insuffisance,quantite r_quantificateur,r_quantificateur
carence,quantite r_quantificateur,r_quantificateur
privation,quantite r_quantificateur,r_quantificateur
absence,quantite r_quantificateur,r_quantificateur
presence,quantite r_quantificateur,r_quantificateur
existence,quantite r_quantificateur,r_quantificateur
total,somme r_quantificateur,r_quantificateur
ensemble,collection r_quantificateur,r_quantificateur
collection,serie r_quantificateur,r_quantificateur
serie,collection r_quantificateur,r_quantificateur
lot,quantite r_quantificateur,r_quantificateur
batch,production r_quantificateur,r_quantificateur
fournee,cuisson r_quantificateur,r_quantificateur
tournee,distribution r_quantificateur,r_quantificateur
livraison,quantite r_quantificateur,r_quantificateur
cargaison,quantite r_quantificateur,r_quantificateur
chargement,capacite r_quantificateur,r_quantificateur
dechargement,quantite r_quantificateur,r_quantificateur
stock,reserve r_quantificateur,r_quantificateur
reserve,stock r_quantificateur,r_quantificateur
provision,reserve r_quantificateur,r_quantificateur
approvisionnement,quantite r_quantificateur,r_quantificateur
ravitaillement,quantite r_quantificateur,r_quantificateur
fourniture,quantite r_quantificateur,r_quantificateur
dotation,quantite r_quantificateur,r_quantificateur
allocation,quantite r_quantificateur,r_quantificateur
attribution,quantite r_quantificateur,r_quantificateur
distribution,quantite r_quantificateur,r_quantificateur
repartition,quantite r_quantificateur,r_quantificateur
partage,quantite r_quantificateur,r_quantificateur
division,quantite r_quantificateur,r_quantificateur
subdivision,quantite r_quantificateur,r_quantificateur
sectionnement,quantite r_quantificateur,r_quantificateur
fractionnement,quantite r_quantificateur,r_quantificateur
morcellement,quantite r_quantificateur,r_quantificateur
decoupage,quantite r_quantificateur,r_quantificateur
tranche,periode r_quantificateur,r_quantificateur
segment,duree r_quantificateur,r_quantificateur
intervalle,duree r_quantificateur,r_quantificateur
laps,duree r_quantificateur,r_quantificateur
delai,attente r_quantificateur,r_quantificateur
echeance,date r_quantificateur,r_quantificateur
terme,periode r_quantificateur,r_quantificateur
expiration,validite r_quantificateur,r_quantificateur
validite,duree r_quantificateur,r_quantificateur
duree,periode r_quantificateur,r_quantificateur
longueur,duree r_quantificateur,r_quantificateur
etendue,periode r_quantificateur,r_quantificateur
amplitude,variation r_quantificateur,r_quantificateur
ecart,difference r_quantificateur,r_quantificateur
difference,ecart r_quantificateur,r_quantificateur
decalage,variation r_quantificateur,r_quantificateur
variation,amplitude r_quantificateur,r_quantificateur
fluctuation,variation r_quantificateur,r_quantificateur
oscillation,variation r_quantificateur,r_quantificateur
modification,quantite r_quantificateur,r_quantificateur
changement,quantite r_quantificateur,r_quantificateur
transformation,quantite r_quantificateur,r_quantificateur
mutation,quantite r_quantificateur,r_quantificateur
evolution,quantite r_quantificateur,r_quantificateur
progression,quantite r_quantificateur,r_quantificateur
regression,quantite r_quantificateur,r_quantificateur
augmentation,quantite r_quantificateur,r_quantificateur
diminution,quantite r_quantificateur,r_quantificateur
accroissement,quantite r_quantificateur,r_quantificateur
reduction,quantite r_quantificateur,r_quantificateur
expansion,quantite r_quantificateur,r_quantificateur
contraction,quantite r_quantificateur,r_quantificateur
extension,quantite r_quantificateur,r_quantificateur
restriction,quantite r_quantificateur,r_quantificateur
amplification,quantite r_quantificateur,r_quantificateur
attenuation,quantite r_quantificateur,r_quantificateur
intensification,quantite r_quantificateur,r_quantificateur
affaiblissement,quantite r_quantificateur,r_quantificateur
renforcement,quantite r_quantificateur,r_quantificateur
consolidation,quantite r_quantificateur,r_quantificateur
stabilisation,quantite r_quantificateur,r_quantificateur
maintien,quantite r_quantificateur,r_quantificateur
conservation,quantite r_quantificateur,r_quantificateur
preservation,quantite r_quantificateur,r_quantificateur
sauvegarde,quantite r_quantificateur,r_quantificateur
protection,quantite r_quantificateur,r_quantificateur
securisation,quantite r_quantificateur,r_quantificateur
garantie,quantite r_quantificateur,r_quantificateur
assurance,quantite r_quantificateur,r_quantificateur
certitude,quantite r_quantificateur,r_quantificateur
probabilite,chance r_quantificateur,r_quantificateur
possibilite,chance r_quantificateur,r_quantificateur
chance,probabilite r_quantificateur,r_quantificateur
risque,probabilite r_quantificateur,r_quantificateur
danger,intensite r_quantificateur,r_quantificateur
menace,intensite r_quantificateur,r_quantificateur
peril,intensite r_quantificateur,r_quantificateur
securite,garantie r_quantificateur,r_quantificateur
fiabilite,garantie r_quantificateur,r_quantificateur
solidite,resistance r_quantificateur,r_quantificateur
resistance,force r_quantificateur,r_quantificateur
robustesse,force r_quantificateur,r_quantificateur
fragilite,faiblesse r_quantificateur,r_quantificateur
faiblesse,intensite r_quantificateur,r_quantificateur
vulnerabilite,faiblesse r_quantificateur,r_quantificateur
sensibilite,intensite r_quantificateur,r_quantificateur
reactivite,intensite r_quantificateur,r_quantificateur
tolerance,capacite r_quantificateur,r_quantificateur
resistance,capacite r_quantificateur,r_quantificateur
endurance,capacite r_quantificateur,r_quantificateur
capacite,mesure r_quantificateur,r_quantificateur
aptitude,mesure r_quantificateur,r_quantificateur
competence,mesure r_quantificateur,r_quantificateur
habilete,mesure r_quantificateur,r_quantificateur
dexterite,mesure r_quantificateur,r_quantificateur
adresse,mesure r_quantificateur,r_quantificateur
maitrise,mesure r_quantificateur,r_quantificateur
expertise,mesure r_quantificateur,r_quantificateur
experience,duree r_quantificateur,r_quantificateur
pratique,duree r_quantificateur,r_quantificateur
exercice,duree r_quantificateur,r_quantificateur
entrainement,duree r_quantificateur,r_quantificateur
preparation,duree r_quantificateur,r_quantificateur
formation,duree r_quantificateur,r_quantificateur
education,duree r_quantificateur,r_quantificateur
instruction,duree r_quantificateur,r_quantificateur
apprentissage,duree r_quantificateur,r_quantificateur
etude,duree r_quantificateur,r_quantificateur
recherche,duree r_quantificateur,r_quantificateur
investigation,duree r_quantificateur,r_quantificateur
exploration,duree r_quantificateur,r_quantificateur
examen,duree r_quantificateur,r_quantificateur
analyse,duree r_quantificateur,r_quantificateur
evaluation,duree r_quantificateur,r_quantificateur
appreciation,mesure r_quantificateur,r_quantificateur
estimation,mesure r_quantificateur,r_quantificateur
calcul,mesure r_quantificateur,r_quantificateur
computation,mesure r_quantificateur,r_quantificateur
mesure,quantite r_quantificateur,r_quantificateur
mesurage,quantite r_quantificateur,r_quantificateur
jaugeage,quantite r_quantificateur,r_quantificateur
dosage,quantite r_quantificateur,r_quantificateur
pesage,quantite r_quantificateur,r_quantificateur
comptage,quantite r_quantificateur,r_quantificateur
denombrement,quantite r_quantificateur,r_quantificateur
recensement,quantite r_quantificateur,r_quantificateur
inventaire,quantite r_quantificateur,r_quantificateur
catalogue,quantite r_quantificateur,r_quantificateur
liste,quantite r_quantificateur,r_quantificateur
enumeration,quantite r_quantificateur,r_quantificateur
serie,enumeration r_quantificateur,r_quantificateur
succession,serie r_quantificateur,r_quantificateur
enchainement,serie r_quantificateur,r_quantificateur
continuite,serie r_quantificateur,r_quantificateur
suite,continuite r_quantificateur,r_quantificateur
poursuite,duree r_quantificateur,r_quantificateur
continuation,duree r_quantificateur,r_quantificateur
prolongation,duree r_quantificateur,r_quantificateur
extension,duree r_quantificateur,r_quantificateur
allongement,duree r_quantificateur,r_quantificateur
raccourcissement,duree r_quantificateur,r_quantificateur
abregement,duree r_quantificateur,r_quantificateur
reduction,duree r_quantificateur,r_quantificateur
compression,duree r_quantificateur,r_quantificateur
condensation,quantite r_quantificateur,r_quantificateur
concentration,quantite r_quantificateur,r_quantificateur
accumulation,quantite r_quantificateur,r_quantificateur
entassement,quantite r_quantificateur,r_quantificateur
empilage,quantite r_quantificateur,r_quantificateur
amoncellement,quantite r_quantificateur,r_quantificateur
agregation,quantite r_quantificateur,r_quantificateur
agglomeration,quantite r_quantificateur,r_quantificateur
agglutination,quantite r_quantificateur,r_quantificateur
amalgame,quantite r_quantificateur,r_quantificateur
melange,quantite r_quantificateur,r_quantificateur
combinaison,quantite r_quantificateur,r_quantificateur
composition,quantite r_quantificateur,r_quantificateur
association,quantite r_quantificateur,r_quantificateur
union,quantite r_quantificateur,r_quantificateur
jonction,quantite r_quantificateur,r_quantificateur
liaison,quantite r_quantificateur,r_quantificateur
connexion,quantite r_quantificateur,r_quantificateur
rattachement,quantite r_quantificateur,r_quantificateur
assemblage,quantite r_quantificateur,r_quantificateur
montage,quantite r_quantificateur,r_quantificateur
construction,quantite r_quantificateur,r_quantificateur
edification,quantite r_quantificateur,r_quantificateur
erection,quantite r_quantificateur,r_quantificateur
elevation,hauteur r_quantificateur,r_quantificateur
hauteur,mesure r_quantificateur,r_quantificateur
altitude,mesure r_quantificateur,r_quantificateur
niveau,hauteur r_quantificateur,r_quantificateur
cote,hauteur r_quantificateur,r_quantificateur
profondeur,mesure r_quantificateur,r_quantificateur
creux,profondeur r_quantificateur,r_quantificateur
cavite,profondeur r_quantificateur,r_quantificateur
fosse,profondeur r_quantificateur,r_quantificateur
trou,profondeur r_quantificateur,r_quantificateur
puits,profondeur r_quantificateur,r_quantificateur
abime,profondeur r_quantificateur,r_quantificateur
gouffre,profondeur r_quantificateur,r_quantificateur
precipice,profondeur r_quantificateur,r_quantificateur
ravin,profondeur r_quantificateur,r_quantificateur
vallee,profondeur r_quantificateur,r_quantificateur
depression,profondeur r_quantificateur,r_quantificateur
cuvette,profondeur r_quantificateur,r_quantificateur
bassin,profondeur r_quantificateur,r_quantificateur
reservoir,capacite r_quantificateur,r_quantificateur
citerne,capacite r_quantificateur,r_quantificateur
cuve,capacite r_quantificateur,r_quantificateur
bac,capacite r_quantificateur,r_quantificateur
baquet,capacite r_quantificateur,r_quantificateur
seau,capacite r_quantificateur,r_quantificateur
sceau,quantite r_quantificateur,r_quantificateur
bidon,capacite r_quantificateur,r_quantificateur
jerrycan,capacite r_quantificateur,r_quantificateur
tonneau,capacite r_quantificateur,r_quantificateur
fut,capacite r_quantificateur,r_quantificateur
barrique,capacite r_quantificateur,r_quantificateur
amphore,capacite r_quantificateur,r_quantificateur
jarre,capacite r_quantificateur,r_quantificateur
cruche,capacite r_quantificateur,r_quantificateur
pichet,capacite r_quantificateur,r_quantificateur
pot,capacite r_quantificateur,r_quantificateur
recipient,capacite r_quantificateur,r_quantificateur
contenant,capacite r_quantificateur,r_quantificateur
conteneur,capacite r_quantificateur,r_quantificateur
emballage,capacite r_quantificateur,r_quantificateur
conditionnement,quantite r_quantificateur,r_quantificateur
presentation,quantite r_quantificateur,r_quantificateur
format,dimension r_quantificateur,r_quantificateur
taille,dimension r_quantificateur,r_quantificateur
dimension,mesure r_quantificateur,r_quantificateur
gabarit,dimension r_quantificateur,r_quantificateur
calibre,dimension r_quantificateur,r_quantificateur
module,dimension r_quantificateur,r_quantificateur
echelle,proportion r_quantificateur,r_quantificateur
proportion,mesure r_quantificateur,r_quantificateur
rapport,proportion r_quantificateur,r_quantificateur
relation,proportion r_quantificateur,r_quantificateur
correspondance,relation r_quantificateur,r_quantificateur
equivalence,relation r_quantificateur,r_quantificateur
egalite,relation r_quantificateur,r_quantificateur
identite,relation r_quantificateur,r_quantificateur
similitude,relation r_quantificateur,r_quantificateur
ressemblance,relation r_quantificateur,r_quantificateur
analogie,relation r_quantificateur,r_quantificateur
parente,relation r_quantificateur,r_quantificateur
affinite,relation r_quantificateur,r_quantificateur
proximite,distance r_quantificateur,r_quantificateur
voisinage,distance r_quantificateur,r_quantificateur
distance,mesure r_quantificateur,r_quantificateur
eloignement,distance r_quantificateur,r_quantificateur
ecartement,distance r_quantificateur,r_quantificateur
espacement,distance r_quantificateur,r_quantificateur
intervalle,distance r_quantificateur,r_quantificateur
separation,distance r_quantificateur,r_quantificateur
division,separation r_quantificateur,r_quantificateur
coupure,separation r_quantificateur,r_quantificateur
rupture,separation r_quantificateur,r_quantificateur
cassure,rupture r_quantificateur,r_quantificateur
fracture,rupture r_quantificateur,r_quantificateur
fissure,rupture r_quantificateur,r_quantificateur
fente,ouverture r_quantificateur,r_quantificateur
faille,rupture r_quantificateur,r_quantificateur
breche,ouverture r_quantificateur,r_quantificateur
ouverture,dimension r_quantificateur,r_quantificateur
fermeture,dimension r_quantificateur,r_quantificateur
occlusion,fermeture r_quantificateur,r_quantificateur
obturation,fermeture r_quantificateur,r_quantificateur
colmatage,fermeture r_quantificateur,r_quantificateur
bouchage,fermeture r_quantificateur,r_quantificateur
obstruction,fermeture r_quantificateur,r_quantificateur
blocage,obstruction r_quantificateur,r_quantificateur
barrage,obstruction r_quantificateur,r_quantificateur
digue,hauteur r_quantificateur,r_quantificateur
rempart,hauteur r_quantificateur,r_quantificateur
muraille,hauteur r_quantificateur,r_quantificateur
fortification,hauteur r_quantificateur,r_quantificateur
enceinte,dimension r_quantificateur,r_quantificateur
cloture,dimension r_quantificateur,r_quantificateur
palissade,dimension r_quantificateur,r_quantificateur
barriere,dimension r_quantificateur,r_quantificateur
grille,dimension r_quantificateur,r_quantificateur
portail,dimension r_quantificateur,r_quantificateur
porte,dimension r_quantificateur,r_quantificateur
seuil,hauteur r_quantificateur,r_quantificateur
passage,dimension r_quantificateur,r_quantificateur
corridor,dimension r_quantificateur,r_quantificateur
couloir,dimension r_quantificateur,r_quantificateur
galerie,dimension r_quantificateur,r_quantificateur
tunnel,dimension r_quantificateur,r_quantificateur
souterrain,dimension r_quantificateur,r_quantificateur
conduit,dimension r_quantificateur,r_quantificateur
canal,dimension r_quantificateur,r_quantificateur
tube,dimension r_quantificateur,r_quantificateur
tuyau,dimension r_quantificateur,r_quantificateur
pipe,dimension r_quantificateur,r_quantificateur
conduite,dimension r_quantificateur,r_quantificateur
canalisation,dimension r_quantificateur,r_quantificateur
tuyauterie,dimension r_quantificateur,r_quantificateur
plomberie,dimension r_quantificateur,r_quantificateur
reseau,etendue r_quantificateur,r_quantificateur
systeme,etendue r_quantificateur,r_quantificateur
installation,etendue r_quantificateur,r_quantificateur
equipement,quantite r_quantificateur,r_quantificateur
materiel,quantite r_quantificateur,r_quantificateur
outillage,quantite r_quantificateur,r_quantificateur
machinerie,quantite r_quantificateur,r_quantificateur
appareillage,quantite r_quantificateur,r_quantificateur
dispositif,quantite r_quantificateur,r_quantificateur
mecanisme,quantite r_quantificateur,r_quantificateur
engin,quantite r_quantificateur,r_quantificateur
machine,quantite r_quantificateur,r_quantificateur
instrument,quantite r_quantificateur,r_quantificateur
outil,quantite r_quantificateur,r_quantificateur
ustensile,quantite r_quantificateur,r_quantificateur
accessoire,quantite r_quantificateur,r_quantificateur
piece,quantite r_quantificateur,r_quantificateur
element,quantite r_quantificateur,r_quantificateur
composant,quantite r_quantificateur,r_quantificateur
constituant,quantite r_quantificateur,r_quantificateur
ingredient,quantite r_quantificateur,r_quantificateur
composante,quantite r_quantificateur,r_quantificateur
partie,quantite r_quantificateur,r_quantificateur
fragment,quantite r_quantificateur,r_quantificateur
morceau,quantite r_quantificateur,r_quantificateur
bribe,quantite r_quantificateur,r_quantificateur
lambeau,quantite r_quantificateur,r_quantificateur
debris,quantite r_quantificateur,r_quantificateur
reste,quantite r_quantificateur,r_quantificateur
residu,quantite r_quantificateur,r_quantificateur
dechet,quantite r_quantificateur,r_quantificateur
rebut,quantite r_quantificateur,r_quantificateur
ordure,quantite r_quantificateur,r_quantificateur
detritus,quantite r_quantificateur,r_quantificateur
immondice,quantite r_quantificateur,r_quantificateur
poubelle,quantite r_quantificateur,r_quantificateur
decharge,quantite r_quantificateur,r_quantificateur
depotoir,quantite r_quantificateur,r_quantificateur
amas,concentration r_quantificateur,r_quantificateur
monceau,quantite r_quantificateur,r_quantificateur
montagne,quantite r_quantificateur,r_quantificateur
colline,hauteur r_quantificateur,r_quantificateur
butte,hauteur r_quantificateur,r_quantificateur
tertre,hauteur r_quantificateur,r_quantificateur
monticule,hauteur r_quantificateur,r_quantificateur
elevation,altitude r_quantificateur,r_quantificateur
relief,hauteur r_quantificateur,r_quantificateur
sommet,hauteur r_quantificateur,r_quantificateur
cime,hauteur r_quantificateur,r_quantificateur
pic,hauteur r_quantificateur,r_quantificateur
crete,hauteur r_quantificateur,r_quantificateur
faite,hauteur r_quantificateur,r_quantificateur
apogee,hauteur r_quantificateur,r_quantificateur
zenith,hauteur r_quantificateur,r_quantificateur
maximum,quantite r_quantificateur,r_quantificateur
optimum,quantite r_quantificateur,r_quantificateur
plafond,limite r_quantificateur,r_quantificateur
limite,quantite r_quantificateur,r_quantificateur
borne,limite r_quantificateur,r_quantificateur
seuil,limite r_quantificateur,r_quantificateur
plancher,limite r_quantificateur,r_quantificateur
minimum,quantite r_quantificateur,r_quantificateur
nadir,profondeur r_quantificateur,r_quantificateur
creux,intensite r_quantificateur,r_quantificateur
base,quantite r_quantificateur,r_quantificateur
fond,profondeur r_quantificateur,r_quantificateur
fondement,base r_quantificateur,r_quantificateur
fondation,base r_quantificateur,r_quantificateur
soubassement,base r_quantificateur,r_quantificateur
assise,base r_quantificateur,r_quantificateur
support,capacite r_quantificateur,r_quantificateur
soutien,capacite r_quantificateur,r_quantificateur
appui,capacite r_quantificateur,r_quantificateur
etai,capacite r_quantificateur,r_quantificateur
bequille,capacite r_quantificateur,r_quantificateur
pilier,capacite r_quantificateur,r_quantificateur
colonne,capacite r_quantificateur,r_quantificateur
poteau,hauteur r_quantificateur,r_quantificateur
pylone,hauteur r_quantificateur,r_quantificateur
mat,hauteur r_quantificateur,r_quantificateur
perche,longueur r_quantificateur,r_quantificateur
chef,groupe r_social_tie,r_social_tie
directeur,societe r_social_tie,r_social_tie
president,association r_social_tie,r_social_tie
patron,entreprise r_social_tie,r_social_tie
responsable,equipe r_social_tie,r_social_tie
dirigeant,organisation r_social_tie,r_social_tie
gerant,magasin r_social_tie,r_social_tie
manager,departement r_social_tie,r_social_tie
superviseur,service r_social_tie,r_social_tie
coordinateur,projet r_social_tie,r_social_tie
leader,mouvement r_social_tie,r_social_tie
capitaine,equipe r_social_tie,r_social_tie
commandant,bataillon r_social_tie,r_social_tie
general,armee r_social_tie,r_social_tie
colonel,regiment r_social_tie,r_social_tie
major,compagnie r_social_tie,r_social_tie
lieutenant,section r_social_tie,r_social_tie
sergent,peloton r_social_tie,r_social_tie
caporal,escouade r_social_tie,r_social_tie
soldat,troupe r_social_tie,r_social_tie
membre,famille r_social_tie,r_social_tie
pere,enfant r_social_tie,r_social_tie
mere,bebe r_social_tie,r_social_tie
fils,parent r_social_tie,r_social_tie
fille,mere r_social_tie,r_social_tie
frere,sœur r_social_tie,r_social_tie
sœur,frere r_social_tie,r_social_tie
grand pere,petit fils r_social_tie,r_social_tie
grand mere,petite fille r_social_tie,r_social_tie
oncle,neveu r_social_tie,r_social_tie
tante,niece r_social_tie,r_social_tie
cousin,cousine r_social_tie,r_social_tie
neveu,oncle r_social_tie,r_social_tie
niece,tante r_social_tie,r_social_tie
parrain,filleul r_social_tie,r_social_tie
marraine,filleule r_social_tie,r_social_tie
filleul,parrain r_social_tie,r_social_tie
filleule,marraine r_social_tie,r_social_tie
epoux,epouse r_social_tie,r_social_tie
mari,femme r_social_tie,r_social_tie
femme,mari r_social_tie,r_social_tie
conjoint,conjointe r_social_tie,r_social_tie
compagnon,compagne r_social_tie,r_social_tie
fiance,fiancee r_social_tie,r_social_tie
petit ami,petite amie r_social_tie,r_social_tie
amant,amante r_social_tie,r_social_tie
ami,ami r_social_tie,r_social_tie
camarade,camarade r_social_tie,r_social_tie
copain,copine r_social_tie,r_social_tie
collegue,bureau r_social_tie,r_social_tie
confrere,profession r_social_tie,r_social_tie
consœur,metier r_social_tie,r_social_tie
associe,affaire r_social_tie,r_social_tie
partenaire,entreprise r_social_tie,r_social_tie
collaborateur,projet r_social_tie,r_social_tie
coequipier,equipe r_social_tie,r_social_tie
complice,action r_social_tie,r_social_tie
allie,cause r_social_tie,r_social_tie
partisan,mouvement r_social_tie,r_social_tie
adherent,parti r_social_tie,r_social_tie
militant,organisation r_social_tie,r_social_tie
sympathisant,idee r_social_tie,r_social_tie
supporter,club r_social_tie,r_social_tie
fan,artiste r_social_tie,r_social_tie
admirateur,personnalite r_social_tie,r_social_tie
disciple,maitre r_social_tie,r_social_tie
eleve,professeur r_social_tie,r_social_tie
etudiant,universite r_social_tie,r_social_tie
ecolier,ecole r_social_tie,r_social_tie
apprenant,formation r_social_tie,r_social_tie
stagiaire,stage r_social_tie,r_social_tie
apprenti,maitre r_social_tie,r_social_tie
novice,domaine r_social_tie,r_social_tie
debutant,activite r_social_tie,r_social_tie
professeur,classe r_social_tie,r_social_tie
enseignant,matiere r_social_tie,r_social_tie
instituteur,ecole r_social_tie,r_social_tie
maitre,eleve r_social_tie,r_social_tie
formateur,formation r_social_tie,r_social_tie
instructeur,cours r_social_tie,r_social_tie
tuteur,eleve r_social_tie,r_social_tie
mentor,protege r_social_tie,r_social_tie
guide,groupe r_social_tie,r_social_tie
conseiller,client r_social_tie,r_social_tie
expert,domaine r_social_tie,r_social_tie
specialiste,sujet r_social_tie,r_social_tie
consultant,entreprise r_social_tie,r_social_tie
medecin,patient r_social_tie,r_social_tie
docteur,malade r_social_tie,r_social_tie
infirmier,patient r_social_tie,r_social_tie
chirurgien,hopital r_social_tie,r_social_tie
dentiste,cabinet r_social_tie,r_social_tie
pharmacien,pharmacie r_social_tie,r_social_tie
therapeute,patient r_social_tie,r_social_tie
psychologue,consultation r_social_tie,r_social_tie
psychiatre,clinique r_social_tie,r_social_tie
avocat,client r_social_tie,r_social_tie
notaire,etude r_social_tie,r_social_tie
juge,tribunal r_social_tie,r_social_tie
procureur,parquet r_social_tie,r_social_tie
magistrat,cour r_social_tie,r_social_tie
huissier,justice r_social_tie,r_social_tie
greffier,tribunal r_social_tie,r_social_tie
policier,commissariat r_social_tie,r_social_tie
gendarme,brigade r_social_tie,r_social_tie
inspecteur,police r_social_tie,r_social_tie
detective,agence r_social_tie,r_social_tie
garde,securite r_social_tie,r_social_tie
vigile,entreprise r_social_tie,r_social_tie
pompier,caserne r_social_tie,r_social_tie
sauveteur,plage r_social_tie,r_social_tie
secouriste,equipe r_social_tie,r_social_tie
pretre,paroisse r_social_tie,r_social_tie
pasteur,eglise r_social_tie,r_social_tie
imam,mosquee r_social_tie,r_social_tie
rabbin,synagogue r_social_tie,r_social_tie
moine,monastere r_social_tie,r_social_tie
religieux,ordre r_social_tie,r_social_tie
eveque,diocese r_social_tie,r_social_tie
cardinal,eglise r_social_tie,r_social_tie
pape,eglise r_social_tie,r_social_tie
maire,ville r_social_tie,r_social_tie
depute,circonscription r_social_tie,r_social_tie
senateur,region r_social_tie,r_social_tie
ministre,gouvernement r_social_tie,r_social_tie
secretaire,cabinet r_social_tie,r_social_tie
conseiller,mairie r_social_tie,r_social_tie
prefet,departement r_social_tie,r_social_tie
ambassadeur,pays r_social_tie,r_social_tie
consul,consulat r_social_tie,r_social_tie
diplomate,ambassade r_social_tie,r_social_tie
fonctionnaire,administration r_social_tie,r_social_tie
employe,fonction r_social_tie,r_social_tie
agent,service r_social_tie,r_social_tie
ouvrier,usine r_social_tie,r_social_tie
artisan,atelier r_social_tie,r_social_tie
commercant,boutique r_social_tie,r_social_tie
vendeur,magasin r_social_tie,r_social_tie
caissier,caisse r_social_tie,r_social_tie
serveur,restaurant r_social_tie,r_social_tie
cuisinier,cuisine r_social_tie,r_social_tie
chef,cuisine r_social_tie,r_social_tie
patissier,patisserie r_social_tie,r_social_tie
boulanger,boulangerie r_social_tie,r_social_tie
boucher,boucherie r_social_tie,r_social_tie
poissonnier,poissonnerie r_social_tie,r_social_tie
epicier,epicerie r_social_tie,r_social_tie
libraire,librairie r_social_tie,r_social_tie
fleuriste,fleuriste r_social_tie,r_social_tie
coiffeur,salon r_social_tie,r_social_tie
estheticienne,institut r_social_tie,r_social_tie
banquier,banque r_social_tie,r_social_tie
comptable,cabinet r_social_tie,r_social_tie
economiste,institut r_social_tie,r_social_tie
financier,societe r_social_tie,r_social_tie
trader,bourse r_social_tie,r_social_tie
courtier,bourse r_social_tie,r_social_tie
agent,assurance r_social_tie,r_social_tie
assureur,compagnie r_social_tie,r_social_tie
architecte,cabinet r_social_tie,r_social_tie
ingenieur,bureau r_social_tie,r_social_tie
technicien,laboratoire r_social_tie,r_social_tie
mecanicien,garage r_social_tie,r_social_tie
electricien,entreprise r_social_tie,r_social_tie
plombier,societe r_social_tie,r_social_tie
macon,chantier r_social_tie,r_social_tie
charpentier,chantier r_social_tie,r_social_tie
menuisier,atelier r_social_tie,r_social_tie
peintre,batiment r_social_tie,r_social_tie
jardinier,jardin r_social_tie,r_social_tie
paysagiste,entreprise r_social_tie,r_social_tie
agriculteur,ferme r_social_tie,r_social_tie
eleveur,exploitation r_social_tie,r_social_tie
berger,troupeau r_social_tie,r_social_tie
paysan,terre r_social_tie,r_social_tie
vigneron,vignoble r_social_tie,r_social_tie
viticulteur,domaine r_social_tie,r_social_tie
pecheur,bateau r_social_tie,r_social_tie
marin,navire r_social_tie,r_social_tie
capitaine,bateau r_social_tie,r_social_tie
pilote,avion r_social_tie,r_social_tie
steward,compagnie r_social_tie,r_social_tie
hotesse,air r_social_tie,r_social_tie
conducteur,train r_social_tie,r_social_tie
chauffeur,bus r_social_tie,r_social_tie
routier,camion r_social_tie,r_social_tie
livreur,societe r_social_tie,r_social_tie
facteur,poste r_social_tie,r_social_tie
postier,bureau r_social_tie,r_social_tie
journaliste,journal r_social_tie,r_social_tie
reporter,presse r_social_tie,r_social_tie
redacteur,magazine r_social_tie,r_social_tie
editeur,maison r_social_tie,r_social_tie
ecrivain,livre r_social_tie,r_social_tie
auteur,œuvre r_social_tie,r_social_tie
poete,poesie r_social_tie,r_social_tie
romancier,roman r_social_tie,r_social_tie
dramaturge,theatre r_social_tie,r_social_tie
scenariste,film r_social_tie,r_social_tie
realisateur,cinema r_social_tie,r_social_tie
metteur,scene r_social_tie,r_social_tie
acteur,theatre r_social_tie,r_social_tie
comedien,troupe r_social_tie,r_social_tie
artiste,scene r_social_tie,r_social_tie
chanteur,groupe r_social_tie,r_social_tie
musicien,orchestre r_social_tie,r_social_tie
compositeur,musique r_social_tie,r_social_tie
chef,orchestre r_social_tie,r_social_tie
soliste,concert r_social_tie,r_social_tie
danseur,ballet r_social_tie,r_social_tie
choregraphe,compagnie r_social_tie,r_social_tie
peintre,tableau r_social_tie,r_social_tie
sculpteur,statue r_social_tie,r_social_tie
photographe,studio r_social_tie,r_social_tie
dessinateur,bande r_social_tie,r_social_tie
illustrateur,livre r_social_tie,r_social_tie
graphiste,agence r_social_tie,r_social_tie
designer,mode r_social_tie,r_social_tie
styliste,collection r_social_tie,r_social_tie
couturier,maison r_social_tie,r_social_tie
modeliste,atelier r_social_tie,r_social_tie
mannequin,defile r_social_tie,r_social_tie
sportif,equipe r_social_tie,r_social_tie
athlete,club r_social_tie,r_social_tie
joueur,football r_social_tie,r_social_tie
footballeur,equipe r_social_tie,r_social_tie
basketteur,club r_social_tie,r_social_tie
tennismann,circuit r_social_tie,r_social_tie
cycliste,equipe r_social_tie,r_social_tie
nageur,club r_social_tie,r_social_tie
skieur,equipe r_social_tie,r_social_tie
boxeur,club r_social_tie,r_social_tie
judoka,dojo r_social_tie,r_social_tie
karateka,club r_social_tie,r_social_tie
entraineur,equipe r_social_tie,r_social_tie
coach,sportif r_social_tie,r_social_tie
preparateur,physique r_social_tie,r_social_tie
arbitre,match r_social_tie,r_social_tie
juge,competition r_social_tie,r_social_tie
chef,departement r_social_tie,r_social_tie
directeur,service r_social_tie,r_social_tie
president,conseil r_social_tie,r_social_tie
patron,restaurant r_social_tie,r_social_tie
responsable,projet r_social_tie,r_social_tie
dirigeant,parti r_social_tie,r_social_tie
gerant,commerce r_social_tie,r_social_tie
manager,magasin r_social_tie,r_social_tie
superviseur,chantier r_social_tie,r_social_tie
coordinateur,programme r_social_tie,r_social_tie
leader,syndicat r_social_tie,r_social_tie
capitaine,navire r_social_tie,r_social_tie
commandant,regiment r_social_tie,r_social_tie
general,corps r_social_tie,r_social_tie
colonel,bataillon r_social_tie,r_social_tie
major,escadron r_social_tie,r_social_tie
lieutenant,peloton r_social_tie,r_social_tie
sergent,groupe r_social_tie,r_social_tie
caporal,detachement r_social_tie,r_social_tie
soldat,contingent r_social_tie,r_social_tie
membre,club r_social_tie,r_social_tie
pere,foyer r_social_tie,r_social_tie
mere,menage r_social_tie,r_social_tie
fils,couple r_social_tie,r_social_tie
fille,mariage r_social_tie,r_social_tie
frere,garcon r_social_tie,r_social_tie
sœur,enfant r_social_tie,r_social_tie
grand pere,patriarche r_social_tie,r_social_tie
grand mere,clan r_social_tie,r_social_tie
oncle,cote r_social_tie,r_social_tie
tante,parent r_social_tie,r_social_tie
cousin,degre r_social_tie,r_social_tie
neveu,frere r_social_tie,r_social_tie
niece,parent r_social_tie,r_social_tie
parrain,bapteme r_social_tie,r_social_tie
marraine,sacrement r_social_tie,r_social_tie
filleul,bapteme r_social_tie,r_social_tie
epoux,couple r_social_tie,r_social_tie
mari,mariage r_social_tie,r_social_tie
femme,foyer r_social_tie,r_social_tie
conjoint,menage r_social_tie,r_social_tie
compagnon,duo r_social_tie,r_social_tie
fiance,mariage r_social_tie,r_social_tie
petit ami,couple r_social_tie,r_social_tie
amant,secret r_social_tie,r_social_tie
ami,cœur r_social_tie,r_social_tie
camarade,groupe r_social_tie,r_social_tie
copain,bande r_social_tie,r_social_tie
collegue,travail r_social_tie,r_social_tie
confrere,barreau r_social_tie,r_social_tie
associe,cabinet r_social_tie,r_social_tie
partenaire,contrat r_social_tie,r_social_tie
collaborateur,dossier r_social_tie,r_social_tie
coequipier,match r_social_tie,r_social_tie
complice,crime r_social_tie,r_social_tie
allie,pacte r_social_tie,r_social_tie
partisan,leader r_social_tie,r_social_tie
adherent,syndicat r_social_tie,r_social_tie
militant,combat r_social_tie,r_social_tie
sympathisant,parti r_social_tie,r_social_tie
supporter,stade r_social_tie,r_social_tie
fan,concert r_social_tie,r_social_tie
admirateur,talent r_social_tie,r_social_tie
disciple,gourou r_social_tie,r_social_tie
eleve,cours r_social_tie,r_social_tie
etudiant,campus r_social_tie,r_social_tie
ecolier,primaire r_social_tie,r_social_tie
apprenant,programme r_social_tie,r_social_tie
stagiaire,centre r_social_tie,r_social_tie
apprenti,metier r_social_tie,r_social_tie
novice,couvent r_social_tie,r_social_tie
debutant,secteur r_social_tie,r_social_tie
professeur,lycee r_social_tie,r_social_tie
enseignant,college r_social_tie,r_social_tie
instituteur,village r_social_tie,r_social_tie
maitre,savoir r_social_tie,r_social_tie
formateur,organisme r_social_tie,r_social_tie
instructeur,stage r_social_tie,r_social_tie
tuteur,systeme r_social_tie,r_social_tie
mentor,parcours r_social_tie,r_social_tie
guide,voyage r_social_tie,r_social_tie
conseiller,orientation r_social_tie,r_social_tie
expert,tribunal r_social_tie,r_social_tie
specialiste,domaine r_social_tie,r_social_tie
consultant,cabinet r_social_tie,r_social_tie
medecin,centre r_social_tie,r_social_tie
docteur,cabinet r_social_tie,r_social_tie
infirmier,hopital r_social_tie,r_social_tie
chirurgien,bloc r_social_tie,r_social_tie
dentiste,centre r_social_tie,r_social_tie
pharmacien,quartier r_social_tie,r_social_tie
therapeute,cabinet r_social_tie,r_social_tie
psychologue,centre r_social_tie,r_social_tie
psychiatre,service r_social_tie,r_social_tie
avocat,barreau r_social_tie,r_social_tie
notaire,canton r_social_tie,r_social_tie
juge,siege r_social_tie,r_social_tie
procureur,ministere r_social_tie,r_social_tie
magistrat,parquet r_social_tie,r_social_tie
huissier,ressort r_social_tie,r_social_tie
greffier,greffe r_social_tie,r_social_tie
policier,poste r_social_tie,r_social_tie
gendarme,canton r_social_tie,r_social_tie
inspecteur,service r_social_tie,r_social_tie
detective,bureau r_social_tie,r_social_tie
garde,corps r_social_tie,r_social_tie
vigile,site r_social_tie,r_social_tie
pompier,centre r_social_tie,r_social_tie
sauveteur,poste r_social_tie,r_social_tie
secouriste,poste r_social_tie,r_social_tie
pretre,diocese r_social_tie,r_social_tie
pasteur,temple r_social_tie,r_social_tie
imam,quartier r_social_tie,r_social_tie
rabbin,consistoire r_social_tie,r_social_tie
moine,couvent r_social_tie,r_social_tie
religieux,clerge r_social_tie,r_social_tie
eveque,siege r_social_tie,r_social_tie
cardinal,vatican r_social_tie,r_social_tie
pape,vatican r_social_tie,r_social_tie
maire,canton r_social_tie,r_social_tie
depute,parlement r_social_tie,r_social_tie
senateur,senat r_social_tie,r_social_tie
ministre,portefeuille r_social_tie,r_social_tie
secretaire,ministere r_social_tie,r_social_tie
conseiller,conseil r_social_tie,r_social_tie
prefet,territoire r_social_tie,r_social_tie
ambassadeur,poste r_social_tie,r_social_tie
consul,poste r_social_tie,r_social_tie
diplomate,ministere r_social_tie,r_social_tie
fonctionnaire,ministere r_social_tie,r_social_tie
employe,service r_social_tie,r_social_tie
agent,bureau r_social_tie,r_social_tie
ouvrier,atelier r_social_tie,r_social_tie
artisan,quartier r_social_tie,r_social_tie
commercant,centre r_social_tie,r_social_tie
vendeur,rayon r_social_tie,r_social_tie
caissier,supermarche r_social_tie,r_social_tie
serveur,cafe r_social_tie,r_social_tie
cuisinier,restaurant r_social_tie,r_social_tie
chef,etablissement r_social_tie,r_social_tie
patissier,quartier r_social_tie,r_social_tie
boulanger,village r_social_tie,r_social_tie
boucher,marche r_social_tie,r_social_tie
poissonnier,port r_social_tie,r_social_tie
epicier,coin r_social_tie,r_social_tie
libraire,centre r_social_tie,r_social_tie
fleuriste,marche r_social_tie,r_social_tie
coiffeur,quartier r_social_tie,r_social_tie
estheticienne,centre r_social_tie,r_social_tie
banquier,agence r_social_tie,r_social_tie
comptable,bureau r_social_tie,r_social_tie
economiste,ministere r_social_tie,r_social_tie
financier,groupe r_social_tie,r_social_tie
trader,salle r_social_tie,r_social_tie
courtier,marche r_social_tie,r_social_tie
agent,reseau r_social_tie,r_social_tie
assureur,secteur r_social_tie,r_social_tie
architecte,projet r_social_tie,r_social_tie
ingenieur,chantier r_social_tie,r_social_tie
technicien,service r_social_tie,r_social_tie
mecanicien,atelier r_social_tie,r_social_tie
electricien,chantier r_social_tie,r_social_tie
plombier,quartier r_social_tie,r_social_tie
macon,batiment r_social_tie,r_social_tie
charpentier,toit r_social_tie,r_social_tie
menuisier,bois r_social_tie,r_social_tie
peintre,mur r_social_tie,r_social_tie
jardinier,parc r_social_tie,r_social_tie
paysagiste,terrain r_social_tie,r_social_tie
agriculteur,village r_social_tie,r_social_tie
eleveur,betail r_social_tie,r_social_tie
berger,alpage r_social_tie,r_social_tie
paysan,terroir r_social_tie,r_social_tie
vigneron,coteau r_social_tie,r_social_tie
viticulteur,chai r_social_tie,r_social_tie
pecheur,port r_social_tie,r_social_tie
marin,bord r_social_tie,r_social_tie
capitaine,pont r_social_tie,r_social_tie
pilote,cockpit r_social_tie,r_social_tie
steward,vol r_social_tie,r_social_tie
hotesse,vol r_social_tie,r_social_tie
chauffeur,vehicule r_social_tie,r_social_tie
routier,transport r_social_tie,r_social_tie
livreur,colis r_social_tie,r_social_tie
facteur,secteur r_social_tie,r_social_tie
postier,guichet r_social_tie,r_social_tie
journaliste,quotidien r_social_tie,r_social_tie
reporter,terrain r_social_tie,r_social_tie
redacteur,journal r_social_tie,r_social_tie
editeur,livre r_social_tie,r_social_tie
ecrivain,roman r_social_tie,r_social_tie
auteur,texte r_social_tie,r_social_tie
poete,vers r_social_tie,r_social_tie
romancier,recit r_social_tie,r_social_tie
dramaturge,piece r_social_tie,r_social_tie
scenariste,scenario r_social_tie,r_social_tie
realisateur,film r_social_tie,r_social_tie
metteur,spectacle r_social_tie,r_social_tie
acteur,role r_social_tie,r_social_tie
comedien,plateau r_social_tie,r_social_tie
artiste,spectacle r_social_tie,r_social_tie
chanteur,concert r_social_tie,r_social_tie
musicien,pupitre r_social_tie,r_social_tie
compositeur,morceau r_social_tie,r_social_tie
chef,podium r_social_tie,r_social_tie
soliste,recital r_social_tie,r_social_tie
danseur,corps r_social_tie,r_social_tie
choregraphe,ballet r_social_tie,r_social_tie
peintre,chevalet r_social_tie,r_social_tie
sculpteur,atelier r_social_tie,r_social_tie
photographe,cliche r_social_tie,r_social_tie
dessinateur,trait r_social_tie,r_social_tie
illustrateur,dessin r_social_tie,r_social_tie
graphiste,design r_social_tie,r_social_tie
designer,bureau r_social_tie,r_social_tie
styliste,atelier r_social_tie,r_social_tie
couturier,haute r_social_tie,r_social_tie
modeliste,patron r_social_tie,r_social_tie
mannequin,podium r_social_tie,r_social_tie
sportif,sport r_social_tie,r_social_tie
athlete,stade r_social_tie,r_social_tie
joueur,terrain r_social_tie,r_social_tie
footballeur,ballon r_social_tie,r_social_tie
basketteur,panier r_social_tie,r_social_tie
tennismann,court r_social_tie,r_social_tie
cycliste,peloton r_social_tie,r_social_tie
nageur,bassin r_social_tie,r_social_tie
skieur,piste r_social_tie,r_social_tie
boxeur,ring r_social_tie,r_social_tie
judoka,tatami r_social_tie,r_social_tie
karateka,combat r_social_tie,r_social_tie
entraineur,banc r_social_tie,r_social_tie
coach,staff r_social_tie,r_social_tie
preparateur,condition r_social_tie,r_social_tie
arbitre,sifflet r_social_tie,r_social_tie
juge,jury r_social_tie,r_social_tie
chef,equipe r_social_tie,r_social_tie
responsable,section r_social_tie,r_social_tie
gerant,boutique r_social_tie,r_social_tie
manager,equipe r_social_tie,r_social_tie
superviseur,production r_social_tie,r_social_tie
coordinateur,mission r_social_tie,r_social_tie
leader,revolution r_social_tie,r_social_tie
commandant,troupe r_social_tie,r_social_tie
general,division r_social_tie,r_social_tie
colonel,garnison r_social_tie,r_social_tie
major,promotion r_social_tie,r_social_tie
lieutenant,compagnie r_social_tie,r_social_tie
sergent,garde r_social_tie,r_social_tie
caporal,patrouille r_social_tie,r_social_tie
soldat,armee r_social_tie,r_social_tie
pere,famille r_social_tie,r_social_tie
mere,maison r_social_tie,r_social_tie
fils,lignee r_social_tie,r_social_tie
fille,maison r_social_tie,r_social_tie
frere,fratrie r_social_tie,r_social_tie
sœur,famille r_social_tie,r_social_tie
grand pere,famille r_social_tie,r_social_tie
grand mere,famille r_social_tie,r_social_tie
oncle,branche r_social_tie,r_social_tie
tante,famille r_social_tie,r_social_tie
cousin,famille r_social_tie,r_social_tie
neveu,famille r_social_tie,r_social_tie
parrain,ceremonie r_social_tie,r_social_tie
marraine,enfant r_social_tie,r_social_tie
filleul,marraine r_social_tie,r_social_tie
filleule,parrain r_social_tie,r_social_tie
epoux,union r_social_tie,r_social_tie
mari,epouse r_social_tie,r_social_tie
femme,epoux r_social_tie,r_social_tie
conjoint,union r_social_tie,r_social_tie
compagnon,vie r_social_tie,r_social_tie
fiance,promise r_social_tie,r_social_tie
petit ami,fille r_social_tie,r_social_tie
amant,liaison r_social_tie,r_social_tie
ami,vie r_social_tie,r_social_tie
camarade,classe r_social_tie,r_social_tie
collegue,entreprise r_social_tie,r_social_tie
consœur,corporation r_social_tie,r_social_tie
associe,firme r_social_tie,r_social_tie
partenaire,affaire r_social_tie,r_social_tie
collaborateur,equipe r_social_tie,r_social_tie
coequipier,formation r_social_tie,r_social_tie
complice,affaire r_social_tie,r_social_tie
allie,coalition r_social_tie,r_social_tie
partisan,cause r_social_tie,r_social_tie
adherent,association r_social_tie,r_social_tie
militant,lutte r_social_tie,r_social_tie
sympathisant,cause r_social_tie,r_social_tie
supporter,equipe r_social_tie,r_social_tie
fan,star r_social_tie,r_social_tie
admirateur,diva r_social_tie,r_social_tie
disciple,doctrine r_social_tie,r_social_tie
eleve,ecole r_social_tie,r_social_tie
etudiant,faculte r_social_tie,r_social_tie
ecolier,classe r_social_tie,r_social_tie
apprenant,ecole r_social_tie,r_social_tie
stagiaire,entreprise r_social_tie,r_social_tie
apprenti,corporation r_social_tie,r_social_tie
novice,congregation r_social_tie,r_social_tie
debutant,carriere r_social_tie,r_social_tie
professeur,faculte r_social_tie,r_social_tie
enseignant,ecole r_social_tie,r_social_tie
instituteur,classe r_social_tie,r_social_tie
maitre,ecole r_social_tie,r_social_tie
formateur,ecole r_social_tie,r_social_tie
instructeur,ecole r_social_tie,r_social_tie
tuteur,ecole r_social_tie,r_social_tie
mentor,carriere r_social_tie,r_social_tie
guide,expedition r_social_tie,r_social_tie
expert,cour r_social_tie,r_social_tie
specialiste,matiere r_social_tie,r_social_tie
consultant,firme r_social_tie,r_social_tie
medecin,clinique r_social_tie,r_social_tie
docteur,pratique r_social_tie,r_social_tie
infirmier,service r_social_tie,r_social_tie
chirurgien,clinique r_social_tie,r_social_tie
dentiste,clinique r_social_tie,r_social_tie
pharmacien,officine r_social_tie,r_social_tie
therapeute,clinique r_social_tie,r_social_tie
psychologue,clinique r_social_tie,r_social_tie
avocat,defense r_social_tie,r_social_tie
juge,chambre r_social_tie,r_social_tie
procureur,republique r_social_tie,r_social_tie
magistrat,justice r_social_tie,r_social_tie
greffier,chambre r_social_tie,r_social_tie
policier,brigade r_social_tie,r_social_tie
gendarme,compagnie r_social_tie,r_social_tie
inspecteur,brigade r_social_tie,r_social_tie
garde,propriete r_social_tie,r_social_tie
vigile,nuit r_social_tie,r_social_tie
pompier,brigade r_social_tie,r_social_tie
sauveteur,mer r_social_tie,r_social_tie
secouriste,croix r_social_tie,r_social_tie
pretre,eglise r_social_tie,r_social_tie
pasteur,communaute r_social_tie,r_social_tie
imam,communaute r_social_tie,r_social_tie
rabbin,communaute r_social_tie,r_social_tie
moine,abbaye r_social_tie,r_social_tie
religieux,congregation r_social_tie,r_social_tie
eveque,eglise r_social_tie,r_social_tie
pape,chretiente r_social_tie,r_social_tie
maire,commune r_social_tie,r_social_tie
depute,nation r_social_tie,r_social_tie
senateur,republique r_social_tie,r_social_tie
ministre,republique r_social_tie,r_social_tie
secretaire,etat r_social_tie,r_social_tie
conseiller,municipalite r_social_tie,r_social_tie
prefet,region r_social_tie,r_social_tie
ambassadeur,nation r_social_tie,r_social_tie
consul,nation r_social_tie,r_social_tie
diplomate,carriere r_social_tie,r_social_tie
fonctionnaire,etat r_social_tie,r_social_tie
agent,administration r_social_tie,r_social_tie
ouvrier,fabrique r_social_tie,r_social_tie
artisan,corporation r_social_tie,r_social_tie
commercant,rue r_social_tie,r_social_tie
vendeur,boutique r_social_tie,r_social_tie
caissier,boutique r_social_tie,r_social_tie
serveur,salle r_social_tie,r_social_tie
cuisinier,brigade r_social_tie,r_social_tie
chef,brigade r_social_tie,r_social_tie
patissier,boutique r_social_tie,r_social_tie
boulanger,boutique r_social_tie,r_social_tie
boucher,boutique r_social_tie,r_social_tie
poissonnier,halle r_social_tie,r_social_tie
epicier,boutique r_social_tie,r_social_tie
libraire,boutique r_social_tie,r_social_tie
fleuriste,boutique r_social_tie,r_social_tie
coiffeur,boutique r_social_tie,r_social_tie
estheticienne,boutique r_social_tie,r_social_tie
comptable,entreprise r_social_tie,r_social_tie
economiste,banque r_social_tie,r_social_tie
financier,banque r_social_tie,r_social_tie
trader,banque r_social_tie,r_social_tie
courtier,banque r_social_tie,r_social_tie
agent,compagnie r_social_tie,r_social_tie
architecte,agence r_social_tie,r_social_tie
ingenieur,agence r_social_tie,r_social_tie
technicien,agence r_social_tie,r_social_tie
mecanicien,agence r_social_tie,r_social_tie
electricien,agence r_social_tie,r_social_tie
plombier,agence r_social_tie,r_social_tie
macon,entreprise r_social_tie,r_social_tie
charpentier,entreprise r_social_tie,r_social_tie
menuisier,entreprise r_social_tie,r_social_tie
peintre,entreprise r_social_tie,r_social_tie
jardinier,entreprise r_social_tie,r_social_tie
paysagiste,agence r_social_tie,r_social_tie
agriculteur,exploitation r_social_tie,r_social_tie
eleveur,ferme r_social_tie,r_social_tie
berger,montagne r_social_tie,r_social_tie
paysan,campagne r_social_tie,r_social_tie
vigneron,vigne r_social_tie,r_social_tie
viticulteur,propriete r_social_tie,r_social_tie
pecheur,flotte r_social_tie,r_social_tie
marin,flotte r_social_tie,r_social_tie
capitaine,flotte r_social_tie,r_social_tie
pilote,compagnie r_social_tie,r_social_tie
hotesse,compagnie r_social_tie,r_social_tie
conducteur,ligne r_social_tie,r_social_tie
chauffeur,ligne r_social_tie,r_social_tie
routier,route r_social_tie,r_social_tie
livreur,tournee r_social_tie,r_social_tie
facteur,tournee r_social_tie,r_social_tie
postier,poste r_social_tie,r_social_tie
journaliste,redaction r_social_tie,r_social_tie
reporter,redaction r_social_tie,r_social_tie
redacteur,redaction r_social_tie,r_social_tie
ecrivain,litterature r_social_tie,r_social_tie
auteur,litterature r_social_tie,r_social_tie
romancier,litterature r_social_tie,r_social_tie
dramaturge,scene r_social_tie,r_social_tie
scenariste,production r_social_tie,r_social_tie
realisateur,production r_social_tie,r_social_tie
acteur,troupe r_social_tie,r_social_tie
comedien,scene r_social_tie,r_social_tie
artiste,troupe r_social_tie,r_social_tie
chanteur,troupe r_social_tie,r_social_tie
musicien,formation r_social_tie,r_social_tie
chef,formation r_social_tie,r_social_tie
soliste,formation r_social_tie,r_social_tie
danseur,troupe r_social_tie,r_social_tie
choregraphe,troupe r_social_tie,r_social_tie
peintre,galerie r_social_tie,r_social_tie
sculpteur,galerie r_social_tie,r_social_tie
photographe,agence r_social_tie,r_social_tie
dessinateur,agence r_social_tie,r_social_tie
illustrateur,agence r_social_tie,r_social_tie
designer,agence r_social_tie,r_social_tie
styliste,maison r_social_tie,r_social_tie
modeliste,maison r_social_tie,r_social_tie
mannequin,agence r_social_tie,r_social_tie
sportif,federation r_social_tie,r_social_tie
athlete,federation r_social_tie,r_social_tie
joueur,ligue r_social_tie,r_social_tie
footballeur,ligue r_social_tie,r_social_tie
basketteur,ligue r_social_tie,r_social_tie
tennismann,federation r_social_tie,r_social_tie
cycliste,federation r_social_tie,r_social_tie
nageur,federation r_social_tie,r_social_tie
skieur,federation r_social_tie,r_social_tie
boxeur,federation r_social_tie,r_social_tie
judoka,federation r_social_tie,r_social_tie
karateka,federation r_social_tie,r_social_tie
entraineur,federation r_social_tie,r_social_tie
coach,equipe r_social_tie,r_social_tie
preparateur,equipe r_social_tie,r_social_tie
arbitre,federation r_social_tie,r_social_tie
patron,etablissement r_social_tie,r_social_tie
gerant,hotel r_social_tie,r_social_tie
superviseur,site r_social_tie,r_social_tie
coordinateur,evenement r_social_tie,r_social_tie
capitaine,vaisseau r_social_tie,r_social_tie
commandant,poste r_social_tie,r_social_tie
major,bataillon r_social_tie,r_social_tie
lieutenant,detachement r_social_tie,r_social_tie
sergent,escouade r_social_tie,r_social_tie
caporal,section r_social_tie,r_social_tie
soldat,regiment r_social_tie,r_social_tie
membre,comite r_social_tie,r_social_tie
mere,foyer r_social_tie,r_social_tie
fils,pere r_social_tie,r_social_tie
fille,pere r_social_tie,r_social_tie
frere,famille r_social_tie,r_social_tie
grand pere,lignee r_social_tie,r_social_tie
grand mere,lignee r_social_tie,r_social_tie
oncle,famille r_social_tie,r_social_tie
cousin,cousin r_social_tie,r_social_tie
niece,oncle r_social_tie,r_social_tie
parrain,enfant r_social_tie,r_social_tie
epoux,mariage r_social_tie,r_social_tie
mari,couple r_social_tie,r_social_tie
femme,couple r_social_tie,r_social_tie
conjoint,couple r_social_tie,r_social_tie
compagnon,relation r_social_tie,r_social_tie
fiance,engagement r_social_tie,r_social_tie
amant,femme r_social_tie,r_social_tie
ami,personne r_social_tie,r_social_tie
camarade,eleve r_social_tie,r_social_tie
copain,garcon r_social_tie,r_social_tie
collegue,collegue r_social_tie,r_social_tie
confrere,confrere r_social_tie,r_social_tie
consœur,consœur r_social_tie,r_social_tie
associe,societe r_social_tie,r_social_tie
partenaire,projet r_social_tie,r_social_tie
coequipier,joueur r_social_tie,r_social_tie
complice,plan r_social_tie,r_social_tie
allie,guerre r_social_tie,r_social_tie
partisan,chef r_social_tie,r_social_tie
adherent,club r_social_tie,r_social_tie
militant,parti r_social_tie,r_social_tie
sympathisant,mouvement r_social_tie,r_social_tie
supporter,joueur r_social_tie,r_social_tie
fan,groupe r_social_tie,r_social_tie
admirateur,artiste r_social_tie,r_social_tie
disciple,philosophe r_social_tie,r_social_tie
eleve,maitre r_social_tie,r_social_tie
etudiant,professeur r_social_tie,r_social_tie
ecolier,instituteur r_social_tie,r_social_tie
apprenant,formateur r_social_tie,r_social_tie
apprenti,artisan r_social_tie,r_social_tie
novice,ordre r_social_tie,r_social_tie
debutant,metier r_social_tie,r_social_tie
professeur,eleve r_social_tie,r_social_tie
enseignant,classe r_social_tie,r_social_tie
maitre,atelier r_social_tie,r_social_tie
formateur,centre r_social_tie,r_social_tie
instructeur,academie r_social_tie,r_social_tie
tuteur,etudiant r_social_tie,r_social_tie
mentor,jeune r_social_tie,r_social_tie
guide,touriste r_social_tie,r_social_tie
conseiller,personne r_social_tie,r_social_tie
specialiste,secteur r_social_tie,r_social_tie
consultant,societe r_social_tie,r_social_tie
medecin,hopital r_social_tie,r_social_tie
docteur,clinique r_social_tie,r_social_tie
chirurgien,service r_social_tie,r_social_tie
therapeute,centre r_social_tie,r_social_tie
psychologue,cabinet r_social_tie,r_social_tie
psychiatre,hopital r_social_tie,r_social_tie
avocat,cabinet r_social_tie,r_social_tie
notaire,office r_social_tie,r_social_tie
procureur,tribunal r_social_tie,r_social_tie
magistrat,tribunal r_social_tie,r_social_tie
huissier,tribunal r_social_tie,r_social_tie
gendarme,gendarmerie r_social_tie,r_social_tie
garde,batiment r_social_tie,r_social_tie
sauveteur,station r_social_tie,r_social_tie
religieux,communaute r_social_tie,r_social_tie
senateur,departement r_social_tie,r_social_tie
ministre,ministere r_social_tie,r_social_tie
conseiller,maire r_social_tie,r_social_tie
prefet,prefecture r_social_tie,r_social_tie
consul,pays r_social_tie,r_social_tie
diplomate,pays r_social_tie,r_social_tie
employe,entreprise r_social_tie,r_social_tie
ouvrier,chantier r_social_tie,r_social_tie
artisan,metier r_social_tie,r_social_tie
commercant,commerce r_social_tie,r_social_tie
caissier,magasin r_social_tie,r_social_tie
chef,restaurant r_social_tie,r_social_tie
poissonnier,marche r_social_tie,r_social_tie
fleuriste,magasin r_social_tie,r_social_tie
estheticienne,salon r_social_tie,r_social_tie
courtier,societe r_social_tie,r_social_tie
architecte,bureau r_social_tie,r_social_tie
technicien,bureau r_social_tie,r_social_tie
electricien,societe r_social_tie,r_social_tie
jardinier,propriete r_social_tie,r_social_tie
paysagiste,societe r_social_tie,r_social_tie
paysan,ferme r_social_tie,r_social_tie
vigneron,domaine r_social_tie,r_social_tie
routier,societe r_social_tie,r_social_tie
livreur,entreprise r_social_tie,r_social_tie
reporter,journal r_social_tie,r_social_tie
editeur,edition r_social_tie,r_social_tie
poete,recueil r_social_tie,r_social_tie
acteur,film r_social_tie,r_social_tie
comedien,spectacle r_social_tie,r_social_tie
artiste,galerie r_social_tie,r_social_tie
chanteur,chanson r_social_tie,r_social_tie
musicien,groupe r_social_tie,r_social_tie
compositeur,symphonie r_social_tie,r_social_tie
soliste,opera r_social_tie,r_social_tie
danseur,spectacle r_social_tie,r_social_tie
choregraphe,spectacle r_social_tie,r_social_tie
sculpteur,œuvre r_social_tie,r_social_tie
photographe,photo r_social_tie,r_social_tie
dessinateur,dessin r_social_tie,r_social_tie
illustrateur,illustration r_social_tie,r_social_tie
graphiste,projet r_social_tie,r_social_tie
designer,projet r_social_tie,r_social_tie
couturier,robe r_social_tie,r_social_tie
sportif,club r_social_tie,r_social_tie
athlete,equipe r_social_tie,r_social_tie
joueur,equipe r_social_tie,r_social_tie
footballeur,club r_social_tie,r_social_tie
basketteur,equipe r_social_tie,r_social_tie
tennismann,club r_social_tie,r_social_tie
nageur,equipe r_social_tie,r_social_tie
skieur,club r_social_tie,r_social_tie
boxeur,salle r_social_tie,r_social_tie
judoka,club r_social_tie,r_social_tie
karateka,dojo r_social_tie,r_social_tie
coach,athlete r_social_tie,r_social_tie
preparateur,athlete r_social_tie,r_social_tie
juge,epreuve r_social_tie,r_social_tie
mere,famille r_social_tie,r_social_tie
fils,mere r_social_tie,r_social_tie
neveu,tante r_social_tie,r_social_tie
epoux,femme r_social_tie,r_social_tie
femme,famille r_social_tie,r_social_tie
conjoint,personne r_social_tie,r_social_tie
compagnon,femme r_social_tie,r_social_tie
roman,science fiction r_topic,r_topic
piece,theatre r_topic,r_topic
exposition,peinture r_topic,r_topic
festival,musique r_topic,r_topic
theorie,l art r_topic,r_topic
cours,philosophie r_topic,r_topic
manuel,grammaire r_topic,r_topic
recherche,linguistique r_topic,r_topic
these,sociologie r_topic,r_topic
article,physique r_topic,r_topic
conference,biologie r_topic,r_topic
projet,robotique r_topic,r_topic
seance,meditation r_topic,r_topic
livre,nutrition r_topic,r_topic
atelier,yoga r_topic,r_topic
etude,psychologie r_topic,r_topic
rapport,marche r_topic,r_topic
enquete,sociologie r_topic,r_topic
strategie,communication r_topic,r_topic
documentaire,nature r_topic,r_topic
projet,permaculture r_topic,r_topic
conference,developpement durable r_topic,r_topic
match,football r_topic,r_topic
cours,danse r_topic,r_topic
tournoi,tennis r_topic,r_topic
blog,cybersecurite r_topic,r_topic
tutoriel,programmation r_topic,r_topic
forum,gaming r_topic,r_topic
atelier,poterie r_topic,r_topic
cours,couture r_topic,r_topic
demonstration,forge r_topic,r_topic
stage,menuiserie r_topic,r_topic
recette,patisserie r_topic,r_topic
cours,cuisine r_topic,r_topic
livre,gastronomie r_topic,r_topic
degustation,vin r_topic,r_topic
film,guerre r_topic,r_topic
essai,litterature r_topic,r_topic
seminaire,droit r_topic,r_topic
analyse,texte r_topic,r_topic
creation,mode r_topic,r_topic
concours,poesie r_topic,r_topic
discussion,politique r_topic,r_topic
presentation,design r_topic,r_topic
exercice,maths r_topic,r_topic
experience,chimie r_topic,r_topic
discours,rhetorique r_topic,r_topic
pratique,meditation r_topic,r_topic
evaluation,projet r_topic,r_topic
simulation,vol r_topic,r_topic
test,logiciel r_topic,r_topic
animation,communaute r_topic,r_topic
redaction,contrat r_topic,r_topic
interpretation,reve r_topic,r_topic
gestion,crise r_topic,r_topic
planification,voyage r_topic,r_topic
reflexion,strategie r_topic,r_topic
creation,contenu r_topic,r_topic
optimisation,processus r_topic,r_topic
analyse,tendance r_topic,r_topic
developpement,produit r_topic,r_topic
formation,leadership r_topic,r_topic
exploration,culture r_topic,r_topic
discussion,societe r_topic,r_topic
pratique,sport r_topic,r_topic
experimentation,science r_topic,r_topic
creation,musique r_topic,r_topic
realisation,film r_topic,r_topic
ecriture,scenario r_topic,r_topic
conception,jeu r_topic,r_topic
animation,reseau r_topic,r_topic
gestion,donnees r_topic,r_topic
evaluation,performance r_topic,r_topic
planification,carriere r_topic,r_topic
analyse,comportement r_topic,r_topic
developpement,competence r_topic,r_topic
creation,marque r_topic,r_topic
optimisation,site r_topic,r_topic
redaction,rapport r_topic,r_topic
interpretation,resultat r_topic,r_topic
organisation,reunion r_topic,r_topic
gestion,budget r_topic,r_topic
planification,menu r_topic,r_topic
reflexion,design r_topic,r_topic
creation,logo r_topic,r_topic
developpement,logiciel r_topic,r_topic
analyse,marche r_topic,r_topic
discussion,projet r_topic,r_topic
evaluation,risque r_topic,r_topic
redaction,manuel r_topic,r_topic
interpretation,loi r_topic,r_topic
organisation,conference r_topic,r_topic
gestion,stock r_topic,r_topic
planification,campagne r_topic,r_topic
film,comedie r_topic,r_topic
livre,poesie r_topic,r_topic
cours,dessin r_topic,r_topic
conference,medecine r_topic,r_topic
debat,philosophie r_topic,r_topic
etude,geologie r_topic,r_topic
seminaire,marketing r_topic,r_topic
essai,critique r_topic,r_topic
theorie,musique r_topic,r_topic
analyse,style r_topic,r_topic
discussion,cinema r_topic,r_topic
lecon,geographie r_topic,r_topic
exercice,logique r_topic,r_topic
experience,biologie r_topic,r_topic
observation,botanique r_topic,r_topic
discours,politique r_topic,r_topic
simulation,gestion r_topic,r_topic
test,produit r_topic,r_topic
interpretation,texte r_topic,r_topic
experimentation,chimie r_topic,r_topic
realisation,documentaire r_topic,r_topic
ecriture,roman r_topic,r_topic
conception,jeu video r_topic,r_topic
animation,reseau social r_topic,r_topic
optimisation,site web r_topic,r_topic
film,science fiction r_topic,r_topic
livre,cuisine r_topic,r_topic
debat,politique r_topic,r_topic
rapport,finance r_topic,r_topic
seminaire,communication r_topic,r_topic
atelier,peinture r_topic,r_topic
analyse,mode r_topic,r_topic
presentation,technologie r_topic,r_topic
observation,nature r_topic,r_topic
discours,justice r_topic,r_topic
test,securite r_topic,r_topic
redaction,loi r_topic,r_topic
interpretation,poesie r_topic,r_topic
organisation,culture r_topic,r_topic
realisation,video r_topic,r_topic
ecriture,fiction r_topic,r_topic
conception,mode r_topic,r_topic
animation,formation r_topic,r_topic
gestion,qualite r_topic,r_topic
evaluation,tendance r_topic,r_topic
redaction,critique r_topic,r_topic
gestion,production r_topic,r_topic
reflexion,creativite r_topic,r_topic
optimisation,performance r_topic,r_topic
analyse,consommation r_topic,r_topic
discussion,sante r_topic,r_topic
pratique,danse r_topic,r_topic
realisation,recherche r_topic,r_topic
ecriture,poesie r_topic,r_topic
conception,strategie r_topic,r_topic
animation,reunion r_topic,r_topic
gestion,logistique r_topic,r_topic
evaluation,satisfaction r_topic,r_topic
redaction,documentation r_topic,r_topic
interpretation,donnee r_topic,r_topic
organisation,manifestation r_topic,r_topic
gestion,ressource r_topic,r_topic
planification,formation r_topic,r_topic
reflexion,communication r_topic,r_topic
creation,valeur r_topic,r_topic
optimisation,chaine r_topic,r_topic
analyse,concurrence r_topic,r_topic
developpement,vision r_topic,r_topic
formation,pensee r_topic,r_topic
experimentation,physique r_topic,r_topic
realisation,performance r_topic,r_topic
ecriture,chanson r_topic,r_topic
conception,solution r_topic,r_topic
gestion,transition r_topic,r_topic
evaluation,qualite r_topic,r_topic
redaction,synthese r_topic,r_topic
interpretation,tendance r_topic,r_topic
organisation,rencontre r_topic,r_topic
gestion,connaissance r_topic,r_topic
planification,strategie r_topic,r_topic
reflexion,decision r_topic,r_topic
creation,synergie r_topic,r_topic
optimisation,methode r_topic,r_topic
analyse,demande r_topic,r_topic
formation,competence r_topic,r_topic
exploration,tradition r_topic,r_topic
pratique,relaxation r_topic,r_topic
experimentation,biologie r_topic,r_topic
realisation,mission r_topic,r_topic
ecriture,nouvelle r_topic,r_topic
conception,campagne r_topic,r_topic
animation,session r_topic,r_topic
gestion,transformation r_topic,r_topic
redaction,proposition r_topic,r_topic
interpretation,regle r_topic,r_topic
organisation,journee r_topic,r_topic
gestion,relation r_topic,r_topic
planification,transition r_topic,r_topic
theme,conference r_topic,r_topic
histoire,peinture r_topic,r_topic
theorie,relativite r_topic,r_topic
principe,physique r_topic,r_topic
etude,linguistique r_topic,r_topic
analyse,litterature r_topic,r_topic
creation,sculpture r_topic,r_topic
discussion,philosophie r_topic,r_topic
evolution,technologie r_topic,r_topic
fondement,psychologie r_topic,r_topic
theme,poesie r_topic,r_topic
concept,liberte r_topic,r_topic
theorie,communication r_topic,r_topic
histoire,musique r_topic,r_topic
analyse,societe r_topic,r_topic
theme,science fiction r_topic,r_topic
principe,chimie r_topic,r_topic
etude,biologie r_topic,r_topic
theorie,l economie r_topic,r_topic
creation,danse r_topic,r_topic
theme,justice r_topic,r_topic
principe,gestion r_topic,r_topic
etude,sociologie r_topic,r_topic
discussion,culture r_topic,r_topic
histoire,photographie r_topic,r_topic
analyse,publicite r_topic,r_topic
theme,nature r_topic,r_topic
principe,l ecologie r_topic,r_topic
etude,geographie r_topic,r_topic
theorie,l education r_topic,r_topic
creation,gastronomie r_topic,r_topic
analyse,finance r_topic,r_topic
theme,robotique r_topic,r_topic
principe,l informatique r_topic,r_topic
etude,logique r_topic,r_topic
discussion,spiritualite r_topic,r_topic
theorie,physique quantique r_topic,r_topic
pratique,pleine conscience r_topic,r_topic
histoire,l architecture r_topic,r_topic
analyse,communication non verbale r_topic,r_topic
theme,mythologie r_topic,r_topic
principe,durabilite r_topic,r_topic
etude,demographie r_topic,r_topic
discussion,mondialisation r_topic,r_topic
theorie,creativite r_topic,r_topic
creation,joaillerie r_topic,r_topic
theme,migration r_topic,r_topic
principe,thermodynamique r_topic,r_topic
etude,neurologie r_topic,r_topic
discussion,diversite r_topic,r_topic
theorie,motivation r_topic,r_topic
pratique,respiration r_topic,r_topic
histoire,mode vintage r_topic,r_topic
analyse,publicite digitale r_topic,r_topic
theme,futurisme r_topic,r_topic
principe,cryptographie r_topic,r_topic
etude,genetique r_topic,r_topic
discussion,gouvernance r_topic,r_topic
theorie,complexite r_topic,r_topic
creation,ceramique r_topic,r_topic
analyse,mobilite urbaine r_topic,r_topic
theme,robotique sociale r_topic,r_topic
principe,mecanique quantique r_topic,r_topic
etude,psychanalyse r_topic,r_topic
discussion,bioethique r_topic,r_topic
theorie,narratologie r_topic,r_topic
pratique,visualisation r_topic,r_topic
histoire,typographie r_topic,r_topic
analyse,sociolinguistique r_topic,r_topic
theme,cybersecurite r_topic,r_topic
principe,nanotechnologie r_topic,r_topic
etude,paleontologie r_topic,r_topic
discussion,geopolitique r_topic,r_topic
theorie,cognition r_topic,r_topic
creation,marionnette r_topic,r_topic
analyse,consommation durable r_topic,r_topic
theme,realite virtuelle r_topic,r_topic
principe,biotechnologie r_topic,r_topic
etude,climatologie r_topic,r_topic
discussion,philosophie morale r_topic,r_topic
theorie,semiotique r_topic,r_topic
pratique,calligraphie r_topic,r_topic
histoire,cartographie r_topic,r_topic
analyse,communication interpersonnelle r_topic,r_topic
theme,robotique collaborative r_topic,r_topic
principe,physique des particules r_topic,r_topic
etude,psychologie sociale r_topic,r_topic
discussion,justice sociale r_topic,r_topic
theorie,communication visuelle r_topic,r_topic
creation,mosaique r_topic,r_topic
analyse,consommation responsable r_topic,r_topic
theme,l intelligence artificielle r_topic,r_topic
principe,genomique r_topic,r_topic
discussion,philosophie politique r_topic,r_topic
theorie,linguistique computationnelle r_topic,r_topic
pratique,meditation guidee r_topic,r_topic
histoire,gravure r_topic,r_topic
analyse,communication interculturelle r_topic,r_topic
theme,robotique medicale r_topic,r_topic
principe,physique nucleaire r_topic,r_topic
etude,sociologie urbaine r_topic,r_topic
discussion,justice environnementale r_topic,r_topic
theorie,communication organisationnelle r_topic,r_topic
creation,broderie r_topic,r_topic
analyse,consommation collaborative r_topic,r_topic
theme,realite augmentee r_topic,r_topic
principe,bio informatique r_topic,r_topic
etude,meteorologie r_topic,r_topic
discussion,philosophie de l esprit r_topic,r_topic
theorie,pragmatique r_topic,r_topic
pratique,relaxation musculaire r_topic,r_topic
histoire,lithographie r_topic,r_topic
analyse,communication non violente r_topic,r_topic
theme,robotique industrielle r_topic,r_topic
principe,physique des materiaux r_topic,r_topic
etude,psychologie cognitive r_topic,r_topic
discussion,justice economique r_topic,r_topic
theorie,communication de masse r_topic,r_topic
creation,poterie r_topic,r_topic
analyse,consommation locale r_topic,r_topic
theme,blockchain r_topic,r_topic
principe,neurobiologie r_topic,r_topic
etude,volcanologie r_topic,r_topic
discussion,philosophie analytique r_topic,r_topic
theorie,rhetorique r_topic,r_topic
pratique,coherence cardiaque r_topic,r_topic
histoire,serigraphie r_topic,r_topic
analyse,communication digitale r_topic,r_topic
theme,robotique agricole r_topic,r_topic
principe,physique des fluides r_topic,r_topic
etude,psychologie du developpement r_topic,r_topic
discussion,justice reproductive r_topic,r_topic
theorie,communication politique r_topic,r_topic
creation,verrerie r_topic,r_topic
analyse,consommation ethique r_topic,r_topic
theme,l internet des objets r_topic,r_topic
principe,biologie moleculaire r_topic,r_topic
etude,sismologie r_topic,r_topic
discussion,philosophie continentale r_topic,r_topic
theorie,stylistique r_topic,r_topic
pratique,sophrologie r_topic,r_topic
histoire,gravure sur bois r_topic,r_topic
analyse,communication interne r_topic,r_topic
theme,robotique domestique r_topic,r_topic
principe,physique des ondes r_topic,r_topic
etude,psychologie clinique r_topic,r_topic
discussion,justice transitionnelle r_topic,r_topic
theorie,communication intergenerationnelle r_topic,r_topic
pratique d une technique,relaxation r_topic,r_topic
film,quete initiatique r_topic,r_topic
livre,mystere historique r_topic,r_topic
cours,principe scientifique r_topic,r_topic
conference,decouverte medicale r_topic,r_topic
debat,controverse sociale r_topic,r_topic
projet,utopie urbaine r_topic,r_topic
etude,tradition ancestrale r_topic,r_topic
rapport,crise economique r_topic,r_topic
seminaire,innovation pedagogique r_topic,r_topic
atelier,technique de sculpture r_topic,r_topic
essai,reflexion metaphysique r_topic,r_topic
theorie,phenomene psychologique r_topic,r_topic
analyse,dynamique culturelle r_topic,r_topic
discussion,defi environnemental r_topic,r_topic
presentation,avancee technologique r_topic,r_topic
lecon,concept philosophique r_topic,r_topic
exercice,regle syntaxique r_topic,r_topic
experience,principe chimique r_topic,r_topic
observation,comportement humain r_topic,r_topic
discours,valeur universelle r_topic,r_topic
pratique,discipline martiale r_topic,r_topic
evaluation,œuvre cinematographique r_topic,r_topic
simulation,scenario politique r_topic,r_topic
test,theorie sociologique r_topic,r_topic
animation,legende populaire r_topic,r_topic
redaction,recit mythologique r_topic,r_topic
interpretation,symbole culturel r_topic,r_topic
organisation,evenement caritatif r_topic,r_topic
gestion,conflit international r_topic,r_topic
planification,objectif ecologique r_topic,r_topic
reflexion,paradoxe philosophique r_topic,r_topic
creation,style musical r_topic,r_topic
realisation,vision artistique r_topic,r_topic
ecriture,intrigue policiere r_topic,r_topic
conception,univers dystopique r_topic,r_topic
animation,tradition orale r_topic,r_topic
gestion,patrimoine historique r_topic,r_topic
evaluation,performance sportive r_topic,r_topic
redaction,traite scientifique r_topic,r_topic
interpretation,mythe moderne r_topic,r_topic
organisation,festival gastronomique r_topic,r_topic
gestion,enjeu societal r_topic,r_topic
planification,projet humanitaire r_topic,r_topic
reflexion,concept philosophique r_topic,r_topic
creation,mouvement culturel r_topic,r_topic
optimisation,methode educative r_topic,r_topic
analyse,tendance technologique r_topic,r_topic
developpement,idee revolutionnaire r_topic,r_topic
formation,competence technique r_topic,r_topic
exploration,culture regionale r_topic,r_topic
discussion,question ethique r_topic,r_topic
pratique,activite manuelle r_topic,r_topic
experimentation,hypothese physique r_topic,r_topic
realisation,performance artistique r_topic,r_topic
ecriture,histoire fantastique r_topic,r_topic
conception,jeu educatif r_topic,r_topic
animation,emission culturelle r_topic,r_topic
gestion,ressource energetique r_topic,r_topic
evaluation,politique sociale r_topic,r_topic
redaction,essai litteraire r_topic,r_topic
interpretation,texte philosophique r_topic,r_topic
organisation,exposition scientifique r_topic,r_topic
gestion,changement organisationnel r_topic,r_topic
planification,campagne ecologique r_topic,r_topic
reflexion,strategie commerciale r_topic,r_topic
creation,design futuriste r_topic,r_topic
optimisation,technique artisanale r_topic,r_topic
analyse,dynamique economique r_topic,r_topic
developpement,vision artistique r_topic,r_topic
formation,equipe creative r_topic,r_topic
exploration,tradition culinaire r_topic,r_topic
discussion,problematique contemporaine r_topic,r_topic
pratique,methode de relaxation r_topic,r_topic
experimentation,theorie biologique r_topic,r_topic
realisation,œuvre theatrale r_topic,r_topic
ecriture,poeme epique r_topic,r_topic
conception,espace vert r_topic,r_topic
animation,debat intellectuel r_topic,r_topic
gestion,projet collaboratif r_topic,r_topic
evaluation,pratique medicale r_topic,r_topic
redaction,guide pratique r_topic,r_topic
interpretation,phenomene naturel r_topic,r_topic
organisation,atelier creatif r_topic,r_topic
gestion,budget associatif r_topic,r_topic
planification,voyage d etudes r_topic,r_topic
reflexion,question existentielle r_topic,r_topic
film,futur r_topic,r_topic
livre,developpement personnel r_topic,r_topic
cours,management r_topic,r_topic
conference,leadership r_topic,r_topic
debat,progres r_topic,r_topic
projet,renouveau urbain r_topic,r_topic
etude,comportement humain r_topic,r_topic
rapport,marche immobilier r_topic,r_topic
seminaire,marketing digital r_topic,r_topic
atelier,dessin r_topic,r_topic
essai,minimalisme r_topic,r_topic
theorie,chaos r_topic,r_topic
analyse,langage corporel r_topic,r_topic
discussion,rechauffement climatique r_topic,r_topic
presentation,design moderne r_topic,r_topic
lecon,calcul mental r_topic,r_topic
exercice,raisonnement logique r_topic,r_topic
experience,sommeil r_topic,r_topic
observation,ciel etoile r_topic,r_topic
discours,bonheur r_topic,r_topic
pratique,yoga r_topic,r_topic
evaluation,travail d equipe r_topic,r_topic
simulation,commerce international r_topic,r_topic
test,stress r_topic,r_topic
animation,patrimoine culturel r_topic,r_topic
redaction,roman historique r_topic,r_topic
organisation,teletravail r_topic,r_topic
gestion,temps r_topic,r_topic
planification,succes r_topic,r_topic
reflexion,sens de la vie r_topic,r_topic
creation,style minimaliste r_topic,r_topic
realisation,potentiel humain r_topic,r_topic
ecriture,scenario dramatique r_topic,r_topic
conception,jeu video educatif r_topic,r_topic
animation,debat public r_topic,r_topic
gestion,changement r_topic,r_topic
evaluation,bien etre r_topic,r_topic
interpretation,langage symbolique r_topic,r_topic
organisation,festival artistique r_topic,r_topic
gestion,conflit r_topic,r_topic
planification,voyage culturel r_topic,r_topic
reflexion,libre arbitre r_topic,r_topic
creation,mouvement artistique r_topic,r_topic
optimisation,processus industriel r_topic,r_topic
analyse,marche financier r_topic,r_topic
developpement,leadership r_topic,r_topic
formation,caractere r_topic,r_topic
exploration,subconscient r_topic,r_topic
discussion,role social r_topic,r_topic
pratique,sport extreme r_topic,r_topic
experimentation,son r_topic,r_topic
realisation,projet creatif r_topic,r_topic
ecriture,poeme lyrique r_topic,r_topic
conception,jardin ecologique r_topic,r_topic
animation,forum scientifique r_topic,r_topic
gestion,risque financier r_topic,r_topic
evaluation,rendement r_topic,r_topic
redaction,memoire universitaire r_topic,r_topic
interpretation,texte sacre r_topic,r_topic
organisation,concours litteraire r_topic,r_topic
gestion,patrimoine naturel r_topic,r_topic
planification,developpement durable r_topic,r_topic
reflexion,destin r_topic,r_topic
creation,design innovant r_topic,r_topic
optimisation,systeme informatique r_topic,r_topic
analyse,comportement consommateur r_topic,r_topic
developpement,potentiel creatif r_topic,r_topic
formation,personnel r_topic,r_topic
exploration,monde marin r_topic,r_topic
discussion,role des medias r_topic,r_topic
pratique,sport collectif r_topic,r_topic
experimentation,gout r_topic,r_topic
realisation,film documentaire r_topic,r_topic
ecriture,conte philosophique r_topic,r_topic
conception,mobilier moderne r_topic,r_topic
animation,debat politique r_topic,r_topic
gestion,projet international r_topic,r_topic
evaluation,niveau de satisfaction r_topic,r_topic
redaction,rapport annuel r_topic,r_topic
interpretation,symbole religieux r_topic,r_topic
organisation,salon professionnel r_topic,r_topic
gestion,stress au travail r_topic,r_topic
planification,budget familial r_topic,r_topic
reflexion,bonheur interieur r_topic,r_topic
film,voyage dans le temps r_topic,r_topic
livre,developpement durable r_topic,r_topic
cours,dessin architectural r_topic,r_topic
conference,futur de l energie r_topic,r_topic
debat,role de l intelligence artificielle r_topic,r_topic
projet,renouveau culturel r_topic,r_topic
etude,cerveau humain r_topic,r_topic
rapport,commerce equitable r_topic,r_topic
seminaire,leadership feminin r_topic,r_topic
atelier,travail du bois r_topic,r_topic
essai,sens de l existence r_topic,r_topic
theorie,multivers r_topic,r_topic
analyse,langage des signes r_topic,r_topic
discussion,droit a la vie privee r_topic,r_topic
presentation,design industriel r_topic,r_topic
lecon,calcul differentiel r_topic,r_topic
exercice,raisonnement critique r_topic,r_topic
experience,vol spatial r_topic,r_topic
observation,comportement animal r_topic,r_topic
discours,pouvoir politique r_topic,r_topic
pratique,tai chi r_topic,r_topic
evaluation,travail collaboratif r_topic,r_topic
simulation,marche boursier r_topic,r_topic
test,stress post traumatique r_topic,r_topic
animation,patrimoine immateriel r_topic,r_topic
redaction,roman d aventure r_topic,r_topic
interpretation,langage corporel r_topic,r_topic
organisation,teletravail efficace r_topic,r_topic
gestion,temps libre r_topic,r_topic
planification,succes professionnel r_topic,r_topic
reflexion,sens de la liberte r_topic,r_topic
creation,style futuriste r_topic,r_topic
realisation,potentiel creatif r_topic,r_topic
ecriture,scenario de science fiction r_topic,r_topic
conception,jeu educatif numerique r_topic,r_topic
animation,debat environnemental r_topic,r_topic
evaluation,bien etre mental r_topic,r_topic
redaction,guide touristique culturel r_topic,r_topic
interpretation,symbole mythologique r_topic,r_topic
organisation,festival de musique classique r_topic,r_topic
gestion,conflit intergenerationnel r_topic,r_topic
planification,voyage d etudes scientifique r_topic,r_topic
reflexion,libre arbitre humain r_topic,r_topic
creation,mouvement artistique contemporain r_topic,r_topic
optimisation,processus de production r_topic,r_topic
analyse,marche de l art r_topic,r_topic
developpement,leadership transformationnel r_topic,r_topic
formation,caractere resilient r_topic,r_topic
exploration,subconscient collectif r_topic,r_topic
discussion,role des reseaux sociaux r_topic,r_topic
pratique,sport adaptatif r_topic,r_topic
experimentation,son binaural r_topic,r_topic
realisation,projet artistique collaboratif r_topic,r_topic
ecriture,poeme epique moderne r_topic,r_topic
conception,jardin therapeutique r_topic,r_topic
animation,forum sur l innovation r_topic,r_topic
gestion,risque environnemental r_topic,r_topic
evaluation,rendement scolaire r_topic,r_topic
redaction,memoire sur l histoire contemporaine r_topic,r_topic
interpretation,texte philosophique antique r_topic,r_topic
organisation,concours de poesie r_topic,r_topic
gestion,patrimoine architectural r_topic,r_topic
planification,developpement urbain durable r_topic,r_topic
reflexion,destin humain r_topic,r_topic
creation,design d interieur minimaliste r_topic,r_topic
optimisation,systeme de transport public r_topic,r_topic
analyse,comportement du consommateur en ligne r_topic,r_topic
developpement,potentiel artistique r_topic,r_topic
formation,personnel medical r_topic,r_topic
exploration,monde sous marin r_topic,r_topic
discussion,role des medias sociaux r_topic,r_topic
pratique,sport extreme en montagne r_topic,r_topic
experimentation,gout moleculaire r_topic,r_topic
realisation,film documentaire animalier r_topic,r_topic
ecriture,conte philosophique moderne r_topic,r_topic
conception,mobilier ecoresponsable r_topic,r_topic
animation,debat sur l ethique scientifique r_topic,r_topic
gestion,projet humanitaire international r_topic,r_topic
evaluation,niveau de satisfaction client r_topic,r_topic
redaction,rapport sur la biodiversite r_topic,r_topic
interpretation,symbole religieux universel r_topic,r_topic
organisation,salon de l emploi r_topic,r_topic
gestion,stress en entreprise r_topic,r_topic
planification,budget familial equilibre r_topic,r_topic
reflexion,bonheur dans les societes modernes r_topic,r_topic
documentaire,espece menacee r_topic,r_topic
etude,phenomene climatique r_topic,r_topic
conference,decouverte archeologique r_topic,r_topic
seminaire,courant philosophique r_topic,r_topic
atelier,technique picturale r_topic,r_topic
cours,langage de programmation r_topic,r_topic
formation,methode agile r_topic,r_topic
debat,reforme sociale r_topic,r_topic
analyse,texte classique r_topic,r_topic
recherche,traitement medical r_topic,r_topic
projet,ville intelligente r_topic,r_topic
exposition,artiste contemporain r_topic,r_topic
spectacle,compagnie de danse r_topic,r_topic
concert,orchestre symphonique r_topic,r_topic
piece,dramaturge moderne r_topic,r_topic
roman,epoque historique r_topic,r_topic
essai,pensee politique r_topic,r_topic
poeme,sentiment amoureux r_topic,r_topic
nouvelle,fait divers r_topic,r_topic
biographie,scientifique r_topic,r_topic
memoire,evenement traumatique r_topic,r_topic
these,hypothese linguistique r_topic,r_topic
enquete,crime complexe r_topic,r_topic
reportage,zone de conflit r_topic,r_topic
interview,personnalite politique r_topic,r_topic
portfolio,photographe r_topic,r_topic
catalogue,collection r_topic,r_topic
manuel,logiciel r_topic,r_topic
guide,destination r_topic,r_topic
blog,passion r_topic,r_topic
podcast,sujet d actualite r_topic,r_topic
webinaire,technologie r_topic,r_topic
tutoriel,application r_topic,r_topic
forum,communaute r_topic,r_topic
reseau,domaine professionnel r_topic,r_topic
application,theorie r_topic,r_topic
implementation,algorithme r_topic,r_topic
developpement,prototype r_topic,r_topic
test,interface r_topic,r_topic
evaluation,systeme r_topic,r_topic
audit,organisation r_topic,r_topic
consultation,expert r_topic,r_topic
coaching,equipe r_topic,r_topic
mentorat,jeune r_topic,r_topic
parrainage,projet r_topic,r_topic
mecenat,institution r_topic,r_topic
financement,startup r_topic,r_topic
levee,capital r_topic,r_topic
investissement,opportunite r_topic,r_topic
acquisition,entreprise r_topic,r_topic
fusion,groupe r_topic,r_topic
restructuration,service r_topic,r_topic
modernisation,infrastructure r_topic,r_topic
numerisation,processus r_topic,r_topic
automatisation,tache r_topic,r_topic
robotisation,usine r_topic,r_topic
intelligence,systeme r_topic,r_topic
apprentissage,machine r_topic,r_topic
reseau,neurone r_topic,r_topic
algorithme,recherche r_topic,r_topic
programme,ordinateur r_topic,r_topic
code,application r_topic,r_topic
securite,reseau r_topic,r_topic
cryptographie,message r_topic,r_topic
blockchain,transaction r_topic,r_topic
bitcoin,marche r_topic,r_topic
nft,artiste r_topic,r_topic
metaverse,univers r_topic,r_topic
realite,experience r_topic,r_topic
augmentation,perception r_topic,r_topic
virtuel,monde r_topic,r_topic
simulation,environnement r_topic,r_topic
immersion,jeu r_topic,r_topic
interaction,utilisateur r_topic,r_topic
interface,dispositif r_topic,r_topic
experience,client r_topic,r_topic
satisfaction,utilisateur r_topic,r_topic
analyse,donnees r_topic,r_topic
etude,marche r_topic,r_topic
gestion,projet r_topic,r_topic
creation,site r_topic,r_topic
optimisation,referencement r_topic,r_topic
marketing,contenu r_topic,r_topic
controle,qualite r_topic,r_topic
planification,budget r_topic,r_topic
organisation,evenement r_topic,r_topic
coordination,equipe r_topic,r_topic
supervision,departement r_topic,r_topic
direction,entreprise r_topic,r_topic
leadership,manager r_topic,r_topic
management,ressources r_topic,r_topic
administration,systeme r_topic,r_topic
maintenance,equipement r_topic,r_topic
reparation,materiel r_topic,r_topic
installation,reseau r_topic,r_topic
configuration,serveur r_topic,r_topic
programmation,application r_topic,r_topic
test,fonctionnalite r_topic,r_topic
debogage,code r_topic,r_topic
integration,module r_topic,r_topic
deploiement,solution r_topic,r_topic
sauvegarde,donnees r_topic,r_topic
securite,information r_topic,r_topic
protection,vie privee r_topic,r_topic
cryptage,message r_topic,r_topic
authentification,utilisateur r_topic,r_topic
autorisation,acces r_topic,r_topic
audit,conformite r_topic,r_topic
verification,processus r_topic,r_topic
inspection,produit r_topic,r_topic
certification,norme r_topic,r_topic
accreditation,laboratoire r_topic,r_topic
homologation,materiel r_topic,r_topic
agrement,service r_topic,r_topic
habilitation,personnel r_topic,r_topic
qualification,fournisseur r_topic,r_topic
selection,candidat r_topic,r_topic
recrutement,talent r_topic,r_topic
integration,nouvel employe r_topic,r_topic
developpement,carriere r_topic,r_topic
evolution,poste r_topic,r_topic
mobilite,professionnel r_topic,r_topic
reconversion,activite r_topic,r_topic
transition,metier r_topic,r_topic
adaptation,marche r_topic,r_topic
innovation,produit r_topic,r_topic
amelioration,processus r_topic,r_topic
optimisation,efficacite r_topic,r_topic
augmentation,productivite r_topic,r_topic
reduction,cout r_topic,r_topic
minimisation,risque r_topic,r_topic
prevention,probleme r_topic,r_topic
anticipation,besoin r_topic,r_topic
prevision,tendance r_topic,r_topic
projection,croissance r_topic,r_topic
estimation,budget r_topic,r_topic
calcul,retour r_topic,r_topic
evaluation,investissement r_topic,r_topic
analyse,rentabilite r_topic,r_topic
mesure,performance r_topic,r_topic
suivi,indicateur r_topic,r_topic
reporting,resultat r_topic,r_topic
presentation,donnees r_topic,r_topic
visualisation,information r_topic,r_topic
interpretation,statistique r_topic,r_topic
comprehension,phenomene r_topic,r_topic
explication,cause r_topic,r_topic
identification,facteur r_topic,r_topic
detection,anomalie r_topic,r_topic
diagnostic,probleme r_topic,r_topic
resolution,difficulte r_topic,r_topic
traitement,demande r_topic,r_topic
gestion,reclamation r_topic,r_topic
satisfaction,client r_topic,r_topic
fidelisation,consommateur r_topic,r_topic
retention,abonne r_topic,r_topic
conversion,prospect r_topic,r_topic
acquisition,lead r_topic,r_topic
generation,trafic r_topic,r_topic
augmentation,visibilite r_topic,r_topic
expansion,marche r_topic,r_topic
penetration,secteur r_topic,r_topic
diversification,offre r_topic,r_topic
specialisation,service r_topic,r_topic
positionnement,marque r_topic,r_topic
differenciation,produit r_topic,r_topic
valorisation,entreprise r_topic,r_topic
maximisation,profit r_topic,r_topic
optimisation,fiscalite r_topic,r_topic
gestion,patrimoine r_topic,r_topic
protection,actif r_topic,r_topic
preservation,capital r_topic,r_topic
croissance,valeur r_topic,r_topic
developpement,richesse r_topic,r_topic
creation,emploi r_topic,r_topic
generation,revenu r_topic,r_topic
distribution,dividende r_topic,r_topic
reinvestissement,benefice r_topic,r_topic
financement,projet r_topic,r_topic
levee,fonds r_topic,r_topic
investissement,capital r_topic,r_topic
fusion,societe r_topic,r_topic
rachat,parts r_topic,r_topic
integration,structure r_topic,r_topic
restructuration,dette r_topic,r_topic
optimisation,finance r_topic,r_topic
gestion,tresorerie r_topic,r_topic
controle,cash flow r_topic,r_topic
planification,liquidite r_topic,r_topic
prevision,besoin r_topic,r_topic
couverture,risque r_topic,r_topic
assurance,responsabilite r_topic,r_topic
protection,biens r_topic,r_topic
securite,personnes r_topic,r_topic
prevention,accident r_topic,r_topic
reduction,danger r_topic,r_topic
elimination,menace r_topic,r_topic
neutralisation,risque r_topic,r_topic
controle,production r_topic,r_topic
supervision,chaine r_topic,r_topic
coordination,logistique r_topic,r_topic
optimisation,supply chain r_topic,r_topic
gestion,relation client r_topic,r_topic
amelioration,satisfaction r_topic,r_topic
etude,faisabilite r_topic,r_topic
evaluation,rentabilite r_topic,r_topic
maximisation,valeur r_topic,r_topic
minimisation,perte r_topic,r_topic
reduction,complexite r_topic,r_topic
simplification,procedure r_topic,r_topic
numerisation,documentation r_topic,r_topic
partage,l information r_topic,r_topic
capitalisation,l experience r_topic,r_topic
valorisation,savoir r_topic,r_topic
renforcement,l equipe r_topic,r_topic
motivation,personnel r_topic,r_topic
fidelisation,l employe r_topic,r_topic
retention,talent r_topic,r_topic
attraction,competence r_topic,r_topic
recrutement,l expert r_topic,r_topic
integration,nouvelle recrue r_topic,r_topic
formation,main d œuvre r_topic,r_topic
adaptation,l organisation r_topic,r_topic
transformation,l entreprise r_topic,r_topic
modernisation,l infrastructure r_topic,r_topic
innovation,technologie r_topic,r_topic
evolution,methode r_topic,r_topic
revolution,processus r_topic,r_topic
changement,culture r_topic,r_topic
transition,strategie r_topic,r_topic
transformation,vision r_topic,r_topic
alignement,mission r_topic,r_topic
harmonisation,politique r_topic,r_topic
coherence,direction r_topic,r_topic
stabilite,croissance r_topic,r_topic
perennite,l activite r_topic,r_topic
durabilite,developpement r_topic,r_topic
responsabilite,l entreprise r_topic,r_topic
ethique,decision r_topic,r_topic
transparence,communication r_topic,r_topic
integrite,gestion r_topic,r_topic
confiance,relation r_topic,r_topic
respect,l engagement r_topic,r_topic
loyaute,collaboration r_topic,r_topic
fiabilite,partenaire r_topic,r_topic
serieux,l approche r_topic,r_topic
rigueur,l analyse r_topic,r_topic
precision,calcul r_topic,r_topic
exactitude,mesure r_topic,r_topic
fiabilite,donnee r_topic,r_topic
validite,l information r_topic,r_topic
pertinence,solution r_topic,r_topic
efficacite,methode r_topic,r_topic
efficience,processus r_topic,r_topic
productivite,travail r_topic,r_topic
performance,l equipe r_topic,r_topic
excellence,service r_topic,r_topic
qualite,produit r_topic,r_topic
durabilite,construction r_topic,r_topic
robustesse,structure r_topic,r_topic
fiabilite,systeme r_topic,r_topic
